#
# There is insufficient memory for the Java Runtime Environment to continue.
# Native memory allocation (mmap) failed to map 157286400 bytes. Error detail: G1 virtual space
# Possible reasons:
#   The system is out of physical RAM or swap space
#   This process is running with CompressedOops enabled, and the Java Heap may be blocking the growth of the native heap
# Possible solutions:
#   Reduce memory load on the system
#   Increase physical memory or swap space
#   Check if swap backing store is full
#   Decrease Java heap size (-Xmx/-Xms)
#   Decrease number of Java threads
#   Decrease Java thread stack sizes (-Xss)
#   Set larger code cache with -XX:ReservedCodeCacheSize=
#   JVM is running with Unscaled Compressed Oops mode in which the Java heap is
#     placed in the first 4GB address space. The Java Heap base address is the
#     maximum limit for the native heap growth. Please use -XX:HeapBaseMinAddress
#     to set the Java Heap base and to place the Java Heap above 4GB virtual address.
# This output file may be truncated or incomplete.
#
#  Out of Memory Error (os_windows.cpp:3690), pid=12448, tid=2692
#
# JRE version: OpenJDK Runtime Environment Microsoft-12574423 (17.0.17+10) (build 17.0.17+10-LTS)
# Java VM: OpenJDK 64-Bit Server VM Microsoft-12574423 (17.0.17+10-LTS, mixed mode, sharing, tiered, compressed oops, compressed class ptrs, g1 gc, windows-amd64)
# No core dump will be written. Minidumps are not enabled by default on client versions of Windows
#

---------------  S U M M A R Y ------------

Command Line: --add-opens=java.base/java.lang=ALL-UNNAMED --add-opens=java.base/java.lang.invoke=ALL-UNNAMED --add-opens=java.base/java.util=ALL-UNNAMED --add-opens=java.prefs/java.util.prefs=ALL-UNNAMED --add-exports=jdk.compiler/com.sun.tools.javac.api=ALL-UNNAMED --add-exports=jdk.compiler/com.sun.tools.javac.util=ALL-UNNAMED --add-opens=java.base/java.util=ALL-UNNAMED --add-opens=java.prefs/java.util.prefs=ALL-UNNAMED --add-opens=java.base/java.nio.charset=ALL-UNNAMED --add-opens=java.base/java.net=ALL-UNNAMED --add-opens=java.base/java.util.concurrent=ALL-UNNAMED --add-opens=java.base/java.util.concurrent.atomic=ALL-UNNAMED --add-opens=java.xml/javax.xml.namespace=ALL-UNNAMED -XX:MaxMetaspaceSize=512m -Xmx2048m -Dfile.encoding=windows-1252 -Duser.country=US -Duser.language=en -Duser.variant -javaagent:C:\Users\USER11\.gradle\wrapper\dists\gradle-9.0.0-bin\d6wjpkvcgsg3oed0qlfss3wgl\gradle-9.0.0\lib\agents\gradle-instrumentation-agent-9.0.0.jar org.gradle.launcher.daemon.bootstrap.GradleDaemon 9.0.0

Host: AMD Ryzen 3 3250U with Radeon Graphics         , 4 cores, 9G,  Windows 11 , 64 bit Build 26100 (10.0.26100.7623)
Time: Wed Jan 28 11:39:18 2026 India Standard Time elapsed time: 104.147493 seconds (0d 0h 1m 44s)

---------------  T H R E A D  ---------------

Current thread (0x000001d553897b90):  VMThread "VM Thread" [stack: 0x000000694ff00000,0x0000006950000000] [id=2692]

Stack: [0x000000694ff00000,0x0000006950000000]
Native frames: (J=compiled Java code, j=interpreted, Vv=VM code, C=native code)
V  [jvm.dll+0x68c459]  (no source info available)
V  [jvm.dll+0x845e09]  (no source info available)
V  [jvm.dll+0x847b78]  (no source info available)
V  [jvm.dll+0x848203]  (no source info available)
V  [jvm.dll+0x24cf6f]  (no source info available)
V  [jvm.dll+0x68b859]  (no source info available)
V  [jvm.dll+0x67fe1a]  (no source info available)
V  [jvm.dll+0x3100f0]  (no source info available)
V  [jvm.dll+0x30ff92]  (no source info available)
V  [jvm.dll+0x3174e9]  (no source info available)
V  [jvm.dll+0x3697c9]  (no source info available)
V  [jvm.dll+0x3699fd]  (no source info available)
V  [jvm.dll+0x2e68fa]  (no source info available)
V  [jvm.dll+0x2e9978]  (no source info available)
V  [jvm.dll+0x2f40a4]  (no source info available)
V  [jvm.dll+0x32908d]  (no source info available)
V  [jvm.dll+0x84ca8d]  (no source info available)
V  [jvm.dll+0x84d7a3]  (no source info available)
V  [jvm.dll+0x84dcd4]  (no source info available)
V  [jvm.dll+0x84e0b8]  (no source info available)
V  [jvm.dll+0x84e1ae]  (no source info available)
V  [jvm.dll+0x7f5a5c]  (no source info available)
V  [jvm.dll+0x68d9f7]  (no source info available)
C  [ucrtbase.dll+0x37b0]  (no source info available)
C  [KERNEL32.DLL+0x2e8d7]  (no source info available)
C  [ntdll.dll+0x8c53c]  (no source info available)

VM_Operation (0x000000694fbff690): G1PauseRemark, mode: safepoint, requested by thread 0x000001d535cd17e0


---------------  P R O C E S S  ---------------

Threads class SMR info:
_java_thread_list=0x000001d500d4d300, length=97, elements={
0x000001d535c648a0, 0x000001d55389efa0, 0x000001d55389fa70, 0x000001d5538bf380,
0x000001d5538c3c70, 0x000001d5538c4540, 0x000001d5538c4e10, 0x000001d5538c5a10,
0x000001d5538cc060, 0x000001d553938010, 0x000001d5539c95c0, 0x000001d553a6c0a0,
0x000001d573972040, 0x000001d553a7dae0, 0x000001d57420f780, 0x000001d5744d5860,
0x000001d573097830, 0x000001d573e8c4a0, 0x000001d5746e73e0, 0x000001d5746e8310,
0x000001d5746e6ed0, 0x000001d5746e5fa0, 0x000001d5746e78f0, 0x000001d5746e69c0,
0x000001d5746e7e00, 0x000001d5746e8820, 0x000001d5746e64b0, 0x000001d5746e8d30,
0x000001d5746e9240, 0x000001d5751878b0, 0x000001d5751882d0, 0x000001d5751873a0,
0x000001d57518b060, 0x000001d575189200, 0x000001d575188cf0, 0x000001d575187dc0,
0x000001d575189710, 0x000001d57518b570, 0x000001d57518ba80, 0x000001d575189c20,
0x000001d57518ab50, 0x000001d57518a130, 0x000001d5751887e0, 0x000001d57518ed20,
0x000001d57518ddf0, 0x000001d57518bf90, 0x000001d57518e300, 0x000001d57518e810,
0x000001d57518c4a0, 0x000001d57518c9b0, 0x000001d57518cec0, 0x000001d57518d3d0,
0x000001d574fe9980, 0x000001d574fea3a0, 0x000001d574feb2d0, 0x000001d574febcf0,
0x000001d574fec200, 0x000001d574fe8f60, 0x000001d574fecc20, 0x000001d574fe9470,
0x000001d574fed130, 0x000001d574ff03d0, 0x000001d574fed640, 0x000001d574fef9b0,
0x000001d574fefec0, 0x000001d574feef90, 0x000001d574ff08e0, 0x000001d574fedb50,
0x000001d574fee060, 0x000001d574feea80, 0x000001d574fee570, 0x000001d574fef4a0,
0x000001d55399d890, 0x000001d55399ab00, 0x000001d55399ba30, 0x000001d55399d380,
0x000001d55399a0e0, 0x000001d55399a5f0, 0x000001d55399b010, 0x000001d55399b520,
0x000001d55399bf40, 0x000001d55399c450, 0x000001d55399c960, 0x000001d55399ce70,
0x000001d5777f9f90, 0x000001d5777fa4a0, 0x000001d5777fa9b0, 0x000001d5777faec0,
0x000001d5777f9060, 0x000001d5777fe160, 0x000001d5777fd230, 0x000001d5797f2ab0,
0x000001d5797f1b80, 0x000001d5797f6770, 0x000001d5797f5d50, 0x000001d5797f6260,
0x000001d500316410
}

Java Threads: ( => current thread )
  0x000001d535c648a0 JavaThread "main" [_thread_blocked, id=13624, stack(0x000000694f900000,0x000000694fa00000)]
  0x000001d55389efa0 JavaThread "Reference Handler" daemon [_thread_blocked, id=21420, stack(0x0000006950000000,0x0000006950100000)]
  0x000001d55389fa70 JavaThread "Finalizer" daemon [_thread_blocked, id=17784, stack(0x0000006950100000,0x0000006950200000)]
  0x000001d5538bf380 JavaThread "Signal Dispatcher" daemon [_thread_blocked, id=17648, stack(0x0000006950200000,0x0000006950300000)]
  0x000001d5538c3c70 JavaThread "Attach Listener" daemon [_thread_blocked, id=5400, stack(0x0000006950300000,0x0000006950400000)]
  0x000001d5538c4540 JavaThread "Service Thread" daemon [_thread_blocked, id=22524, stack(0x0000006950400000,0x0000006950500000)]
  0x000001d5538c4e10 JavaThread "Monitor Deflation Thread" daemon [_thread_blocked, id=14872, stack(0x0000006950500000,0x0000006950600000)]
  0x000001d5538c5a10 JavaThread "C2 CompilerThread0" daemon [_thread_blocked, id=20532, stack(0x0000006950600000,0x0000006950700000)]
  0x000001d5538cc060 JavaThread "C1 CompilerThread0" daemon [_thread_blocked, id=1892, stack(0x0000006950700000,0x0000006950800000)]
  0x000001d553938010 JavaThread "Sweeper thread" daemon [_thread_blocked, id=18616, stack(0x0000006950800000,0x0000006950900000)]
  0x000001d5539c95c0 JavaThread "Common-Cleaner" daemon [_thread_blocked, id=15012, stack(0x0000006950900000,0x0000006950a00000)]
  0x000001d553a6c0a0 JavaThread "Notification Thread" daemon [_thread_blocked, id=3888, stack(0x0000006950a00000,0x0000006950b00000)]
  0x000001d573972040 JavaThread "Daemon health stats" [_thread_blocked, id=14748, stack(0x0000006950e00000,0x0000006950f00000)]
  0x000001d553a7dae0 JavaThread "Incoming local TCP Connector on port 55628" [_thread_in_native, id=3916, stack(0x0000006951000000,0x0000006951100000)]
  0x000001d57420f780 JavaThread "Daemon periodic checks" [_thread_blocked, id=8808, stack(0x0000006951100000,0x0000006951200000)]
  0x000001d5744d5860 JavaThread "Daemon" [_thread_blocked, id=14392, stack(0x0000006951200000,0x0000006951300000)]
  0x000001d573097830 JavaThread "Handler for socket connection from /127.0.0.1:55628 to /127.0.0.1:55629" [_thread_in_native, id=8048, stack(0x0000006951300000,0x0000006951400000)]
  0x000001d573e8c4a0 JavaThread "Cancel handler" [_thread_blocked, id=20792, stack(0x0000006951400000,0x0000006951500000)]
  0x000001d5746e73e0 JavaThread "Daemon worker" [_thread_blocked, id=14508, stack(0x0000006951500000,0x0000006951600000)]
  0x000001d5746e8310 JavaThread "Asynchronous log dispatcher for DefaultDaemonConnection: socket connection from /127.0.0.1:55628 to /127.0.0.1:55629" [_thread_blocked, id=17192, stack(0x0000006951600000,0x0000006951700000)]
  0x000001d5746e6ed0 JavaThread "Stdin handler" [_thread_blocked, id=1596, stack(0x0000006951700000,0x0000006951800000)]
  0x000001d5746e5fa0 JavaThread "Daemon client event forwarder" [_thread_blocked, id=6344, stack(0x0000006951800000,0x0000006951900000)]
  0x000001d5746e78f0 JavaThread "Cache worker for journal cache (C:\Users\USER11\.gradle\caches\journal-1)" [_thread_blocked, id=14376, stack(0x0000006951a00000,0x0000006951b00000)]
  0x000001d5746e69c0 JavaThread "File lock request listener" [_thread_in_native, id=14620, stack(0x0000006951b00000,0x0000006951c00000)]
  0x000001d5746e7e00 JavaThread "Cache worker for file hash cache (C:\Users\USER11\.gradle\caches\9.0.0\fileHashes)" [_thread_blocked, id=3428, stack(0x0000006951900000,0x0000006951a00000)]
  0x000001d5746e8820 JavaThread "Cache worker for file hash cache (C:\Users\USER11\Desktop\hospital-frontend-app\android\.gradle\9.0.0\fileHashes)" [_thread_blocked, id=12684, stack(0x0000006951d00000,0x0000006951e00000)]
  0x000001d5746e64b0 JavaThread "Cache worker for Build Output Cleanup Cache (C:\Users\USER11\Desktop\hospital-frontend-app\android\.gradle\buildOutputCleanup)" [_thread_blocked, id=7556, stack(0x0000006951e00000,0x0000006951f00000)]
  0x000001d5746e8d30 JavaThread "File watcher server" daemon [_thread_blocked, id=16344, stack(0x0000006951f00000,0x0000006952000000)]
  0x000001d5746e9240 JavaThread "File watcher consumer" daemon [_thread_blocked, id=10100, stack(0x0000006952000000,0x0000006952100000)]
  0x000001d5751878b0 JavaThread "Cache worker for checksums cache (C:\Users\USER11\Desktop\hospital-frontend-app\android\.gradle\9.0.0\checksums)" [_thread_blocked, id=16084, stack(0x0000006952100000,0x0000006952200000)]
  0x000001d5751882d0 JavaThread "Cache worker for file content cache (C:\Users\USER11\.gradle\caches\9.0.0\fileContent)" [_thread_blocked, id=8836, stack(0x0000006952200000,0x0000006952300000)]
  0x000001d5751873a0 JavaThread "Cache worker for cache directory md-supplier (C:\Users\USER11\.gradle\caches\9.0.0\md-supplier)" [_thread_blocked, id=18036, stack(0x0000006951c00000,0x0000006951d00000)]
  0x000001d57518b060 JavaThread "Cache worker for cache directory md-rule (C:\Users\USER11\.gradle\caches\9.0.0\md-rule)" [_thread_blocked, id=14864, stack(0x0000006952600000,0x0000006952700000)]
  0x000001d575189200 JavaThread "jar transforms" [_thread_blocked, id=8372, stack(0x0000006952700000,0x0000006952800000)]
  0x000001d575188cf0 JavaThread "Cache worker for Build Output Cleanup Cache (C:\Users\USER11\Desktop\hospital-frontend-app\node_modules\@react-native\gradle-plugin\.gradle\buildOutputCleanup)" [_thread_blocked, id=12820, stack(0x0000006952800000,0x0000006952900000)]
  0x000001d575187dc0 JavaThread "Unconstrained build operations" [_thread_blocked, id=17612, stack(0x0000006952900000,0x0000006952a00000)]
  0x000001d575189710 JavaThread "Unconstrained build operations Thread 2" [_thread_blocked, id=6852, stack(0x0000006952a00000,0x0000006952b00000)]
  0x000001d57518b570 JavaThread "Unconstrained build operations Thread 3" [_thread_blocked, id=13468, stack(0x0000006952b00000,0x0000006952c00000)]
  0x000001d57518ba80 JavaThread "Unconstrained build operations Thread 4" [_thread_blocked, id=20616, stack(0x0000006952c00000,0x0000006952d00000)]
  0x000001d575189c20 JavaThread "Unconstrained build operations Thread 5" [_thread_blocked, id=19772, stack(0x0000006952d00000,0x0000006952e00000)]
  0x000001d57518ab50 JavaThread "Unconstrained build operations Thread 6" [_thread_blocked, id=16896, stack(0x0000006952e00000,0x0000006952f00000)]
  0x000001d57518a130 JavaThread "Unconstrained build operations Thread 7" [_thread_blocked, id=10932, stack(0x0000006952f00000,0x0000006953000000)]
  0x000001d5751887e0 JavaThread "Unconstrained build operations Thread 8" [_thread_blocked, id=22504, stack(0x0000006953000000,0x0000006953100000)]
  0x000001d57518ed20 JavaThread "Unconstrained build operations Thread 9" [_thread_blocked, id=19216, stack(0x0000006953100000,0x0000006953200000)]
  0x000001d57518ddf0 JavaThread "Unconstrained build operations Thread 10" [_thread_blocked, id=6028, stack(0x0000006953200000,0x0000006953300000)]
  0x000001d57518bf90 JavaThread "Unconstrained build operations Thread 11" [_thread_blocked, id=5108, stack(0x0000006953300000,0x0000006953400000)]
  0x000001d57518e300 JavaThread "Unconstrained build operations Thread 12" [_thread_blocked, id=6824, stack(0x0000006953400000,0x0000006953500000)]
  0x000001d57518e810 JavaThread "Unconstrained build operations Thread 13" [_thread_blocked, id=19540, stack(0x0000006953500000,0x0000006953600000)]
  0x000001d57518c4a0 JavaThread "Unconstrained build operations Thread 14" [_thread_blocked, id=4308, stack(0x0000006953600000,0x0000006953700000)]
  0x000001d57518c9b0 JavaThread "Unconstrained build operations Thread 15" [_thread_blocked, id=19700, stack(0x0000006953700000,0x0000006953800000)]
  0x000001d57518cec0 JavaThread "build event listener" [_thread_blocked, id=21900, stack(0x0000006953800000,0x0000006953900000)]
  0x000001d57518d3d0 JavaThread "Memory manager" [_thread_blocked, id=1900, stack(0x0000006953900000,0x0000006953a00000)]
  0x000001d574fe9980 JavaThread "ForkJoinPool.commonPool-worker-1" daemon [_thread_blocked, id=14976, stack(0x0000006953a00000,0x0000006953b00000)]
  0x000001d574fea3a0 JavaThread "ForkJoinPool.commonPool-worker-2" daemon [_thread_blocked, id=18168, stack(0x0000006953b00000,0x0000006953c00000)]
  0x000001d574feb2d0 JavaThread "ForkJoinPool.commonPool-worker-3" daemon [_thread_blocked, id=14708, stack(0x0000006953c00000,0x0000006953d00000)]
  0x000001d574febcf0 JavaThread "included builds" [_thread_blocked, id=13256, stack(0x0000006954200000,0x0000006954300000)]
  0x000001d574fec200 JavaThread "Execution worker" [_thread_blocked, id=13528, stack(0x0000006954300000,0x0000006954400000)]
  0x000001d574fe8f60 JavaThread "Execution worker Thread 2" [_thread_blocked, id=11304, stack(0x0000006954400000,0x0000006954500000)]
  0x000001d574fecc20 JavaThread "Execution worker Thread 3" [_thread_blocked, id=15904, stack(0x0000006954500000,0x0000006954600000)]
  0x000001d574fe9470 JavaThread "Cache worker for execution history cache (C:\Users\USER11\Desktop\hospital-frontend-app\node_modules\@react-native\gradle-plugin\.gradle\9.0.0\executionHistory)" [_thread_blocked, id=13724, stack(0x0000006954600000,0x0000006954700000)]
  0x000001d574fed130 JavaThread "Unconstrained build operations Thread 16" [_thread_blocked, id=2224, stack(0x0000006954700000,0x0000006954800000)]
  0x000001d574ff03d0 JavaThread "Unconstrained build operations Thread 17" [_thread_blocked, id=17068, stack(0x0000006954800000,0x0000006954900000)]
  0x000001d574fed640 JavaThread "Unconstrained build operations Thread 18" [_thread_blocked, id=13932, stack(0x0000006954900000,0x0000006954a00000)]
  0x000001d574fef9b0 JavaThread "Unconstrained build operations Thread 19" [_thread_blocked, id=9132, stack(0x0000006954a00000,0x0000006954b00000)]
  0x000001d574fefec0 JavaThread "Unconstrained build operations Thread 20" [_thread_blocked, id=19480, stack(0x0000006954b00000,0x0000006954c00000)]
  0x000001d574feef90 JavaThread "Unconstrained build operations Thread 21" [_thread_blocked, id=14532, stack(0x0000006954c00000,0x0000006954d00000)]
  0x000001d574ff08e0 JavaThread "Unconstrained build operations Thread 22" [_thread_blocked, id=18340, stack(0x0000006954d00000,0x0000006954e00000)]
  0x000001d574fedb50 JavaThread "Unconstrained build operations Thread 23" [_thread_blocked, id=21928, stack(0x0000006954e00000,0x0000006954f00000)]
  0x000001d574fee060 JavaThread "Unconstrained build operations Thread 24" [_thread_blocked, id=3292, stack(0x0000006954f00000,0x0000006955000000)]
  0x000001d574feea80 JavaThread "Unconstrained build operations Thread 25" [_thread_blocked, id=21332, stack(0x0000006955000000,0x0000006955100000)]
  0x000001d574fee570 JavaThread "Unconstrained build operations Thread 26" [_thread_blocked, id=4092, stack(0x0000006955100000,0x0000006955200000)]
  0x000001d574fef4a0 JavaThread "Unconstrained build operations Thread 27" [_thread_blocked, id=14504, stack(0x0000006955200000,0x0000006955300000)]
  0x000001d55399d890 JavaThread "Unconstrained build operations Thread 28" [_thread_blocked, id=3656, stack(0x0000006955300000,0x0000006955400000)]
  0x000001d55399ab00 JavaThread "Unconstrained build operations Thread 29" [_thread_blocked, id=14248, stack(0x0000006955400000,0x0000006955500000)]
  0x000001d55399ba30 JavaThread "Unconstrained build operations Thread 30" [_thread_blocked, id=384, stack(0x0000006955500000,0x0000006955600000)]
  0x000001d55399d380 JavaThread "Unconstrained build operations Thread 31" [_thread_blocked, id=8244, stack(0x0000006955600000,0x0000006955700000)]
  0x000001d55399a0e0 JavaThread "Unconstrained build operations Thread 32" [_thread_blocked, id=14148, stack(0x0000006955700000,0x0000006955800000)]
  0x000001d55399a5f0 JavaThread "Unconstrained build operations Thread 33" [_thread_blocked, id=7176, stack(0x0000006955800000,0x0000006955900000)]
  0x000001d55399b010 JavaThread "Unconstrained build operations Thread 34" [_thread_blocked, id=16156, stack(0x0000006955900000,0x0000006955a00000)]
  0x000001d55399b520 JavaThread "Unconstrained build operations Thread 35" [_thread_blocked, id=17196, stack(0x0000006955a00000,0x0000006955b00000)]
  0x000001d55399bf40 JavaThread "Unconstrained build operations Thread 36" [_thread_blocked, id=22360, stack(0x0000006955b00000,0x0000006955c00000)]
  0x000001d55399c450 JavaThread "Unconstrained build operations Thread 37" [_thread_blocked, id=18224, stack(0x0000006955c00000,0x0000006955d00000)]
  0x000001d55399c960 JavaThread "jar transforms Thread 2" [_thread_blocked, id=4100, stack(0x0000006955d00000,0x0000006955e00000)]
  0x000001d55399ce70 JavaThread "jar transforms Thread 3" [_thread_blocked, id=20508, stack(0x0000006955e00000,0x0000006955f00000)]
  0x000001d5777f9f90 JavaThread "Unconstrained build operations Thread 38" [_thread_blocked, id=6156, stack(0x0000006955f00000,0x0000006956000000)]
  0x000001d5777fa4a0 JavaThread "Unconstrained build operations Thread 39" [_thread_blocked, id=7792, stack(0x0000006956000000,0x0000006956100000)]
  0x000001d5777fa9b0 JavaThread "Unconstrained build operations Thread 40" [_thread_blocked, id=276, stack(0x0000006956100000,0x0000006956200000)]
  0x000001d5777faec0 JavaThread "jar transforms Thread 4" [_thread_blocked, id=8340, stack(0x0000006956200000,0x0000006956300000)]
  0x000001d5777f9060 JavaThread "build event listener" [_thread_blocked, id=7980, stack(0x0000006956300000,0x0000006956400000)]
  0x000001d5777fe160 JavaThread "Problems report writer" [_thread_blocked, id=22388, stack(0x0000006956400000,0x0000006956500000)]
  0x000001d5777fd230 JavaThread "Exec process" [_thread_blocked, id=19952, stack(0x000000694f600000,0x000000694f700000)]
  0x000001d5797f2ab0 JavaThread "Exec process Thread 2" [_thread_blocked, id=3720, stack(0x000000694f700000,0x000000694f800000)]
  0x000001d5797f1b80 JavaThread "Exec process Thread 3" [_thread_blocked, id=11536, stack(0x000000694f800000,0x000000694f900000)]
  0x000001d5797f6770 JavaThread "pool-3-thread-1" [_thread_blocked, id=12312, stack(0x0000006956600000,0x0000006956700000)]
  0x000001d5797f5d50 JavaThread "build event listener" [_thread_blocked, id=7828, stack(0x0000006956700000,0x0000006956800000)]
  0x000001d5797f6260 JavaThread "Cache worker for execution history cache (C:\Users\USER11\Desktop\hospital-frontend-app\android\.gradle\9.0.0\executionHistory)" [_thread_blocked, id=16828, stack(0x0000006956800000,0x0000006956900000)]
  0x000001d500316410 JavaThread "C2 CompilerThread1" daemon [_thread_blocked, id=19832, stack(0x0000006953d00000,0x0000006953e00000)]

Other Threads:
=>0x000001d553897b90 VMThread "VM Thread" [stack: 0x000000694ff00000,0x0000006950000000] [id=2692]
  0x000001d535c667e0 WatcherThread [stack: 0x0000006950b00000,0x0000006950c00000] [id=21624]
  0x000001d535cc0970 GCTaskThread "GC Thread#0" [stack: 0x000000694fa00000,0x000000694fb00000] [id=8600]
  0x000001d553b68c70 GCTaskThread "GC Thread#1" [stack: 0x0000006950c00000,0x0000006950d00000] [id=15252]
  0x000001d553ab1f00 GCTaskThread "GC Thread#2" [stack: 0x0000006950d00000,0x0000006950e00000] [id=3148]
  0x000001d573a6cdf0 GCTaskThread "GC Thread#3" [stack: 0x0000006950f00000,0x0000006951000000] [id=380]
  0x000001d535cd17e0 ConcurrentGCThread "G1 Main Marker" [stack: 0x000000694fb00000,0x000000694fc00000] [id=22248]
  0x000001d535cd2110 ConcurrentGCThread "G1 Conc#0" [stack: 0x000000694fc00000,0x000000694fd00000] [id=20548]
  0x000001d535d0e430 ConcurrentGCThread "G1 Refine#0" [stack: 0x000000694fd00000,0x000000694fe00000] [id=16620]
  0x000001d576e03480 ConcurrentGCThread "G1 Refine#1" [stack: 0x0000006952300000,0x0000006952400000] [id=10160]
  0x000001d5766821b0 ConcurrentGCThread "G1 Refine#2" [stack: 0x0000006952400000,0x0000006952500000] [id=19564]
  0x000001d55374e130 ConcurrentGCThread "G1 Service" [stack: 0x000000694fe00000,0x000000694ff00000] [id=21088]

Threads with active compile tasks:
C2 CompilerThread0  104218 21859       4       com.android.ide.common.blame.MergingLogPersistUtil$$Lambda$2635/0x000001d5562465d0::accept (12 bytes)
C2 CompilerThread1  104218 21856       4       com.android.ide.common.blame.MergingLogPersistUtil$SourcePositionsSerializer::append (67 bytes)

VM state: at safepoint (normal execution)

VM Mutex/Monitor currently owned by a thread:  ([mutex/lock_event])
[0x000001d5338f6960] Threads_lock - owner thread: 0x000001d553897b90
[0x000001d535c60290] Heap_lock - owner thread: 0x000001d535cd17e0

Heap address: 0x0000000080000000, size: 2048 MB, Compressed Oops mode: 32-bit

CDS archive(s) mapped at: [0x000001d554000000-0x000001d554bb0000-0x000001d554bb0000), size 12255232, SharedBaseAddress: 0x000001d554000000, ArchiveRelocationMode: 1.
Compressed class space mapped at: 0x000001d555000000-0x000001d56f000000, reserved size: 436207616
Narrow klass base: 0x000001d554000000, Narrow klass shift: 0, Narrow klass range: 0x100000000

GC Precious Log:
 CPUs: 4 total, 4 available
 Memory: 10116M
 Large Page Support: Disabled
 NUMA Support: Disabled
 Compressed Oops: Enabled (32-bit)
 Heap Region Size: 1M
 Heap Min Capacity: 8M
 Heap Initial Capacity: 160M
 Heap Max Capacity: 2G
 Pre-touch: Disabled
 Parallel Workers: 4
 Concurrent Workers: 1
 Concurrent Refinement Workers: 4
 Periodic GC: Disabled

Heap:
 garbage-first heap   total 404480K, used 332288K [0x0000000080000000, 0x0000000100000000)
  region size 1024K, 17 young (17408K), 5 survivors (5120K)
 Metaspace       used 129584K, committed 131712K, reserved 557056K
  class space    used 17682K, committed 18688K, reserved 425984K

Heap Regions: E=young(eden), S=young(survivor), O=old, HS=humongous(starts), HC=humongous(continues), CS=collection set, F=free, OA=open archive, CA=closed archive, TAMS=top-at-mark-start (previous, next)
|   0|0x0000000080000000, 0x0000000080100000, 0x0000000080100000|100%|HS|  |TAMS 0x0000000080100000, 0x0000000080000000| Complete 
|   1|0x0000000080100000, 0x0000000080200000, 0x0000000080200000|100%|HC|  |TAMS 0x0000000080200000, 0x0000000080100000| Complete 
|   2|0x0000000080200000, 0x0000000080300000, 0x0000000080300000|100%|HC|  |TAMS 0x0000000080300000, 0x0000000080200000| Complete 
|   3|0x0000000080300000, 0x0000000080400000, 0x0000000080400000|100%| O|  |TAMS 0x0000000080400000, 0x0000000080300000| Untracked 
|   4|0x0000000080400000, 0x0000000080500000, 0x0000000080500000|100%| O|  |TAMS 0x0000000080500000, 0x0000000080400000| Untracked 
|   5|0x0000000080500000, 0x0000000080600000, 0x0000000080600000|100%| O|  |TAMS 0x0000000080600000, 0x0000000080500000| Untracked 
|   6|0x0000000080600000, 0x0000000080700000, 0x0000000080700000|100%| O|  |TAMS 0x0000000080700000, 0x0000000080600000| Untracked 
|   7|0x0000000080700000, 0x0000000080800000, 0x0000000080800000|100%|HS|  |TAMS 0x0000000080800000, 0x0000000080700000| Complete 
|   8|0x0000000080800000, 0x0000000080900000, 0x0000000080900000|100%| O|  |TAMS 0x0000000080900000, 0x0000000080800000| Untracked 
|   9|0x0000000080900000, 0x0000000080a00000, 0x0000000080a00000|100%| O|  |TAMS 0x0000000080a00000, 0x0000000080900000| Untracked 
|  10|0x0000000080a00000, 0x0000000080b00000, 0x0000000080b00000|100%| O|  |TAMS 0x0000000080b00000, 0x0000000080a00000| Untracked 
|  11|0x0000000080b00000, 0x0000000080c00000, 0x0000000080c00000|100%| O|  |TAMS 0x0000000080c00000, 0x0000000080b00000| Untracked 
|  12|0x0000000080c00000, 0x0000000080d00000, 0x0000000080d00000|100%| O|  |TAMS 0x0000000080d00000, 0x0000000080c00000| Untracked 
|  13|0x0000000080d00000, 0x0000000080e00000, 0x0000000080e00000|100%| O|  |TAMS 0x0000000080e00000, 0x0000000080d00000| Untracked 
|  14|0x0000000080e00000, 0x0000000080f00000, 0x0000000080f00000|100%| O|  |TAMS 0x0000000080f00000, 0x0000000080e00000| Untracked 
|  15|0x0000000080f00000, 0x0000000081000000, 0x0000000081000000|100%| O|  |TAMS 0x0000000081000000, 0x0000000080f00000| Untracked 
|  16|0x0000000081000000, 0x0000000081100000, 0x0000000081100000|100%| O|  |TAMS 0x0000000081100000, 0x0000000081000000| Untracked 
|  17|0x0000000081100000, 0x0000000081200000, 0x0000000081200000|100%| O|  |TAMS 0x0000000081200000, 0x0000000081100000| Untracked 
|  18|0x0000000081200000, 0x0000000081300000, 0x0000000081300000|100%| O|  |TAMS 0x0000000081300000, 0x0000000081200000| Untracked 
|  19|0x0000000081300000, 0x0000000081400000, 0x0000000081400000|100%| O|  |TAMS 0x0000000081400000, 0x0000000081300000| Untracked 
|  20|0x0000000081400000, 0x0000000081500000, 0x0000000081500000|100%| O|  |TAMS 0x0000000081500000, 0x0000000081400000| Untracked 
|  21|0x0000000081500000, 0x0000000081600000, 0x0000000081600000|100%| O|  |TAMS 0x0000000081600000, 0x0000000081500000| Untracked 
|  22|0x0000000081600000, 0x0000000081700000, 0x0000000081700000|100%| O|  |TAMS 0x0000000081700000, 0x0000000081600000| Updating 
|  23|0x0000000081700000, 0x0000000081800000, 0x0000000081800000|100%| O|  |TAMS 0x0000000081800000, 0x0000000081700000| Untracked 
|  24|0x0000000081800000, 0x0000000081900000, 0x0000000081900000|100%| O|  |TAMS 0x0000000081900000, 0x0000000081800000| Untracked 
|  25|0x0000000081900000, 0x0000000081a00000, 0x0000000081a00000|100%| O|  |TAMS 0x0000000081a00000, 0x0000000081900000| Updating 
|  26|0x0000000081a00000, 0x0000000081b00000, 0x0000000081b00000|100%| O|  |TAMS 0x0000000081b00000, 0x0000000081a00000| Untracked 
|  27|0x0000000081b00000, 0x0000000081c00000, 0x0000000081c00000|100%| O|  |TAMS 0x0000000081c00000, 0x0000000081b00000| Untracked 
|  28|0x0000000081c00000, 0x0000000081d00000, 0x0000000081d00000|100%| O|  |TAMS 0x0000000081d00000, 0x0000000081c00000| Updating 
|  29|0x0000000081d00000, 0x0000000081e00000, 0x0000000081e00000|100%| O|  |TAMS 0x0000000081e00000, 0x0000000081d00000| Updating 
|  30|0x0000000081e00000, 0x0000000081f00000, 0x0000000081f00000|100%| O|  |TAMS 0x0000000081f00000, 0x0000000081e00000| Updating 
|  31|0x0000000081f00000, 0x0000000082000000, 0x0000000082000000|100%| O|  |TAMS 0x0000000082000000, 0x0000000081f00000| Untracked 
|  32|0x0000000082000000, 0x0000000082100000, 0x0000000082100000|100%| O|  |TAMS 0x0000000082100000, 0x0000000082000000| Untracked 
|  33|0x0000000082100000, 0x0000000082200000, 0x0000000082200000|100%| O|  |TAMS 0x0000000082200000, 0x0000000082100000| Untracked 
|  34|0x0000000082200000, 0x0000000082300000, 0x0000000082300000|100%| O|  |TAMS 0x0000000082300000, 0x0000000082200000| Untracked 
|  35|0x0000000082300000, 0x0000000082400000, 0x0000000082400000|100%| O|  |TAMS 0x0000000082400000, 0x0000000082300000| Updating 
|  36|0x0000000082400000, 0x0000000082500000, 0x0000000082500000|100%| O|  |TAMS 0x0000000082500000, 0x0000000082400000| Untracked 
|  37|0x0000000082500000, 0x0000000082600000, 0x0000000082600000|100%| O|  |TAMS 0x0000000082600000, 0x0000000082500000| Updating 
|  38|0x0000000082600000, 0x0000000082700000, 0x0000000082700000|100%| O|  |TAMS 0x0000000082700000, 0x0000000082600000| Updating 
|  39|0x0000000082700000, 0x0000000082800000, 0x0000000082800000|100%| O|  |TAMS 0x0000000082800000, 0x0000000082700000| Untracked 
|  40|0x0000000082800000, 0x0000000082900000, 0x0000000082900000|100%| O|  |TAMS 0x0000000082900000, 0x0000000082800000| Untracked 
|  41|0x0000000082900000, 0x0000000082a00000, 0x0000000082a00000|100%| O|  |TAMS 0x0000000082a00000, 0x0000000082900000| Untracked 
|  42|0x0000000082a00000, 0x0000000082b00000, 0x0000000082b00000|100%| O|  |TAMS 0x0000000082b00000, 0x0000000082a00000| Updating 
|  43|0x0000000082b00000, 0x0000000082c00000, 0x0000000082c00000|100%| O|  |TAMS 0x0000000082c00000, 0x0000000082b00000| Untracked 
|  44|0x0000000082c00000, 0x0000000082d00000, 0x0000000082d00000|100%|HS|  |TAMS 0x0000000082d00000, 0x0000000082c00000| Complete 
|  45|0x0000000082d00000, 0x0000000082e00000, 0x0000000082e00000|100%|HC|  |TAMS 0x0000000082e00000, 0x0000000082d00000| Complete 
|  46|0x0000000082e00000, 0x0000000082f00000, 0x0000000082f00000|100%|HC|  |TAMS 0x0000000082f00000, 0x0000000082e00000| Complete 
|  47|0x0000000082f00000, 0x0000000083000000, 0x0000000083000000|100%|HS|  |TAMS 0x0000000083000000, 0x0000000082f00000| Complete 
|  48|0x0000000083000000, 0x0000000083100000, 0x0000000083100000|100%|HC|  |TAMS 0x0000000083100000, 0x0000000083000000| Complete 
|  49|0x0000000083100000, 0x0000000083200000, 0x0000000083200000|100%|HC|  |TAMS 0x0000000083200000, 0x0000000083100000| Complete 
|  50|0x0000000083200000, 0x0000000083300000, 0x0000000083300000|100%| O|  |TAMS 0x0000000083300000, 0x0000000083200000| Updating 
|  51|0x0000000083300000, 0x0000000083400000, 0x0000000083400000|100%| O|  |TAMS 0x0000000083400000, 0x0000000083300000| Updating 
|  52|0x0000000083400000, 0x0000000083500000, 0x0000000083500000|100%| O|  |TAMS 0x0000000083500000, 0x0000000083400000| Updating 
|  53|0x0000000083500000, 0x0000000083600000, 0x0000000083600000|100%| O|  |TAMS 0x0000000083600000, 0x0000000083500000| Untracked 
|  54|0x0000000083600000, 0x0000000083700000, 0x0000000083700000|100%| O|  |TAMS 0x0000000083700000, 0x0000000083600000| Updating 
|  55|0x0000000083700000, 0x0000000083800000, 0x0000000083800000|100%| O|  |TAMS 0x0000000083800000, 0x0000000083700000| Untracked 
|  56|0x0000000083800000, 0x0000000083900000, 0x0000000083900000|100%| O|  |TAMS 0x0000000083900000, 0x0000000083800000| Untracked 
|  57|0x0000000083900000, 0x0000000083a00000, 0x0000000083a00000|100%| O|  |TAMS 0x0000000083a00000, 0x0000000083900000| Untracked 
|  58|0x0000000083a00000, 0x0000000083b00000, 0x0000000083b00000|100%| O|  |TAMS 0x0000000083b00000, 0x0000000083a00000| Untracked 
|  59|0x0000000083b00000, 0x0000000083c00000, 0x0000000083c00000|100%| O|  |TAMS 0x0000000083c00000, 0x0000000083b00000| Untracked 
|  60|0x0000000083c00000, 0x0000000083d00000, 0x0000000083d00000|100%| O|  |TAMS 0x0000000083d00000, 0x0000000083c00000| Untracked 
|  61|0x0000000083d00000, 0x0000000083e00000, 0x0000000083e00000|100%| O|  |TAMS 0x0000000083e00000, 0x0000000083d00000| Untracked 
|  62|0x0000000083e00000, 0x0000000083f00000, 0x0000000083f00000|100%| O|  |TAMS 0x0000000083f00000, 0x0000000083e00000| Updating 
|  63|0x0000000083f00000, 0x0000000084000000, 0x0000000084000000|100%| O|  |TAMS 0x0000000084000000, 0x0000000083f00000| Untracked 
|  64|0x0000000084000000, 0x0000000084100000, 0x0000000084100000|100%| O|  |TAMS 0x0000000084100000, 0x0000000084000000| Untracked 
|  65|0x0000000084100000, 0x0000000084200000, 0x0000000084200000|100%| O|  |TAMS 0x0000000084200000, 0x0000000084100000| Untracked 
|  66|0x0000000084200000, 0x0000000084300000, 0x0000000084300000|100%| O|  |TAMS 0x0000000084300000, 0x0000000084200000| Updating 
|  67|0x0000000084300000, 0x0000000084400000, 0x0000000084400000|100%| O|  |TAMS 0x0000000084400000, 0x0000000084300000| Untracked 
|  68|0x0000000084400000, 0x0000000084500000, 0x0000000084500000|100%| O|  |TAMS 0x0000000084500000, 0x0000000084400000| Untracked 
|  69|0x0000000084500000, 0x0000000084600000, 0x0000000084600000|100%| O|  |TAMS 0x0000000084600000, 0x0000000084500000| Untracked 
|  70|0x0000000084600000, 0x0000000084700000, 0x0000000084700000|100%| O|  |TAMS 0x0000000084700000, 0x0000000084600000| Untracked 
|  71|0x0000000084700000, 0x0000000084800000, 0x0000000084800000|100%| O|  |TAMS 0x0000000084800000, 0x0000000084700000| Untracked 
|  72|0x0000000084800000, 0x0000000084900000, 0x0000000084900000|100%| O|  |TAMS 0x0000000084900000, 0x0000000084800000| Untracked 
|  73|0x0000000084900000, 0x0000000084a00000, 0x0000000084a00000|100%| O|  |TAMS 0x0000000084a00000, 0x0000000084900000| Updating 
|  74|0x0000000084a00000, 0x0000000084b00000, 0x0000000084b00000|100%|HS|  |TAMS 0x0000000084b00000, 0x0000000084a00000| Complete 
|  75|0x0000000084b00000, 0x0000000084c00000, 0x0000000084c00000|100%|HS|  |TAMS 0x0000000084c00000, 0x0000000084b00000| Complete 
|  76|0x0000000084c00000, 0x0000000084d00000, 0x0000000084d00000|100%|HS|  |TAMS 0x0000000084d00000, 0x0000000084c00000| Complete 
|  77|0x0000000084d00000, 0x0000000084e00000, 0x0000000084e00000|100%|HS|  |TAMS 0x0000000084e00000, 0x0000000084d00000| Complete 
|  78|0x0000000084e00000, 0x0000000084f00000, 0x0000000084f00000|100%| O|  |TAMS 0x0000000084f00000, 0x0000000084e00000| Updating 
|  79|0x0000000084f00000, 0x0000000085000000, 0x0000000085000000|100%|HS|  |TAMS 0x0000000085000000, 0x0000000084f00000| Complete 
|  80|0x0000000085000000, 0x0000000085100000, 0x0000000085100000|100%|HS|  |TAMS 0x0000000085100000, 0x0000000085000000| Complete 
|  81|0x0000000085100000, 0x0000000085200000, 0x0000000085200000|100%| O|  |TAMS 0x0000000085200000, 0x0000000085100000| Updating 
|  82|0x0000000085200000, 0x0000000085300000, 0x0000000085300000|100%| O|  |TAMS 0x0000000085300000, 0x0000000085200000| Updating 
|  83|0x0000000085300000, 0x0000000085400000, 0x0000000085400000|100%| O|  |TAMS 0x0000000085400000, 0x0000000085300000| Updating 
|  84|0x0000000085400000, 0x0000000085500000, 0x0000000085500000|100%| O|  |TAMS 0x0000000085500000, 0x0000000085400000| Untracked 
|  85|0x0000000085500000, 0x0000000085600000, 0x0000000085600000|100%| O|  |TAMS 0x0000000085600000, 0x0000000085500000| Updating 
|  86|0x0000000085600000, 0x0000000085700000, 0x0000000085700000|100%| O|  |TAMS 0x0000000085700000, 0x0000000085600000| Updating 
|  87|0x0000000085700000, 0x0000000085800000, 0x0000000085800000|100%| O|  |TAMS 0x0000000085800000, 0x0000000085700000| Untracked 
|  88|0x0000000085800000, 0x0000000085900000, 0x0000000085900000|100%| O|  |TAMS 0x0000000085900000, 0x0000000085800000| Updating 
|  89|0x0000000085900000, 0x0000000085a00000, 0x0000000085a00000|100%| O|  |TAMS 0x0000000085a00000, 0x0000000085900000| Updating 
|  90|0x0000000085a00000, 0x0000000085b00000, 0x0000000085b00000|100%| O|  |TAMS 0x0000000085b00000, 0x0000000085a00000| Updating 
|  91|0x0000000085b00000, 0x0000000085c00000, 0x0000000085c00000|100%| O|  |TAMS 0x0000000085c00000, 0x0000000085b00000| Untracked 
|  92|0x0000000085c00000, 0x0000000085d00000, 0x0000000085d00000|100%|HS|  |TAMS 0x0000000085d00000, 0x0000000085c00000| Complete 
|  93|0x0000000085d00000, 0x0000000085e00000, 0x0000000085e00000|100%|HC|  |TAMS 0x0000000085e00000, 0x0000000085d00000| Complete 
|  94|0x0000000085e00000, 0x0000000085f00000, 0x0000000085f00000|100%|HC|  |TAMS 0x0000000085f00000, 0x0000000085e00000| Complete 
|  95|0x0000000085f00000, 0x0000000086000000, 0x0000000086000000|100%| O|  |TAMS 0x0000000086000000, 0x0000000085f00000| Untracked 
|  96|0x0000000086000000, 0x0000000086100000, 0x0000000086100000|100%|HS|  |TAMS 0x0000000086100000, 0x0000000086000000| Complete 
|  97|0x0000000086100000, 0x0000000086200000, 0x0000000086200000|100%| O|  |TAMS 0x0000000086200000, 0x0000000086100000| Untracked 
|  98|0x0000000086200000, 0x0000000086300000, 0x0000000086300000|100%| O|  |TAMS 0x0000000086300000, 0x0000000086200000| Untracked 
|  99|0x0000000086300000, 0x0000000086400000, 0x0000000086400000|100%| O|  |TAMS 0x0000000086400000, 0x0000000086300000| Untracked 
| 100|0x0000000086400000, 0x0000000086500000, 0x0000000086500000|100%| O|  |TAMS 0x0000000086500000, 0x0000000086400000| Untracked 
| 101|0x0000000086500000, 0x0000000086600000, 0x0000000086600000|100%| O|  |TAMS 0x0000000086600000, 0x0000000086500000| Untracked 
| 102|0x0000000086600000, 0x0000000086700000, 0x0000000086700000|100%| O|  |TAMS 0x0000000086700000, 0x0000000086600000| Untracked 
| 103|0x0000000086700000, 0x0000000086800000, 0x0000000086800000|100%| O|  |TAMS 0x0000000086800000, 0x0000000086700000| Updating 
| 104|0x0000000086800000, 0x0000000086900000, 0x0000000086900000|100%| O|  |TAMS 0x0000000086900000, 0x0000000086800000| Updating 
| 105|0x0000000086900000, 0x0000000086a00000, 0x0000000086a00000|100%| O|  |TAMS 0x0000000086a00000, 0x0000000086900000| Updating 
| 106|0x0000000086a00000, 0x0000000086b00000, 0x0000000086b00000|100%| O|  |TAMS 0x0000000086b00000, 0x0000000086a00000| Untracked 
| 107|0x0000000086b00000, 0x0000000086c00000, 0x0000000086c00000|100%| O|  |TAMS 0x0000000086c00000, 0x0000000086b00000| Untracked 
| 108|0x0000000086c00000, 0x0000000086d00000, 0x0000000086d00000|100%| O|  |TAMS 0x0000000086d00000, 0x0000000086c00000| Untracked 
| 109|0x0000000086d00000, 0x0000000086e00000, 0x0000000086e00000|100%| O|  |TAMS 0x0000000086e00000, 0x0000000086d00000| Untracked 
| 110|0x0000000086e00000, 0x0000000086f00000, 0x0000000086f00000|100%| O|  |TAMS 0x0000000086f00000, 0x0000000086e00000| Untracked 
| 111|0x0000000086f00000, 0x0000000087000000, 0x0000000087000000|100%| O|  |TAMS 0x0000000087000000, 0x0000000086f00000| Untracked 
| 112|0x0000000087000000, 0x0000000087100000, 0x0000000087100000|100%| O|  |TAMS 0x0000000087100000, 0x0000000087000000| Untracked 
| 113|0x0000000087100000, 0x0000000087200000, 0x0000000087200000|100%| O|  |TAMS 0x0000000087200000, 0x0000000087100000| Untracked 
| 114|0x0000000087200000, 0x0000000087300000, 0x0000000087300000|100%| O|  |TAMS 0x0000000087300000, 0x0000000087200000| Untracked 
| 115|0x0000000087300000, 0x0000000087400000, 0x0000000087400000|100%| O|  |TAMS 0x0000000087400000, 0x0000000087300000| Untracked 
| 116|0x0000000087400000, 0x0000000087500000, 0x0000000087500000|100%| O|  |TAMS 0x0000000087500000, 0x0000000087400000| Untracked 
| 117|0x0000000087500000, 0x0000000087600000, 0x0000000087600000|100%| O|  |TAMS 0x0000000087600000, 0x0000000087500000| Untracked 
| 118|0x0000000087600000, 0x0000000087700000, 0x0000000087700000|100%| O|  |TAMS 0x0000000087700000, 0x0000000087600000| Untracked 
| 119|0x0000000087700000, 0x0000000087800000, 0x0000000087800000|100%| O|  |TAMS 0x0000000087800000, 0x0000000087700000| Untracked 
| 120|0x0000000087800000, 0x0000000087900000, 0x0000000087900000|100%| O|  |TAMS 0x0000000087900000, 0x0000000087800000| Untracked 
| 121|0x0000000087900000, 0x0000000087a00000, 0x0000000087a00000|100%| O|  |TAMS 0x0000000087a00000, 0x0000000087900000| Updating 
| 122|0x0000000087a00000, 0x0000000087b00000, 0x0000000087b00000|100%| O|  |TAMS 0x0000000087b00000, 0x0000000087a00000| Untracked 
| 123|0x0000000087b00000, 0x0000000087c00000, 0x0000000087c00000|100%| O|  |TAMS 0x0000000087c00000, 0x0000000087b00000| Updating 
| 124|0x0000000087c00000, 0x0000000087d00000, 0x0000000087d00000|100%| O|  |TAMS 0x0000000087d00000, 0x0000000087c00000| Updating 
| 125|0x0000000087d00000, 0x0000000087e00000, 0x0000000087e00000|100%| O|  |TAMS 0x0000000087e00000, 0x0000000087d00000| Updating 
| 126|0x0000000087e00000, 0x0000000087f00000, 0x0000000087f00000|100%| O|  |TAMS 0x0000000087f00000, 0x0000000087e00000| Updating 
| 127|0x0000000087f00000, 0x0000000088000000, 0x0000000088000000|100%| O|  |TAMS 0x0000000088000000, 0x0000000087f00000| Updating 
| 128|0x0000000088000000, 0x0000000088100000, 0x0000000088100000|100%| O|  |TAMS 0x0000000088100000, 0x0000000088000000| Untracked 
| 129|0x0000000088100000, 0x0000000088200000, 0x0000000088200000|100%| O|  |TAMS 0x0000000088200000, 0x0000000088100000| Untracked 
| 130|0x0000000088200000, 0x0000000088300000, 0x0000000088300000|100%| O|  |TAMS 0x0000000088300000, 0x0000000088200000| Updating 
| 131|0x0000000088300000, 0x0000000088400000, 0x0000000088400000|100%|HS|  |TAMS 0x0000000088400000, 0x0000000088300000| Complete 
| 132|0x0000000088400000, 0x0000000088500000, 0x0000000088500000|100%|HC|  |TAMS 0x0000000088500000, 0x0000000088400000| Complete 
| 133|0x0000000088500000, 0x0000000088600000, 0x0000000088600000|100%|HS|  |TAMS 0x0000000088600000, 0x0000000088500000| Complete 
| 134|0x0000000088600000, 0x0000000088700000, 0x0000000088700000|100%|HC|  |TAMS 0x0000000088700000, 0x0000000088600000| Complete 
| 135|0x0000000088700000, 0x0000000088800000, 0x0000000088800000|100%| O|  |TAMS 0x0000000088800000, 0x0000000088700000| Updating 
| 136|0x0000000088800000, 0x0000000088900000, 0x0000000088900000|100%| O|  |TAMS 0x0000000088900000, 0x0000000088800000| Untracked 
| 137|0x0000000088900000, 0x0000000088a00000, 0x0000000088a00000|100%| O|  |TAMS 0x0000000088a00000, 0x0000000088900000| Untracked 
| 138|0x0000000088a00000, 0x0000000088b00000, 0x0000000088b00000|100%| O|  |TAMS 0x0000000088b00000, 0x0000000088a00000| Untracked 
| 139|0x0000000088b00000, 0x0000000088c00000, 0x0000000088c00000|100%| O|  |TAMS 0x0000000088c00000, 0x0000000088b00000| Untracked 
| 140|0x0000000088c00000, 0x0000000088d00000, 0x0000000088d00000|100%| O|  |TAMS 0x0000000088d00000, 0x0000000088c00000| Untracked 
| 141|0x0000000088d00000, 0x0000000088e00000, 0x0000000088e00000|100%| O|  |TAMS 0x0000000088e00000, 0x0000000088d00000| Untracked 
| 142|0x0000000088e00000, 0x0000000088f00000, 0x0000000088f00000|100%| O|  |TAMS 0x0000000088f00000, 0x0000000088e00000| Untracked 
| 143|0x0000000088f00000, 0x0000000089000000, 0x0000000089000000|100%| O|  |TAMS 0x0000000089000000, 0x0000000088f00000| Updating 
| 144|0x0000000089000000, 0x0000000089100000, 0x0000000089100000|100%| O|  |TAMS 0x0000000089100000, 0x0000000089000000| Updating 
| 145|0x0000000089100000, 0x0000000089200000, 0x0000000089200000|100%| O|  |TAMS 0x0000000089200000, 0x0000000089100000| Updating 
| 146|0x0000000089200000, 0x0000000089300000, 0x0000000089300000|100%|HS|  |TAMS 0x0000000089300000, 0x0000000089200000| Complete 
| 147|0x0000000089300000, 0x0000000089400000, 0x0000000089400000|100%|HC|  |TAMS 0x0000000089400000, 0x0000000089300000| Complete 
| 148|0x0000000089400000, 0x0000000089500000, 0x0000000089500000|100%|HC|  |TAMS 0x0000000089500000, 0x0000000089400000| Complete 
| 149|0x0000000089500000, 0x0000000089600000, 0x0000000089600000|100%| O|  |TAMS 0x0000000089600000, 0x0000000089500000| Updating 
| 150|0x0000000089600000, 0x0000000089700000, 0x0000000089700000|100%| O|  |TAMS 0x0000000089700000, 0x0000000089600000| Untracked 
| 151|0x0000000089700000, 0x0000000089800000, 0x0000000089800000|100%| O|  |TAMS 0x0000000089800000, 0x0000000089700000| Updating 
| 152|0x0000000089800000, 0x0000000089900000, 0x0000000089900000|100%| O|  |TAMS 0x0000000089900000, 0x0000000089800000| Updating 
| 153|0x0000000089900000, 0x0000000089a00000, 0x0000000089a00000|100%| O|  |TAMS 0x0000000089a00000, 0x0000000089900000| Updating 
| 154|0x0000000089a00000, 0x0000000089b00000, 0x0000000089b00000|100%| O|  |TAMS 0x0000000089b00000, 0x0000000089a00000| Updating 
| 155|0x0000000089b00000, 0x0000000089c00000, 0x0000000089c00000|100%| O|  |TAMS 0x0000000089c00000, 0x0000000089b00000| Untracked 
| 156|0x0000000089c00000, 0x0000000089d00000, 0x0000000089d00000|100%| O|  |TAMS 0x0000000089d00000, 0x0000000089c00000| Untracked 
| 157|0x0000000089d00000, 0x0000000089e00000, 0x0000000089e00000|100%| O|  |TAMS 0x0000000089e00000, 0x0000000089d00000| Untracked 
| 158|0x0000000089e00000, 0x0000000089f00000, 0x0000000089f00000|100%| O|  |TAMS 0x0000000089f00000, 0x0000000089e00000| Updating 
| 159|0x0000000089f00000, 0x000000008a000000, 0x000000008a000000|100%| O|  |TAMS 0x000000008a000000, 0x0000000089f00000| Updating 
| 160|0x000000008a000000, 0x000000008a100000, 0x000000008a100000|100%| O|  |TAMS 0x000000008a100000, 0x000000008a000000| Untracked 
| 161|0x000000008a100000, 0x000000008a200000, 0x000000008a200000|100%| O|  |TAMS 0x000000008a200000, 0x000000008a100000| Updating 
| 162|0x000000008a200000, 0x000000008a300000, 0x000000008a300000|100%|HS|  |TAMS 0x000000008a300000, 0x000000008a200000| Complete 
| 163|0x000000008a300000, 0x000000008a400000, 0x000000008a400000|100%|HS|  |TAMS 0x000000008a400000, 0x000000008a300000| Complete 
| 164|0x000000008a400000, 0x000000008a500000, 0x000000008a500000|100%|HS|  |TAMS 0x000000008a500000, 0x000000008a400000| Complete 
| 165|0x000000008a500000, 0x000000008a600000, 0x000000008a600000|100%| O|  |TAMS 0x000000008a600000, 0x000000008a500000| Untracked 
| 166|0x000000008a600000, 0x000000008a700000, 0x000000008a700000|100%| O|  |TAMS 0x000000008a700000, 0x000000008a600000| Untracked 
| 167|0x000000008a700000, 0x000000008a800000, 0x000000008a800000|100%| O|  |TAMS 0x000000008a800000, 0x000000008a700000| Untracked 
| 168|0x000000008a800000, 0x000000008a900000, 0x000000008a900000|100%| O|  |TAMS 0x000000008a900000, 0x000000008a800000| Untracked 
| 169|0x000000008a900000, 0x000000008aa00000, 0x000000008aa00000|100%| O|  |TAMS 0x000000008aa00000, 0x000000008a900000| Untracked 
| 170|0x000000008aa00000, 0x000000008ab00000, 0x000000008ab00000|100%| O|  |TAMS 0x000000008ab00000, 0x000000008aa00000| Updating 
| 171|0x000000008ab00000, 0x000000008ac00000, 0x000000008ac00000|100%| O|  |TAMS 0x000000008ac00000, 0x000000008ab00000| Untracked 
| 172|0x000000008ac00000, 0x000000008ad00000, 0x000000008ad00000|100%| O|  |TAMS 0x000000008ad00000, 0x000000008ac00000| Untracked 
| 173|0x000000008ad00000, 0x000000008ae00000, 0x000000008ae00000|100%| O|  |TAMS 0x000000008ae00000, 0x000000008ad00000| Updating 
| 174|0x000000008ae00000, 0x000000008af00000, 0x000000008af00000|100%| O|  |TAMS 0x000000008af00000, 0x000000008ae00000| Untracked 
| 175|0x000000008af00000, 0x000000008b000000, 0x000000008b000000|100%| O|  |TAMS 0x000000008b000000, 0x000000008af00000| Untracked 
| 176|0x000000008b000000, 0x000000008b100000, 0x000000008b100000|100%| O|  |TAMS 0x000000008b100000, 0x000000008b000000| Untracked 
| 177|0x000000008b100000, 0x000000008b200000, 0x000000008b200000|100%| O|  |TAMS 0x000000008b200000, 0x000000008b100000| Untracked 
| 178|0x000000008b200000, 0x000000008b300000, 0x000000008b300000|100%| O|  |TAMS 0x000000008b300000, 0x000000008b200000| Untracked 
| 179|0x000000008b300000, 0x000000008b400000, 0x000000008b400000|100%| O|  |TAMS 0x000000008b400000, 0x000000008b300000| Untracked 
| 180|0x000000008b400000, 0x000000008b500000, 0x000000008b500000|100%| O|  |TAMS 0x000000008b500000, 0x000000008b400000| Updating 
| 181|0x000000008b500000, 0x000000008b600000, 0x000000008b600000|100%| O|  |TAMS 0x000000008b600000, 0x000000008b500000| Updating 
| 182|0x000000008b600000, 0x000000008b700000, 0x000000008b700000|100%| O|  |TAMS 0x000000008b700000, 0x000000008b600000| Updating 
| 183|0x000000008b700000, 0x000000008b800000, 0x000000008b800000|100%|HS|  |TAMS 0x000000008b800000, 0x000000008b700000| Complete 
| 184|0x000000008b800000, 0x000000008b900000, 0x000000008b900000|100%|HS|  |TAMS 0x000000008b900000, 0x000000008b800000| Complete 
| 185|0x000000008b900000, 0x000000008ba00000, 0x000000008ba00000|100%|HS|  |TAMS 0x000000008ba00000, 0x000000008b900000| Complete 
| 186|0x000000008ba00000, 0x000000008bb00000, 0x000000008bb00000|100%| O|  |TAMS 0x000000008bb00000, 0x000000008ba00000| Updating 
| 187|0x000000008bb00000, 0x000000008bc00000, 0x000000008bc00000|100%| O|  |TAMS 0x000000008bc00000, 0x000000008bb00000| Updating 
| 188|0x000000008bc00000, 0x000000008bd00000, 0x000000008bd00000|100%| O|  |TAMS 0x000000008bd00000, 0x000000008bc00000| Updating 
| 189|0x000000008bd00000, 0x000000008be00000, 0x000000008be00000|100%| O|  |TAMS 0x000000008be00000, 0x000000008bd00000| Untracked 
| 190|0x000000008be00000, 0x000000008bf00000, 0x000000008bf00000|100%| O|  |TAMS 0x000000008bf00000, 0x000000008be00000| Updating 
| 191|0x000000008bf00000, 0x000000008c000000, 0x000000008c000000|100%| O|  |TAMS 0x000000008c000000, 0x000000008bf00000| Updating 
| 192|0x000000008c000000, 0x000000008c100000, 0x000000008c100000|100%| O|  |TAMS 0x000000008c100000, 0x000000008c000000| Updating 
| 193|0x000000008c100000, 0x000000008c200000, 0x000000008c200000|100%| O|  |TAMS 0x000000008c200000, 0x000000008c100000| Untracked 
| 194|0x000000008c200000, 0x000000008c300000, 0x000000008c300000|100%| O|  |TAMS 0x000000008c300000, 0x000000008c200000| Untracked 
| 195|0x000000008c300000, 0x000000008c400000, 0x000000008c400000|100%| O|  |TAMS 0x000000008c400000, 0x000000008c300000| Updating 
| 196|0x000000008c400000, 0x000000008c500000, 0x000000008c500000|100%| O|  |TAMS 0x000000008c500000, 0x000000008c400000| Untracked 
| 197|0x000000008c500000, 0x000000008c600000, 0x000000008c600000|100%| O|  |TAMS 0x000000008c600000, 0x000000008c500000| Updating 
| 198|0x000000008c600000, 0x000000008c700000, 0x000000008c700000|100%| O|  |TAMS 0x000000008c700000, 0x000000008c600000| Untracked 
| 199|0x000000008c700000, 0x000000008c800000, 0x000000008c800000|100%| O|  |TAMS 0x000000008c800000, 0x000000008c700000| Updating 
| 200|0x000000008c800000, 0x000000008c900000, 0x000000008c900000|100%| O|  |TAMS 0x000000008c900000, 0x000000008c800000| Updating 
| 201|0x000000008c900000, 0x000000008ca00000, 0x000000008ca00000|100%| O|  |TAMS 0x000000008ca00000, 0x000000008c900000| Untracked 
| 202|0x000000008ca00000, 0x000000008cb00000, 0x000000008cb00000|100%| O|  |TAMS 0x000000008cb00000, 0x000000008ca00000| Updating 
| 203|0x000000008cb00000, 0x000000008cc00000, 0x000000008cc00000|100%| O|  |TAMS 0x000000008cc00000, 0x000000008cb00000| Untracked 
| 204|0x000000008cc00000, 0x000000008cd00000, 0x000000008cd00000|100%| O|  |TAMS 0x000000008cd00000, 0x000000008cc00000| Untracked 
| 205|0x000000008cd00000, 0x000000008ce00000, 0x000000008ce00000|100%| O|  |TAMS 0x000000008ce00000, 0x000000008cd00000| Untracked 
| 206|0x000000008ce00000, 0x000000008cf00000, 0x000000008cf00000|100%| O|  |TAMS 0x000000008cf00000, 0x000000008ce00000| Updating 
| 207|0x000000008cf00000, 0x000000008d000000, 0x000000008d000000|100%| O|  |TAMS 0x000000008d000000, 0x000000008cf00000| Untracked 
| 208|0x000000008d000000, 0x000000008d100000, 0x000000008d100000|100%| O|  |TAMS 0x000000008d100000, 0x000000008d000000| Updating 
| 209|0x000000008d100000, 0x000000008d200000, 0x000000008d200000|100%| O|  |TAMS 0x000000008d200000, 0x000000008d100000| Updating 
| 210|0x000000008d200000, 0x000000008d300000, 0x000000008d300000|100%| O|  |TAMS 0x000000008d300000, 0x000000008d200000| Untracked 
| 211|0x000000008d300000, 0x000000008d400000, 0x000000008d400000|100%| O|  |TAMS 0x000000008d400000, 0x000000008d300000| Updating 
| 212|0x000000008d400000, 0x000000008d500000, 0x000000008d500000|100%| O|  |TAMS 0x000000008d500000, 0x000000008d400000| Updating 
| 213|0x000000008d500000, 0x000000008d600000, 0x000000008d600000|100%| O|  |TAMS 0x000000008d600000, 0x000000008d500000| Updating 
| 214|0x000000008d600000, 0x000000008d700000, 0x000000008d700000|100%|HS|  |TAMS 0x000000008d700000, 0x000000008d600000| Complete 
| 215|0x000000008d700000, 0x000000008d800000, 0x000000008d800000|100%|HS|  |TAMS 0x000000008d800000, 0x000000008d700000| Complete 
| 216|0x000000008d800000, 0x000000008d900000, 0x000000008d900000|100%| O|  |TAMS 0x000000008d900000, 0x000000008d800000| Untracked 
| 217|0x000000008d900000, 0x000000008da00000, 0x000000008da00000|100%|HS|  |TAMS 0x000000008da00000, 0x000000008d900000| Complete 
| 218|0x000000008da00000, 0x000000008db00000, 0x000000008db00000|100%|HC|  |TAMS 0x000000008db00000, 0x000000008da00000| Complete 
| 219|0x000000008db00000, 0x000000008dc00000, 0x000000008dc00000|100%| O|  |TAMS 0x000000008dc00000, 0x000000008db00000| Untracked 
| 220|0x000000008dc00000, 0x000000008dd00000, 0x000000008dd00000|100%| O|  |TAMS 0x000000008dd00000, 0x000000008dc00000| Updating 
| 221|0x000000008dd00000, 0x000000008de00000, 0x000000008de00000|100%| O|  |TAMS 0x000000008de00000, 0x000000008dd00000| Updating 
| 222|0x000000008de00000, 0x000000008df00000, 0x000000008df00000|100%| O|  |TAMS 0x000000008df00000, 0x000000008de00000| Updating 
| 223|0x000000008df00000, 0x000000008e000000, 0x000000008e000000|100%| O|  |TAMS 0x000000008e000000, 0x000000008df00000| Updating 
| 224|0x000000008e000000, 0x000000008e100000, 0x000000008e100000|100%| O|  |TAMS 0x000000008e100000, 0x000000008e000000| Updating 
| 225|0x000000008e100000, 0x000000008e200000, 0x000000008e200000|100%| O|  |TAMS 0x000000008e200000, 0x000000008e100000| Updating 
| 226|0x000000008e200000, 0x000000008e300000, 0x000000008e300000|100%| O|  |TAMS 0x000000008e300000, 0x000000008e200000| Updating 
| 227|0x000000008e300000, 0x000000008e400000, 0x000000008e400000|100%| O|  |TAMS 0x000000008e400000, 0x000000008e300000| Updating 
| 228|0x000000008e400000, 0x000000008e500000, 0x000000008e500000|100%| O|  |TAMS 0x000000008e500000, 0x000000008e400000| Updating 
| 229|0x000000008e500000, 0x000000008e600000, 0x000000008e600000|100%| O|  |TAMS 0x000000008e600000, 0x000000008e500000| Updating 
| 230|0x000000008e600000, 0x000000008e700000, 0x000000008e700000|100%| O|  |TAMS 0x000000008e700000, 0x000000008e600000| Untracked 
| 231|0x000000008e700000, 0x000000008e800000, 0x000000008e800000|100%| O|  |TAMS 0x000000008e800000, 0x000000008e700000| Untracked 
| 232|0x000000008e800000, 0x000000008e900000, 0x000000008e900000|100%| O|  |TAMS 0x000000008e900000, 0x000000008e800000| Untracked 
| 233|0x000000008e900000, 0x000000008ea00000, 0x000000008ea00000|100%| O|  |TAMS 0x000000008ea00000, 0x000000008e900000| Untracked 
| 234|0x000000008ea00000, 0x000000008eb00000, 0x000000008eb00000|100%| O|  |TAMS 0x000000008eb00000, 0x000000008ea00000| Updating 
| 235|0x000000008eb00000, 0x000000008ec00000, 0x000000008ec00000|100%| O|  |TAMS 0x000000008ec00000, 0x000000008eb00000| Updating 
| 236|0x000000008ec00000, 0x000000008ed00000, 0x000000008ed00000|100%| O|  |TAMS 0x000000008ed00000, 0x000000008ec00000| Untracked 
| 237|0x000000008ed00000, 0x000000008ee00000, 0x000000008ee00000|100%| O|  |TAMS 0x000000008ee00000, 0x000000008ed00000| Untracked 
| 238|0x000000008ee00000, 0x000000008ef00000, 0x000000008ef00000|100%| O|  |TAMS 0x000000008ef00000, 0x000000008ee00000| Untracked 
| 239|0x000000008ef00000, 0x000000008f000000, 0x000000008f000000|100%| O|  |TAMS 0x000000008f000000, 0x000000008ef00000| Untracked 
| 240|0x000000008f000000, 0x000000008f100000, 0x000000008f100000|100%| O|  |TAMS 0x000000008f100000, 0x000000008f000000| Untracked 
| 241|0x000000008f100000, 0x000000008f200000, 0x000000008f200000|100%| O|  |TAMS 0x000000008f200000, 0x000000008f100000| Updating 
| 242|0x000000008f200000, 0x000000008f300000, 0x000000008f300000|100%| O|  |TAMS 0x000000008f300000, 0x000000008f200000| Updating 
| 243|0x000000008f300000, 0x000000008f400000, 0x000000008f400000|100%| O|  |TAMS 0x000000008f400000, 0x000000008f300000| Updating 
| 244|0x000000008f400000, 0x000000008f500000, 0x000000008f500000|100%| O|  |TAMS 0x000000008f500000, 0x000000008f400000| Updating 
| 245|0x000000008f500000, 0x000000008f600000, 0x000000008f600000|100%| O|  |TAMS 0x000000008f600000, 0x000000008f500000| Untracked 
| 246|0x000000008f600000, 0x000000008f700000, 0x000000008f700000|100%| O|  |TAMS 0x000000008f700000, 0x000000008f600000| Untracked 
| 247|0x000000008f700000, 0x000000008f800000, 0x000000008f800000|100%| O|  |TAMS 0x000000008f800000, 0x000000008f700000| Untracked 
| 248|0x000000008f800000, 0x000000008f900000, 0x000000008f900000|100%| O|  |TAMS 0x000000008f900000, 0x000000008f800000| Untracked 
| 249|0x000000008f900000, 0x000000008fa00000, 0x000000008fa00000|100%| O|  |TAMS 0x000000008fa00000, 0x000000008f900000| Untracked 
| 250|0x000000008fa00000, 0x000000008fb00000, 0x000000008fb00000|100%| O|  |TAMS 0x000000008fb00000, 0x000000008fa00000| Untracked 
| 251|0x000000008fb00000, 0x000000008fc00000, 0x000000008fc00000|100%| O|  |TAMS 0x000000008fc00000, 0x000000008fb00000| Untracked 
| 252|0x000000008fc00000, 0x000000008fd00000, 0x000000008fd00000|100%| O|  |TAMS 0x000000008fd00000, 0x000000008fc00000| Updating 
| 253|0x000000008fd00000, 0x000000008fe00000, 0x000000008fe00000|100%| O|  |TAMS 0x000000008fe00000, 0x000000008fd00000| Updating 
| 254|0x000000008fe00000, 0x000000008ff00000, 0x000000008ff00000|100%| O|  |TAMS 0x000000008ff00000, 0x000000008fe00000| Updating 
| 255|0x000000008ff00000, 0x0000000090000000, 0x0000000090000000|100%| O|  |TAMS 0x0000000090000000, 0x000000008ff00000| Untracked 
| 256|0x0000000090000000, 0x0000000090100000, 0x0000000090100000|100%| O|  |TAMS 0x0000000090100000, 0x0000000090000000| Updating 
| 257|0x0000000090100000, 0x0000000090200000, 0x0000000090200000|100%| O|  |TAMS 0x0000000090200000, 0x0000000090100000| Updating 
| 258|0x0000000090200000, 0x0000000090300000, 0x0000000090300000|100%| O|  |TAMS 0x0000000090300000, 0x0000000090200000| Updating 
| 259|0x0000000090300000, 0x0000000090400000, 0x0000000090400000|100%| O|  |TAMS 0x0000000090400000, 0x0000000090300000| Untracked 
| 260|0x0000000090400000, 0x0000000090500000, 0x0000000090500000|100%| O|  |TAMS 0x0000000090500000, 0x0000000090400000| Untracked 
| 261|0x0000000090500000, 0x0000000090600000, 0x0000000090600000|100%| O|  |TAMS 0x0000000090600000, 0x0000000090500000| Untracked 
| 262|0x0000000090600000, 0x0000000090700000, 0x0000000090700000|100%| O|  |TAMS 0x0000000090700000, 0x0000000090600000| Untracked 
| 263|0x0000000090700000, 0x0000000090800000, 0x0000000090800000|100%| O|  |TAMS 0x0000000090800000, 0x0000000090700000| Untracked 
| 264|0x0000000090800000, 0x0000000090900000, 0x0000000090900000|100%| O|  |TAMS 0x0000000090900000, 0x0000000090800000| Untracked 
| 265|0x0000000090900000, 0x0000000090a00000, 0x0000000090a00000|100%| O|  |TAMS 0x0000000090a00000, 0x0000000090900000| Untracked 
| 266|0x0000000090a00000, 0x0000000090b00000, 0x0000000090b00000|100%| O|  |TAMS 0x0000000090b00000, 0x0000000090a00000| Untracked 
| 267|0x0000000090b00000, 0x0000000090c00000, 0x0000000090c00000|100%| O|  |TAMS 0x0000000090c00000, 0x0000000090b00000| Updating 
| 268|0x0000000090c00000, 0x0000000090d00000, 0x0000000090d00000|100%| O|  |TAMS 0x0000000090d00000, 0x0000000090c00000| Updating 
| 269|0x0000000090d00000, 0x0000000090e00000, 0x0000000090e00000|100%| O|  |TAMS 0x0000000090e00000, 0x0000000090d00000| Untracked 
| 270|0x0000000090e00000, 0x0000000090f00000, 0x0000000090f00000|100%| O|  |TAMS 0x0000000090f00000, 0x0000000090e00000| Untracked 
| 271|0x0000000090f00000, 0x0000000091000000, 0x0000000091000000|100%| O|  |TAMS 0x0000000091000000, 0x0000000090f00000| Untracked 
| 272|0x0000000091000000, 0x0000000091000000, 0x0000000091100000|  0%| F|  |TAMS 0x0000000091000000, 0x0000000091000000| Untracked 
| 273|0x0000000091100000, 0x0000000091100000, 0x0000000091200000|  0%| F|  |TAMS 0x0000000091100000, 0x0000000091100000| Untracked 
| 274|0x0000000091200000, 0x0000000091200000, 0x0000000091300000|  0%| F|  |TAMS 0x0000000091200000, 0x0000000091200000| Untracked 
| 275|0x0000000091300000, 0x0000000091300000, 0x0000000091400000|  0%| F|  |TAMS 0x0000000091300000, 0x0000000091300000| Untracked 
| 276|0x0000000091400000, 0x0000000091400000, 0x0000000091500000|  0%| F|  |TAMS 0x0000000091400000, 0x0000000091400000| Untracked 
| 277|0x0000000091500000, 0x0000000091500000, 0x0000000091600000|  0%| F|  |TAMS 0x0000000091500000, 0x0000000091500000| Untracked 
| 278|0x0000000091600000, 0x0000000091700000, 0x0000000091700000|100%| O|  |TAMS 0x0000000091600000, 0x0000000091600000| Untracked 
| 279|0x0000000091700000, 0x0000000091800000, 0x0000000091800000|100%|HS|  |TAMS 0x0000000091800000, 0x0000000091700000| Complete 
| 280|0x0000000091800000, 0x0000000091900000, 0x0000000091900000|100%|HC|  |TAMS 0x0000000091900000, 0x0000000091800000| Complete 
| 281|0x0000000091900000, 0x0000000091a00000, 0x0000000091a00000|100%| O|  |TAMS 0x0000000091a00000, 0x0000000091900000| Untracked 
| 282|0x0000000091a00000, 0x0000000091b00000, 0x0000000091b00000|100%| O|  |TAMS 0x0000000091b00000, 0x0000000091a00000| Untracked 
| 283|0x0000000091b00000, 0x0000000091c00000, 0x0000000091c00000|100%| O|  |TAMS 0x0000000091c00000, 0x0000000091b00000| Untracked 
| 284|0x0000000091c00000, 0x0000000091d00000, 0x0000000091d00000|100%| O|  |TAMS 0x0000000091d00000, 0x0000000091c00000| Untracked 
| 285|0x0000000091d00000, 0x0000000091e00000, 0x0000000091e00000|100%| O|  |TAMS 0x0000000091e00000, 0x0000000091d00000| Untracked 
| 286|0x0000000091e00000, 0x0000000091f00000, 0x0000000091f00000|100%| O|  |TAMS 0x0000000091f00000, 0x0000000091e00000| Untracked 
| 287|0x0000000091f00000, 0x0000000092000000, 0x0000000092000000|100%| O|  |TAMS 0x0000000092000000, 0x0000000091f00000| Untracked 
| 288|0x0000000092000000, 0x0000000092100000, 0x0000000092100000|100%| O|  |TAMS 0x0000000092100000, 0x0000000092000000| Untracked 
| 289|0x0000000092100000, 0x0000000092200000, 0x0000000092200000|100%| O|  |TAMS 0x0000000092200000, 0x0000000092100000| Untracked 
| 290|0x0000000092200000, 0x0000000092300000, 0x0000000092300000|100%| O|  |TAMS 0x0000000092300000, 0x0000000092200000| Updating 
| 291|0x0000000092300000, 0x0000000092400000, 0x0000000092400000|100%| O|  |TAMS 0x0000000092400000, 0x0000000092300000| Updating 
| 292|0x0000000092400000, 0x0000000092500000, 0x0000000092500000|100%| O|  |TAMS 0x0000000092500000, 0x0000000092400000| Untracked 
| 293|0x0000000092500000, 0x0000000092600000, 0x0000000092600000|100%| O|  |TAMS 0x0000000092600000, 0x0000000092500000| Untracked 
| 294|0x0000000092600000, 0x0000000092700000, 0x0000000092700000|100%| O|  |TAMS 0x0000000092700000, 0x0000000092600000| Untracked 
| 295|0x0000000092700000, 0x0000000092800000, 0x0000000092800000|100%| O|  |TAMS 0x0000000092800000, 0x0000000092700000| Untracked 
| 296|0x0000000092800000, 0x0000000092900000, 0x0000000092900000|100%| O|  |TAMS 0x0000000092900000, 0x0000000092800000| Untracked 
| 297|0x0000000092900000, 0x0000000092a00000, 0x0000000092a00000|100%| O|  |TAMS 0x0000000092a00000, 0x0000000092900000| Untracked 
| 298|0x0000000092a00000, 0x0000000092b00000, 0x0000000092b00000|100%| O|  |TAMS 0x0000000092b00000, 0x0000000092a00000| Untracked 
| 299|0x0000000092b00000, 0x0000000092c00000, 0x0000000092c00000|100%| O|  |TAMS 0x0000000092c00000, 0x0000000092b00000| Untracked 
| 300|0x0000000092c00000, 0x0000000092d00000, 0x0000000092d00000|100%| O|  |TAMS 0x0000000092d00000, 0x0000000092c00000| Untracked 
| 301|0x0000000092d00000, 0x0000000092e00000, 0x0000000092e00000|100%| O|  |TAMS 0x0000000092e00000, 0x0000000092d00000| Untracked 
| 302|0x0000000092e00000, 0x0000000092f00000, 0x0000000092f00000|100%| O|  |TAMS 0x0000000092f00000, 0x0000000092e00000| Untracked 
| 303|0x0000000092f00000, 0x0000000093000000, 0x0000000093000000|100%| O|  |TAMS 0x0000000093000000, 0x0000000092f00000| Untracked 
| 304|0x0000000093000000, 0x0000000093100000, 0x0000000093100000|100%| O|  |TAMS 0x0000000093100000, 0x0000000093000000| Untracked 
| 305|0x0000000093100000, 0x0000000093200000, 0x0000000093200000|100%| O|  |TAMS 0x0000000093200000, 0x0000000093100000| Untracked 
| 306|0x0000000093200000, 0x0000000093300000, 0x0000000093300000|100%| O|  |TAMS 0x0000000093300000, 0x0000000093200000| Untracked 
| 307|0x0000000093300000, 0x0000000093400000, 0x0000000093400000|100%| O|  |TAMS 0x0000000093400000, 0x0000000093300000| Untracked 
| 308|0x0000000093400000, 0x0000000093500000, 0x0000000093500000|100%| O|  |TAMS 0x000000009346b400, 0x0000000093400000| Updating 
| 309|0x0000000093500000, 0x0000000093500000, 0x0000000093600000|  0%| F|  |TAMS 0x0000000093500000, 0x0000000093500000| Untracked 
| 310|0x0000000093600000, 0x0000000093600000, 0x0000000093700000|  0%| F|  |TAMS 0x0000000093600000, 0x0000000093600000| Untracked 
| 311|0x0000000093700000, 0x0000000093800000, 0x0000000093800000|100%| O|  |TAMS 0x0000000093700000, 0x0000000093700000| Untracked 
| 312|0x0000000093800000, 0x0000000093900000, 0x0000000093900000|100%| O|  |TAMS 0x0000000093800000, 0x0000000093800000| Untracked 
| 313|0x0000000093900000, 0x0000000093a00000, 0x0000000093a00000|100%| O|  |TAMS 0x0000000093900000, 0x0000000093900000| Untracked 
| 314|0x0000000093a00000, 0x0000000093b00000, 0x0000000093b00000|100%| O|  |TAMS 0x0000000093a00000, 0x0000000093a00000| Untracked 
| 315|0x0000000093b00000, 0x0000000093c00000, 0x0000000093c00000|100%| O|  |TAMS 0x0000000093b00000, 0x0000000093b00000| Untracked 
| 316|0x0000000093c00000, 0x0000000093d00000, 0x0000000093d00000|100%| O|  |TAMS 0x0000000093c00000, 0x0000000093c00000| Untracked 
| 317|0x0000000093d00000, 0x0000000093d80000, 0x0000000093e00000| 50%| O|  |TAMS 0x0000000093d00000, 0x0000000093d00000| Updating 
| 318|0x0000000093e00000, 0x0000000093e00000, 0x0000000093f00000|  0%| F|  |TAMS 0x0000000093e00000, 0x0000000093e00000| Untracked 
| 319|0x0000000093f00000, 0x0000000093f00000, 0x0000000094000000|  0%| F|  |TAMS 0x0000000093f00000, 0x0000000093f00000| Untracked 
| 320|0x0000000094000000, 0x0000000094000000, 0x0000000094100000|  0%| F|  |TAMS 0x0000000094000000, 0x0000000094000000| Untracked 
| 321|0x0000000094100000, 0x0000000094100000, 0x0000000094200000|  0%| F|  |TAMS 0x0000000094100000, 0x0000000094100000| Untracked 
| 322|0x0000000094200000, 0x0000000094200000, 0x0000000094300000|  0%| F|  |TAMS 0x0000000094200000, 0x0000000094200000| Untracked 
| 323|0x0000000094300000, 0x0000000094300000, 0x0000000094400000|  0%| F|  |TAMS 0x0000000094300000, 0x0000000094300000| Untracked 
| 324|0x0000000094400000, 0x0000000094400000, 0x0000000094500000|  0%| F|  |TAMS 0x0000000094400000, 0x0000000094400000| Untracked 
| 325|0x0000000094500000, 0x0000000094500000, 0x0000000094600000|  0%| F|  |TAMS 0x0000000094500000, 0x0000000094500000| Untracked 
| 326|0x0000000094600000, 0x0000000094600000, 0x0000000094700000|  0%| F|  |TAMS 0x0000000094600000, 0x0000000094600000| Untracked 
| 327|0x0000000094700000, 0x0000000094700000, 0x0000000094800000|  0%| F|  |TAMS 0x0000000094700000, 0x0000000094700000| Untracked 
| 328|0x0000000094800000, 0x0000000094800000, 0x0000000094900000|  0%| F|  |TAMS 0x0000000094800000, 0x0000000094800000| Untracked 
| 329|0x0000000094900000, 0x0000000094900000, 0x0000000094a00000|  0%| F|  |TAMS 0x0000000094900000, 0x0000000094900000| Untracked 
| 330|0x0000000094a00000, 0x0000000094a00000, 0x0000000094b00000|  0%| F|  |TAMS 0x0000000094a00000, 0x0000000094a00000| Untracked 
| 331|0x0000000094b00000, 0x0000000094b00000, 0x0000000094c00000|  0%| F|  |TAMS 0x0000000094b00000, 0x0000000094b00000| Untracked 
| 332|0x0000000094c00000, 0x0000000094c00000, 0x0000000094d00000|  0%| F|  |TAMS 0x0000000094c00000, 0x0000000094c00000| Untracked 
| 333|0x0000000094d00000, 0x0000000094d00000, 0x0000000094e00000|  0%| F|  |TAMS 0x0000000094d00000, 0x0000000094d00000| Untracked 
| 334|0x0000000094e00000, 0x0000000094e00000, 0x0000000094f00000|  0%| F|  |TAMS 0x0000000094e00000, 0x0000000094e00000| Untracked 
| 335|0x0000000094f00000, 0x0000000094f00000, 0x0000000095000000|  0%| F|  |TAMS 0x0000000094f00000, 0x0000000094f00000| Untracked 
| 336|0x0000000095000000, 0x0000000095000000, 0x0000000095100000|  0%| F|  |TAMS 0x0000000095000000, 0x0000000095000000| Untracked 
| 337|0x0000000095100000, 0x0000000095100000, 0x0000000095200000|  0%| F|  |TAMS 0x0000000095100000, 0x0000000095100000| Untracked 
| 338|0x0000000095200000, 0x0000000095200000, 0x0000000095300000|  0%| F|  |TAMS 0x0000000095200000, 0x0000000095200000| Untracked 
| 339|0x0000000095300000, 0x0000000095300000, 0x0000000095400000|  0%| F|  |TAMS 0x0000000095300000, 0x0000000095300000| Untracked 
| 340|0x0000000095400000, 0x0000000095400000, 0x0000000095500000|  0%| F|  |TAMS 0x0000000095400000, 0x0000000095400000| Untracked 
| 341|0x0000000095500000, 0x0000000095500000, 0x0000000095600000|  0%| F|  |TAMS 0x0000000095500000, 0x0000000095500000| Untracked 
| 342|0x0000000095600000, 0x0000000095600000, 0x0000000095700000|  0%| F|  |TAMS 0x0000000095600000, 0x0000000095600000| Untracked 
| 343|0x0000000095700000, 0x0000000095700000, 0x0000000095800000|  0%| F|  |TAMS 0x0000000095700000, 0x0000000095700000| Untracked 
| 344|0x0000000095800000, 0x0000000095800000, 0x0000000095900000|  0%| F|  |TAMS 0x0000000095800000, 0x0000000095800000| Untracked 
| 345|0x0000000095900000, 0x0000000095900000, 0x0000000095a00000|  0%| F|  |TAMS 0x0000000095900000, 0x0000000095900000| Untracked 
| 346|0x0000000095a00000, 0x0000000095a00000, 0x0000000095b00000|  0%| F|  |TAMS 0x0000000095a00000, 0x0000000095a00000| Untracked 
| 347|0x0000000095b00000, 0x0000000095b00000, 0x0000000095c00000|  0%| F|  |TAMS 0x0000000095b00000, 0x0000000095b00000| Untracked 
| 348|0x0000000095c00000, 0x0000000095c00000, 0x0000000095d00000|  0%| F|  |TAMS 0x0000000095c00000, 0x0000000095c00000| Untracked 
| 349|0x0000000095d00000, 0x0000000095d00000, 0x0000000095e00000|  0%| F|  |TAMS 0x0000000095d00000, 0x0000000095d00000| Untracked 
| 350|0x0000000095e00000, 0x0000000095e00000, 0x0000000095f00000|  0%| F|  |TAMS 0x0000000095e00000, 0x0000000095e00000| Untracked 
| 351|0x0000000095f00000, 0x0000000095f00000, 0x0000000096000000|  0%| F|  |TAMS 0x0000000095f00000, 0x0000000095f00000| Untracked 
| 352|0x0000000096000000, 0x0000000096000000, 0x0000000096100000|  0%| F|  |TAMS 0x0000000096000000, 0x0000000096000000| Untracked 
| 353|0x0000000096100000, 0x0000000096100000, 0x0000000096200000|  0%| F|  |TAMS 0x0000000096100000, 0x0000000096100000| Untracked 
| 354|0x0000000096200000, 0x0000000096200000, 0x0000000096300000|  0%| F|  |TAMS 0x0000000096200000, 0x0000000096200000| Untracked 
| 355|0x0000000096300000, 0x0000000096300000, 0x0000000096400000|  0%| F|  |TAMS 0x0000000096300000, 0x0000000096300000| Untracked 
| 356|0x0000000096400000, 0x0000000096400000, 0x0000000096500000|  0%| F|  |TAMS 0x0000000096400000, 0x0000000096400000| Untracked 
| 357|0x0000000096500000, 0x0000000096500000, 0x0000000096600000|  0%| F|  |TAMS 0x0000000096500000, 0x0000000096500000| Untracked 
| 358|0x0000000096600000, 0x0000000096600000, 0x0000000096700000|  0%| F|  |TAMS 0x0000000096600000, 0x0000000096600000| Untracked 
| 359|0x0000000096700000, 0x0000000096700000, 0x0000000096800000|  0%| F|  |TAMS 0x0000000096700000, 0x0000000096700000| Untracked 
| 360|0x0000000096800000, 0x0000000096800000, 0x0000000096900000|  0%| F|  |TAMS 0x0000000096800000, 0x0000000096800000| Untracked 
| 361|0x0000000096900000, 0x0000000096900000, 0x0000000096a00000|  0%| F|  |TAMS 0x0000000096900000, 0x0000000096900000| Untracked 
| 362|0x0000000096a00000, 0x0000000096a00000, 0x0000000096b00000|  0%| F|  |TAMS 0x0000000096a00000, 0x0000000096a00000| Untracked 
| 363|0x0000000096b00000, 0x0000000096b00000, 0x0000000096c00000|  0%| F|  |TAMS 0x0000000096b00000, 0x0000000096b00000| Untracked 
| 364|0x0000000096c00000, 0x0000000096d00000, 0x0000000096d00000|100%| S|CS|TAMS 0x0000000096c00000, 0x0000000096c00000| Complete 
| 365|0x0000000096d00000, 0x0000000096e00000, 0x0000000096e00000|100%| S|CS|TAMS 0x0000000096d00000, 0x0000000096d00000| Complete 
| 366|0x0000000096e00000, 0x0000000096f00000, 0x0000000096f00000|100%| S|CS|TAMS 0x0000000096e00000, 0x0000000096e00000| Complete 
| 367|0x0000000096f00000, 0x0000000097000000, 0x0000000097000000|100%| S|CS|TAMS 0x0000000096f00000, 0x0000000096f00000| Complete 
| 368|0x0000000097000000, 0x0000000097100000, 0x0000000097100000|100%| S|CS|TAMS 0x0000000097000000, 0x0000000097000000| Complete 
| 369|0x0000000097100000, 0x0000000097100000, 0x0000000097200000|  0%| F|  |TAMS 0x0000000097100000, 0x0000000097100000| Untracked 
| 370|0x0000000097200000, 0x0000000097200000, 0x0000000097300000|  0%| F|  |TAMS 0x0000000097200000, 0x0000000097200000| Untracked 
| 371|0x0000000097300000, 0x0000000097300000, 0x0000000097400000|  0%| F|  |TAMS 0x0000000097300000, 0x0000000097300000| Untracked 
| 372|0x0000000097400000, 0x0000000097400000, 0x0000000097500000|  0%| F|  |TAMS 0x0000000097400000, 0x0000000097400000| Untracked 
| 373|0x0000000097500000, 0x0000000097500000, 0x0000000097600000|  0%| F|  |TAMS 0x0000000097500000, 0x0000000097500000| Untracked 
| 374|0x0000000097600000, 0x0000000097600000, 0x0000000097700000|  0%| F|  |TAMS 0x0000000097600000, 0x0000000097600000| Untracked 
| 375|0x0000000097700000, 0x0000000097700000, 0x0000000097800000|  0%| F|  |TAMS 0x0000000097700000, 0x0000000097700000| Untracked 
| 376|0x0000000097800000, 0x0000000097800000, 0x0000000097900000|  0%| F|  |TAMS 0x0000000097800000, 0x0000000097800000| Untracked 
| 377|0x0000000097900000, 0x0000000097900000, 0x0000000097a00000|  0%| F|  |TAMS 0x0000000097900000, 0x0000000097900000| Untracked 
| 378|0x0000000097a00000, 0x0000000097a00000, 0x0000000097b00000|  0%| F|  |TAMS 0x0000000097a00000, 0x0000000097a00000| Untracked 
| 379|0x0000000097b00000, 0x0000000097b00000, 0x0000000097c00000|  0%| F|  |TAMS 0x0000000097b00000, 0x0000000097b00000| Untracked 
| 380|0x0000000097c00000, 0x0000000097c00000, 0x0000000097d00000|  0%| F|  |TAMS 0x0000000097c00000, 0x0000000097c00000| Untracked 
| 381|0x0000000097d00000, 0x0000000097d00000, 0x0000000097e00000|  0%| F|  |TAMS 0x0000000097d00000, 0x0000000097d00000| Untracked 
| 382|0x0000000097e00000, 0x0000000097e00000, 0x0000000097f00000|  0%| F|  |TAMS 0x0000000097e00000, 0x0000000097e00000| Untracked 
| 383|0x0000000097f00000, 0x0000000097ff65c8, 0x0000000098000000| 96%| E|  |TAMS 0x0000000097f00000, 0x0000000097f00000| Complete 
| 384|0x0000000098000000, 0x0000000098100000, 0x0000000098100000|100%| E|CS|TAMS 0x0000000098000000, 0x0000000098000000| Complete 
| 385|0x0000000098100000, 0x0000000098200000, 0x0000000098200000|100%| E|CS|TAMS 0x0000000098100000, 0x0000000098100000| Complete 
| 386|0x0000000098200000, 0x0000000098300000, 0x0000000098300000|100%| E|CS|TAMS 0x0000000098200000, 0x0000000098200000| Complete 
| 387|0x0000000098300000, 0x0000000098400000, 0x0000000098400000|100%| E|CS|TAMS 0x0000000098300000, 0x0000000098300000| Complete 
| 388|0x0000000098400000, 0x0000000098500000, 0x0000000098500000|100%| E|CS|TAMS 0x0000000098400000, 0x0000000098400000| Complete 
| 389|0x0000000098500000, 0x0000000098600000, 0x0000000098600000|100%| E|CS|TAMS 0x0000000098500000, 0x0000000098500000| Complete 
| 390|0x0000000098600000, 0x0000000098700000, 0x0000000098700000|100%| E|  |TAMS 0x0000000098600000, 0x0000000098600000| Complete 
| 391|0x0000000098700000, 0x0000000098800000, 0x0000000098800000|100%| E|CS|TAMS 0x0000000098700000, 0x0000000098700000| Complete 
| 392|0x0000000098800000, 0x0000000098900000, 0x0000000098900000|100%| E|CS|TAMS 0x0000000098800000, 0x0000000098800000| Complete 
| 393|0x0000000098900000, 0x0000000098a00000, 0x0000000098a00000|100%| E|CS|TAMS 0x0000000098900000, 0x0000000098900000| Complete 
| 394|0x0000000098a00000, 0x0000000098b00000, 0x0000000098b00000|100%| E|CS|TAMS 0x0000000098a00000, 0x0000000098a00000| Complete 

Card table byte_map: [0x000001d54cbd0000,0x000001d54cfd0000] _byte_map_base: 0x000001d54c7d0000

Marking Bits (Prev, Next): (CMBitMap*) 0x000001d535cc0ef0, (CMBitMap*) 0x000001d535cc0eb0
 Prev Bits: [0x000001d54f3d0000, 0x000001d5513d0000)
 Next Bits: [0x000001d54d3d0000, 0x000001d54f3d0000)

Polling page: 0x000001d533c50000

Metaspace:

Usage:
  Non-class:    109.28 MB used.
      Class:     17.27 MB used.
       Both:    126.55 MB used.

Virtual space:
  Non-class space:      128.00 MB reserved,     110.38 MB ( 86%) committed,  2 nodes.
      Class space:      416.00 MB reserved,      18.25 MB (  4%) committed,  1 nodes.
             Both:      544.00 MB reserved,     128.62 MB ( 24%) committed. 

Chunk freelists:
   Non-Class:  1.36 MB
       Class:  13.72 MB
        Both:  15.08 MB

MaxMetaspaceSize: 512.00 MB
CompressedClassSpaceSize: 416.00 MB
Initial GC threshold: 21.00 MB
Current GC threshold: 191.25 MB
CDS: on
MetaspaceReclaimPolicy: balanced
 - commit_granule_bytes: 65536.
 - commit_granule_words: 8192.
 - virtual_space_node_default_size: 8388608.
 - enlarge_chunks_in_place: 1.
 - new_chunks_are_fully_committed: 0.
 - uncommit_free_chunks: 1.
 - use_allocation_guard: 0.
 - handle_deallocations: 1.


Internal statistics:

num_allocs_failed_limit: 9.
num_arena_births: 3166.
num_arena_deaths: 0.
num_vsnodes_births: 3.
num_vsnodes_deaths: 0.
num_space_committed: 2057.
num_space_uncommitted: 0.
num_chunks_returned_to_freelist: 9.
num_chunks_taken_from_freelist: 9340.
num_chunk_merges: 9.
num_chunk_splits: 5786.
num_chunks_enlarged: 3331.
num_inconsistent_stats: 0.

CodeHeap 'non-profiled nmethods': size=120000Kb used=15651Kb max_used=15651Kb free=104348Kb
 bounds [0x000001d5452a0000, 0x000001d5461f0000, 0x000001d54c7d0000]
CodeHeap 'profiled nmethods': size=120000Kb used=35284Kb max_used=35284Kb free=84715Kb
 bounds [0x000001d53d7d0000, 0x000001d53fa50000, 0x000001d544d00000]
CodeHeap 'non-nmethods': size=5760Kb used=1829Kb max_used=1895Kb free=3931Kb
 bounds [0x000001d544d00000, 0x000001d544f70000, 0x000001d5452a0000]
 total_blobs=18924 nmethods=17988 adapters=847
 compilation: enabled
              stopped_count=0, restarted_count=0
 full_count=0

Compilation events (20 events):
Event: 103.685 Thread 0x000001d5538cc060 nmethod 21854 0x000001d53fa3ba90 code [0x000001d53fa3bc40, 0x000001d53fa3bd88]
Event: 103.691 Thread 0x000001d500316410 21855       4       com.android.ide.common.blame.SourceFile::hashCode (22 bytes)
Event: 103.695 Thread 0x000001d5538cc060 21857       3       com.android.ide.common.blame.MergingLogPersistUtil$SourcePositionsSerializer$JsonTypeAdapter::write (192 bytes)
Event: 103.697 Thread 0x000001d500316410 nmethod 21855 0x000001d5461e1690 code [0x000001d5461e1820, 0x000001d5461e1b58]
Event: 103.697 Thread 0x000001d500316410 21856       4       com.android.ide.common.blame.MergingLogPersistUtil$SourcePositionsSerializer::append (67 bytes)
Event: 103.699 Thread 0x000001d5538cc060 nmethod 21857 0x000001d53fa3be10 code [0x000001d53fa3c500, 0x000001d53fa3f9b8]
Event: 103.699 Thread 0x000001d5538cc060 21858       3       com.android.ide.common.blame.MergingLogPersistUtil$SourcePositionsSerializer::<init> (76 bytes)
Event: 103.699 Thread 0x000001d5538cc060 nmethod 21858 0x000001d53fa40a90 code [0x000001d53fa40ce0, 0x000001d53fa416f8]
Event: 103.703 Thread 0x000001d5538cc060 21861   !   3       java.io.BufferedWriter::write (55 bytes)
Event: 103.704 Thread 0x000001d5538cc060 nmethod 21861 0x000001d53fa41a10 code [0x000001d53fa41c00, 0x000001d53fa42098]
Event: 103.712 Thread 0x000001d5538cc060 21862   !   3       java.io.BufferedWriter::flushBuffer (53 bytes)
Event: 103.712 Thread 0x000001d5538cc060 nmethod 21862 0x000001d53fa42390 code [0x000001d53fa42580, 0x000001d53fa42a78]
Event: 103.749 Thread 0x000001d5538c5a10 nmethod 21830 0x000001d5461e1c90 code [0x000001d5461e1fa0, 0x000001d5461e6630]
Event: 103.750 Thread 0x000001d5538c5a10 21863   !   4       java.io.BufferedWriter::write (55 bytes)
Event: 103.752 Thread 0x000001d5538c5a10 nmethod 21863 0x000001d5461e8890 code [0x000001d5461e8a20, 0x000001d5461e8da8]
Event: 103.752 Thread 0x000001d5538c5a10 21859       4       com.android.ide.common.blame.MergingLogPersistUtil$$Lambda$2635/0x000001d5562465d0::accept (12 bytes)
Event: 103.823 Thread 0x000001d5538cc060 21865       3       com.android.ide.common.blame.MergingLogPersistUtil$SourcePositionsSerializer::equals (155 bytes)
Event: 103.825 Thread 0x000001d5538cc060 nmethod 21865 0x000001d53fa42c90 code [0x000001d53fa43160, 0x000001d53fa44fb8]
Event: 103.856 Thread 0x000001d5538cc060 21866       3       java.io.Writer::append (7 bytes)
Event: 103.856 Thread 0x000001d5538cc060 nmethod 21866 0x000001d53fa45910 code [0x000001d53fa45ac0, 0x000001d53fa45ca8]

GC Heap History (20 events):
Event: 83.150 GC heap before
{Heap before GC invocations=80 (full 0):
 garbage-first heap   total 404480K, used 324605K [0x0000000080000000, 0x0000000100000000)
  region size 1024K, 98 young (100352K), 3 survivors (3072K)
 Metaspace       used 119145K, committed 121088K, reserved 557056K
  class space    used 16637K, committed 17536K, reserved 425984K
}
Event: 83.168 GC heap after
{Heap after GC invocations=81 (full 0):
 garbage-first heap   total 404480K, used 235008K [0x0000000080000000, 0x0000000100000000)
  region size 1024K, 11 young (11264K), 11 survivors (11264K)
 Metaspace       used 119145K, committed 121088K, reserved 557056K
  class space    used 16637K, committed 17536K, reserved 425984K
}
Event: 85.631 GC heap before
{Heap before GC invocations=81 (full 0):
 garbage-first heap   total 404480K, used 328192K [0x0000000080000000, 0x0000000100000000)
  region size 1024K, 102 young (104448K), 11 survivors (11264K)
 Metaspace       used 122371K, committed 124288K, reserved 557056K
  class space    used 17021K, committed 17920K, reserved 425984K
}
Event: 85.668 GC heap after
{Heap after GC invocations=82 (full 0):
 garbage-first heap   total 404480K, used 248802K [0x0000000080000000, 0x0000000100000000)
  region size 1024K, 13 young (13312K), 13 survivors (13312K)
 Metaspace       used 122371K, committed 124288K, reserved 557056K
  class space    used 17021K, committed 17920K, reserved 425984K
}
Event: 87.694 GC heap before
{Heap before GC invocations=82 (full 0):
 garbage-first heap   total 404480K, used 330722K [0x0000000080000000, 0x0000000100000000)
  region size 1024K, 93 young (95232K), 13 survivors (13312K)
 Metaspace       used 123762K, committed 125696K, reserved 557056K
  class space    used 17188K, committed 18112K, reserved 425984K
}
Event: 87.723 GC heap after
{Heap after GC invocations=83 (full 0):
 garbage-first heap   total 404480K, used 259952K [0x0000000080000000, 0x0000000100000000)
  region size 1024K, 10 young (10240K), 10 survivors (10240K)
 Metaspace       used 123762K, committed 125696K, reserved 557056K
  class space    used 17188K, committed 18112K, reserved 425984K
}
Event: 90.300 GC heap before
{Heap before GC invocations=83 (full 0):
 garbage-first heap   total 404480K, used 333680K [0x0000000080000000, 0x0000000100000000)
  region size 1024K, 83 young (84992K), 10 survivors (10240K)
 Metaspace       used 125547K, committed 127616K, reserved 557056K
  class space    used 17337K, committed 18304K, reserved 425984K
}
Event: 90.329 GC heap after
{Heap after GC invocations=84 (full 0):
 garbage-first heap   total 404480K, used 271354K [0x0000000080000000, 0x0000000100000000)
  region size 1024K, 11 young (11264K), 11 survivors (11264K)
 Metaspace       used 125547K, committed 127616K, reserved 557056K
  class space    used 17337K, committed 18304K, reserved 425984K
}
Event: 92.543 GC heap before
{Heap before GC invocations=84 (full 0):
 garbage-first heap   total 404480K, used 339962K [0x0000000080000000, 0x0000000100000000)
  region size 1024K, 74 young (75776K), 11 survivors (11264K)
 Metaspace       used 127076K, committed 129088K, reserved 557056K
  class space    used 17444K, committed 18368K, reserved 425984K
}
Event: 92.567 GC heap after
{Heap after GC invocations=85 (full 0):
 garbage-first heap   total 404480K, used 276961K [0x0000000080000000, 0x0000000100000000)
  region size 1024K, 6 young (6144K), 6 survivors (6144K)
 Metaspace       used 127076K, committed 129088K, reserved 557056K
  class space    used 17444K, committed 18368K, reserved 425984K
}
Event: 93.342 GC heap before
{Heap before GC invocations=85 (full 0):
 garbage-first heap   total 404480K, used 339425K [0x0000000080000000, 0x0000000100000000)
  region size 1024K, 67 young (68608K), 6 survivors (6144K)
 Metaspace       used 127076K, committed 129088K, reserved 557056K
  class space    used 17444K, committed 18368K, reserved 425984K
}
Event: 93.353 GC heap after
{Heap after GC invocations=86 (full 0):
 garbage-first heap   total 404480K, used 279666K [0x0000000080000000, 0x0000000100000000)
  region size 1024K, 5 young (5120K), 5 survivors (5120K)
 Metaspace       used 127076K, committed 129088K, reserved 557056K
  class space    used 17444K, committed 18368K, reserved 425984K
}
Event: 94.425 GC heap before
{Heap before GC invocations=86 (full 0):
 garbage-first heap   total 404480K, used 341106K [0x0000000080000000, 0x0000000100000000)
  region size 1024K, 66 young (67584K), 5 survivors (5120K)
 Metaspace       used 127220K, committed 129344K, reserved 557056K
  class space    used 17470K, committed 18496K, reserved 425984K
}
Event: 94.433 GC heap after
{Heap after GC invocations=87 (full 0):
 garbage-first heap   total 404480K, used 280959K [0x0000000080000000, 0x0000000100000000)
  region size 1024K, 6 young (6144K), 6 survivors (6144K)
 Metaspace       used 127220K, committed 129344K, reserved 557056K
  class space    used 17470K, committed 18496K, reserved 425984K
}
Event: 98.539 GC heap before
{Heap before GC invocations=87 (full 0):
 garbage-first heap   total 404480K, used 343423K [0x0000000080000000, 0x0000000100000000)
  region size 1024K, 68 young (69632K), 6 survivors (6144K)
 Metaspace       used 128916K, committed 131072K, reserved 557056K
  class space    used 17634K, committed 18624K, reserved 425984K
}
Event: 98.560 GC heap after
{Heap after GC invocations=88 (full 0):
 garbage-first heap   total 404480K, used 287615K [0x0000000080000000, 0x0000000100000000)
  region size 1024K, 9 young (9216K), 9 survivors (9216K)
 Metaspace       used 128916K, committed 131072K, reserved 557056K
  class space    used 17634K, committed 18624K, reserved 425984K
}
Event: 101.285 GC heap before
{Heap before GC invocations=88 (full 0):
 garbage-first heap   total 404480K, used 352127K [0x0000000080000000, 0x0000000100000000)
  region size 1024K, 64 young (65536K), 9 survivors (9216K)
 Metaspace       used 129261K, committed 131392K, reserved 557056K
  class space    used 17661K, committed 18688K, reserved 425984K
}
Event: 101.318 GC heap after
{Heap after GC invocations=89 (full 0):
 garbage-first heap   total 404480K, used 316845K [0x0000000080000000, 0x0000000100000000)
  region size 1024K, 8 young (8192K), 8 survivors (8192K)
 Metaspace       used 129261K, committed 131392K, reserved 557056K
  class space    used 17661K, committed 18688K, reserved 425984K
}
Event: 103.052 GC heap before
{Heap before GC invocations=89 (full 0):
 garbage-first heap   total 404480K, used 350637K [0x0000000080000000, 0x0000000100000000)
  region size 1024K, 34 young (34816K), 8 survivors (8192K)
 Metaspace       used 129533K, committed 131648K, reserved 557056K
  class space    used 17680K, committed 18688K, reserved 425984K
}
Event: 103.069 GC heap after
{Heap after GC invocations=90 (full 0):
 garbage-first heap   total 404480K, used 322048K [0x0000000080000000, 0x0000000100000000)
  region size 1024K, 5 young (5120K), 5 survivors (5120K)
 Metaspace       used 129533K, committed 131648K, reserved 557056K
  class space    used 17680K, committed 18688K, reserved 425984K
}

Dll operation events (15 events):
Event: 0.047 Loaded shared library C:\Program Files\Microsoft\jdk-17.0.17.10-hotspot\bin\java.dll
Event: 0.084 Loaded shared library C:\Program Files\Microsoft\jdk-17.0.17.10-hotspot\bin\jsvml.dll
Event: 0.249 Loaded shared library C:\Program Files\Microsoft\jdk-17.0.17.10-hotspot\bin\zip.dll
Event: 0.256 Loaded shared library C:\Program Files\Microsoft\jdk-17.0.17.10-hotspot\bin\instrument.dll
Event: 0.264 Loaded shared library C:\Program Files\Microsoft\jdk-17.0.17.10-hotspot\bin\net.dll
Event: 0.267 Loaded shared library C:\Program Files\Microsoft\jdk-17.0.17.10-hotspot\bin\nio.dll
Event: 0.273 Loaded shared library C:\Program Files\Microsoft\jdk-17.0.17.10-hotspot\bin\zip.dll
Event: 1.340 Loaded shared library C:\Program Files\Microsoft\jdk-17.0.17.10-hotspot\bin\jimage.dll
Event: 2.379 Loaded shared library C:\Program Files\Microsoft\jdk-17.0.17.10-hotspot\bin\verify.dll
Event: 2.440 Loaded shared library C:\Users\USER11\.gradle\native\1def1411415f61bf3af743bc5b6707747c0891f09f0c88961ee8f79bc544acac\windows-amd64\native-platform.dll
Event: 2.488 Loaded shared library C:\Users\USER11\.gradle\native\0.2.8\x86_64-windows-gnu\gradle-fileevents.dll
Event: 5.765 Loaded shared library C:\Program Files\Microsoft\jdk-17.0.17.10-hotspot\bin\management.dll
Event: 5.769 Loaded shared library C:\Program Files\Microsoft\jdk-17.0.17.10-hotspot\bin\management_ext.dll
Event: 6.800 Loaded shared library C:\Program Files\Microsoft\jdk-17.0.17.10-hotspot\bin\extnet.dll
Event: 7.552 Loaded shared library C:\Program Files\Microsoft\jdk-17.0.17.10-hotspot\bin\sunmscapi.dll

Deoptimization events (20 events):
Event: 103.705 Thread 0x000001d574fec200 DEOPT PACKING pc=0x000001d5459bb860 sp=0x00000069543fa870
Event: 103.705 Thread 0x000001d574fec200 DEOPT UNPACKING pc=0x000001d544d569a3 sp=0x00000069543fa858 mode 2
Event: 103.706 Thread 0x000001d574fec200 DEOPT PACKING pc=0x000001d53f40f5e7 sp=0x00000069543fa850
Event: 103.706 Thread 0x000001d574fec200 DEOPT UNPACKING pc=0x000001d544d57143 sp=0x00000069543f9d68 mode 0
Event: 103.706 Thread 0x000001d574fec200 Uncommon trap: trap_request=0xffffffde fr.pc=0x000001d5459bb860 relative=0x0000000000001620
Event: 103.706 Thread 0x000001d574fec200 Uncommon trap: reason=class_check action=maybe_recompile pc=0x000001d5459bb860 method=com.google.gson.stream.JsonWriter.string(Ljava/lang/String;)V @ 156 c2
Event: 103.706 Thread 0x000001d574fec200 DEOPT PACKING pc=0x000001d5459bb860 sp=0x00000069543fa870
Event: 103.706 Thread 0x000001d574fec200 DEOPT UNPACKING pc=0x000001d544d569a3 sp=0x00000069543fa858 mode 2
Event: 103.706 Thread 0x000001d574fec200 DEOPT PACKING pc=0x000001d53f40f5e7 sp=0x00000069543fa850
Event: 103.706 Thread 0x000001d574fec200 DEOPT UNPACKING pc=0x000001d544d57143 sp=0x00000069543f9d68 mode 0
Event: 103.706 Thread 0x000001d574fec200 Uncommon trap: trap_request=0xffffffde fr.pc=0x000001d5459bb860 relative=0x0000000000001620
Event: 103.706 Thread 0x000001d574fec200 Uncommon trap: reason=class_check action=maybe_recompile pc=0x000001d5459bb860 method=com.google.gson.stream.JsonWriter.string(Ljava/lang/String;)V @ 156 c2
Event: 103.706 Thread 0x000001d574fec200 DEOPT PACKING pc=0x000001d5459bb860 sp=0x00000069543fa870
Event: 103.706 Thread 0x000001d574fec200 DEOPT UNPACKING pc=0x000001d544d569a3 sp=0x00000069543fa858 mode 2
Event: 103.707 Thread 0x000001d574fec200 DEOPT PACKING pc=0x000001d53f40f5e7 sp=0x00000069543fa850
Event: 103.707 Thread 0x000001d574fec200 DEOPT UNPACKING pc=0x000001d544d57143 sp=0x00000069543f9d68 mode 0
Event: 103.707 Thread 0x000001d574fec200 Uncommon trap: trap_request=0xffffffde fr.pc=0x000001d5459bb860 relative=0x0000000000001620
Event: 103.707 Thread 0x000001d574fec200 Uncommon trap: reason=class_check action=maybe_recompile pc=0x000001d5459bb860 method=com.google.gson.stream.JsonWriter.string(Ljava/lang/String;)V @ 156 c2
Event: 103.707 Thread 0x000001d574fec200 DEOPT PACKING pc=0x000001d5459bb860 sp=0x00000069543fa870
Event: 103.707 Thread 0x000001d574fec200 DEOPT UNPACKING pc=0x000001d544d569a3 sp=0x00000069543fa858 mode 2

Classes loaded (20 events):
Event: 101.165 Loading class java/util/stream/Nodes$IntFixedNodeBuilder
Event: 101.166 Loading class java/util/stream/Node$Builder$OfInt
Event: 101.166 Loading class java/util/stream/Node$Builder$OfInt done
Event: 101.166 Loading class java/util/stream/Nodes$IntArrayNode
Event: 101.167 Loading class java/util/stream/Nodes$IntArrayNode done
Event: 101.167 Loading class java/util/stream/Nodes$IntFixedNodeBuilder done
Event: 101.226 Loading class java/util/concurrent/ConcurrentLinkedDeque
Event: 101.227 Loading class java/util/concurrent/ConcurrentLinkedDeque done
Event: 101.228 Loading class java/util/concurrent/ConcurrentLinkedDeque$Node
Event: 101.228 Loading class java/util/concurrent/ConcurrentLinkedDeque$Node done
Event: 101.794 Loading class com/sun/org/apache/xerces/internal/dom/DOMImplementationImpl
Event: 101.795 Loading class org/w3c/dom/DOMImplementation
Event: 101.795 Loading class org/w3c/dom/DOMImplementation done
Event: 101.795 Loading class com/sun/org/apache/xerces/internal/dom/CoreDOMImplementationImpl
Event: 101.796 Loading class org/w3c/dom/ls/DOMImplementationLS
Event: 101.796 Loading class org/w3c/dom/ls/DOMImplementationLS done
Event: 101.796 Loading class com/sun/org/apache/xerces/internal/dom/CoreDOMImplementationImpl done
Event: 101.796 Loading class com/sun/org/apache/xerces/internal/dom/DOMImplementationImpl done
Event: 101.796 Loading class com/sun/org/apache/xerces/internal/dom/DeferredDOMImplementationImpl
Event: 101.797 Loading class com/sun/org/apache/xerces/internal/dom/DeferredDOMImplementationImpl done

Classes unloaded (0 events):
No events

Classes redefined (0 events):
No events

Internal exceptions (20 events):
Event: 91.221 Thread 0x000001d574febcf0 Exception <a 'java/lang/ClassNotFoundException'{0x0000000097c22288}: org/gradle/process/internal/DefaultExecHandle$ExecResultImplCustomizer> (0x0000000097c22288) 
thrown [s\src\hotspot\share\classfile\systemDictionary.cpp, line 256]
Event: 92.108 Thread 0x000001d574fe8f60 Exception <a 'java/lang/NoSuchMethodError'{0x0000000097282c40}: static Lcom/android/build/api/variant/BuildConfigField;.<clinit>()V> (0x0000000097282c40) 
thrown [s\src\hotspot\share\prims\jni.cpp, line 1112]
Event: 94.377 Thread 0x000001d574fe8f60 Exception <a 'java/lang/NoSuchMethodError'{0x0000000094fcfee0}: static Lcom/android/build/api/variant/impl/ResValueKeyImpl;.<clinit>()V> (0x0000000094fcfee0) 
thrown [s\src\hotspot\share\prims\jni.cpp, line 1112]
Event: 94.378 Thread 0x000001d574fe8f60 Exception <a 'java/lang/NoSuchMethodError'{0x0000000094fdeb18}: static Lcom/android/build/api/variant/ResValue;.<clinit>()V> (0x0000000094fdeb18) 
thrown [s\src\hotspot\share\prims\jni.cpp, line 1112]
Event: 94.404 Thread 0x000001d574fe8f60 Exception <a 'sun/nio/fs/WindowsException'{0x0000000094e5bfa0}> (0x0000000094e5bfa0) 
thrown [s\src\hotspot\share\prims\jni.cpp, line 516]
Event: 94.407 Thread 0x000001d574fe8f60 Exception <a 'sun/nio/fs/WindowsException'{0x0000000094e5d260}> (0x0000000094e5d260) 
thrown [s\src\hotspot\share\prims\jni.cpp, line 516]
Event: 94.511 Thread 0x000001d574fe8f60 Exception <a 'sun/nio/fs/WindowsException'{0x00000000988430f0}> (0x00000000988430f0) 
thrown [s\src\hotspot\share\prims\jni.cpp, line 516]
Event: 94.537 Thread 0x000001d574fecc20 Exception <a 'sun/nio/fs/WindowsException'{0x000000009873b9c0}> (0x000000009873b9c0) 
thrown [s\src\hotspot\share\prims\jni.cpp, line 516]
Event: 94.567 Thread 0x000001d574fe8f60 Exception <a 'sun/nio/fs/WindowsException'{0x00000000987ffa70}> (0x00000000987ffa70) 
thrown [s\src\hotspot\share\prims\jni.cpp, line 516]
Event: 94.586 Thread 0x000001d574fe8f60 Exception <a 'sun/nio/fs/WindowsException'{0x00000000986b9f68}> (0x00000000986b9f68) 
thrown [s\src\hotspot\share\prims\jni.cpp, line 516]
Event: 94.614 Thread 0x000001d574febcf0 Exception <a 'sun/nio/fs/WindowsException'{0x000000009840d820}> (0x000000009840d820) 
thrown [s\src\hotspot\share\prims\jni.cpp, line 516]
Event: 94.635 Thread 0x000001d574febcf0 Exception <a 'sun/nio/fs/WindowsException'{0x00000000984b1838}> (0x00000000984b1838) 
thrown [s\src\hotspot\share\prims\jni.cpp, line 516]
Event: 94.671 Thread 0x000001d574febcf0 Exception <a 'sun/nio/fs/WindowsException'{0x0000000098328278}> (0x0000000098328278) 
thrown [s\src\hotspot\share\prims\jni.cpp, line 516]
Event: 94.691 Thread 0x000001d574fec200 Exception <a 'sun/nio/fs/WindowsException'{0x0000000098245b18}> (0x0000000098245b18) 
thrown [s\src\hotspot\share\prims\jni.cpp, line 516]
Event: 94.719 Thread 0x000001d574fe8f60 Exception <a 'sun/nio/fs/WindowsException'{0x000000009813bb68}> (0x000000009813bb68) 
thrown [s\src\hotspot\share\prims\jni.cpp, line 516]
Event: 94.748 Thread 0x000001d574fec200 Exception <a 'sun/nio/fs/WindowsException'{0x0000000098071e18}> (0x0000000098071e18) 
thrown [s\src\hotspot\share\prims\jni.cpp, line 516]
Event: 94.792 Thread 0x000001d574fec200 Exception <a 'sun/nio/fs/WindowsException'{0x0000000097f2a5d0}> (0x0000000097f2a5d0) 
thrown [s\src\hotspot\share\prims\jni.cpp, line 516]
Event: 98.812 Thread 0x000001d574fec200 Implicit null exception at 0x000001d5460cdfe5 to 0x000001d5460ce030
Event: 101.500 Thread 0x000001d574fec200 Implicit null exception at 0x000001d54610fd1b to 0x000001d546111d4c
Event: 102.057 Thread 0x000001d574fec200 Implicit null exception at 0x000001d54612366c to 0x000001d546123f84

VM Operations (20 events):
Event: 98.560 Executing VM operation: G1CollectForAllocation done
Event: 99.575 Executing VM operation: Cleanup
Event: 99.576 Executing VM operation: Cleanup done
Event: 100.174 Executing VM operation: HandshakeAllThreads
Event: 100.175 Executing VM operation: HandshakeAllThreads done
Event: 101.188 Executing VM operation: Cleanup
Event: 101.189 Executing VM operation: Cleanup done
Event: 101.270 Executing VM operation: HandshakeAllThreads
Event: 101.271 Executing VM operation: HandshakeAllThreads done
Event: 101.285 Executing VM operation: G1CollectForAllocation
Event: 101.318 Executing VM operation: G1CollectForAllocation done
Event: 101.510 Executing VM operation: HandshakeAllThreads
Event: 101.511 Executing VM operation: HandshakeAllThreads done
Event: 101.791 Executing VM operation: HandshakeAllThreads
Event: 101.791 Executing VM operation: HandshakeAllThreads done
Event: 102.800 Executing VM operation: Cleanup
Event: 102.815 Executing VM operation: Cleanup done
Event: 103.052 Executing VM operation: G1CollectForAllocation
Event: 103.069 Executing VM operation: G1CollectForAllocation done
Event: 103.866 Executing VM operation: G1PauseRemark

Memory protections (0 events):
No events

Nmethod flushes (20 events):
Event: 90.743 Thread 0x000001d553938010 flushing  nmethod 0x000001d53f7b3c90
Event: 90.743 Thread 0x000001d553938010 flushing  nmethod 0x000001d53f7bbf10
Event: 90.743 Thread 0x000001d553938010 flushing  nmethod 0x000001d53f7cd210
Event: 90.743 Thread 0x000001d553938010 flushing  nmethod 0x000001d53f7da390
Event: 90.743 Thread 0x000001d553938010 flushing  nmethod 0x000001d53f7e2d90
Event: 90.743 Thread 0x000001d553938010 flushing  nmethod 0x000001d53f7f1690
Event: 90.743 Thread 0x000001d553938010 flushing  nmethod 0x000001d53f81cc90
Event: 90.743 Thread 0x000001d553938010 flushing  nmethod 0x000001d53f81d010
Event: 90.743 Thread 0x000001d553938010 flushing  nmethod 0x000001d53f81d410
Event: 90.743 Thread 0x000001d553938010 flushing  nmethod 0x000001d53f81d890
Event: 100.175 Thread 0x000001d553938010 flushing  nmethod 0x000001d545344610
Event: 100.179 Thread 0x000001d553938010 flushing  nmethod 0x000001d54597ab90
Event: 100.182 Thread 0x000001d553938010 flushing  nmethod 0x000001d545f92f90
Event: 100.188 Thread 0x000001d553938010 flushing  nmethod 0x000001d53dd61810
Event: 100.190 Thread 0x000001d553938010 flushing  nmethod 0x000001d53de5dc90
Event: 100.191 Thread 0x000001d553938010 flushing  nmethod 0x000001d53e01d410
Event: 100.192 Thread 0x000001d553938010 flushing  nmethod 0x000001d53e08ec90
Event: 100.193 Thread 0x000001d553938010 flushing  nmethod 0x000001d53e1f1b10
Event: 100.194 Thread 0x000001d553938010 flushing  nmethod 0x000001d53e2ec010
Event: 100.198 Thread 0x000001d553938010 flushing  nmethod 0x000001d53e827390

Events (20 events):
Event: 90.450 Thread 0x000001d5746e73e0 Thread added: 0x000001d5797f6770
Event: 90.452 Thread 0x000001d5746e73e0 Thread added: 0x000001d5797f5d50
Event: 90.481 Thread 0x000001d574fec200 Thread added: 0x000001d5797f6260
Event: 91.235 Thread 0x000001d500316410 Thread exited: 0x000001d500316410
Event: 91.690 Thread 0x000001d5538c5a10 Thread added: 0x000001d500313ee0
Event: 92.050 Thread 0x000001d500313ee0 Thread exited: 0x000001d500313ee0
Event: 92.148 Thread 0x000001d5538cc060 Thread added: 0x000001d500316410
Event: 93.578 Thread 0x000001d500316410 Thread exited: 0x000001d500316410
Event: 94.370 Thread 0x000001d5538cc060 Thread added: 0x000001d500314980
Event: 95.304 Thread 0x000001d500314980 Thread exited: 0x000001d500314980
Event: 96.639 Thread 0x000001d574feb7e0 Thread exited: 0x000001d574feb7e0
Event: 96.639 Thread 0x000001d574feadc0 Thread exited: 0x000001d574feadc0
Event: 96.663 Thread 0x000001d574fec710 Thread exited: 0x000001d574fec710
Event: 97.800 Thread 0x000001d5538cc060 Thread added: 0x000001d500316410
Event: 98.139 Thread 0x000001d500316410 Thread exited: 0x000001d500316410
Event: 98.291 Thread 0x000001d5538cc060 Thread added: 0x000001d500313440
Event: 101.111 Thread 0x000001d500313440 Thread exited: 0x000001d500313440
Event: 101.273 Thread 0x000001d5538cc060 Thread added: 0x000001d500314980
Event: 103.362 Thread 0x000001d500314980 Thread exited: 0x000001d500314980
Event: 103.616 Thread 0x000001d5538cc060 Thread added: 0x000001d500316410


Dynamic libraries:
0x00007ff6b5a60000 - 0x00007ff6b5a6e000 	C:\Program Files\Microsoft\jdk-17.0.17.10-hotspot\bin\java.exe
0x00007ff8c2580000 - 0x00007ff8c27e7000 	C:\WINDOWS\SYSTEM32\ntdll.dll
0x00007ff8c1240000 - 0x00007ff8c1309000 	C:\WINDOWS\System32\KERNEL32.DLL
0x00007ff8bf780000 - 0x00007ff8bfb6f000 	C:\WINDOWS\System32\KERNELBASE.dll
0x00007ff8bfe80000 - 0x00007ff8bffcb000 	C:\WINDOWS\System32\ucrtbase.dll
0x00007ff8aece0000 - 0x00007ff8aecf8000 	C:\Program Files\Microsoft\jdk-17.0.17.10-hotspot\bin\jli.dll
0x00007ff8c2370000 - 0x00007ff8c2535000 	C:\WINDOWS\System32\USER32.dll
0x00007ff8bfe50000 - 0x00007ff8bfe77000 	C:\WINDOWS\System32\win32u.dll
0x00007ff8c1f80000 - 0x00007ff8c1fab000 	C:\WINDOWS\System32\GDI32.dll
0x00007ff8c0140000 - 0x00007ff8c026c000 	C:\WINDOWS\System32\gdi32full.dll
0x00007ff8bf6d0000 - 0x00007ff8bf773000 	C:\WINDOWS\System32\msvcp_win.dll
0x00007ff8a84c0000 - 0x00007ff8a8753000 	C:\WINDOWS\WinSxS\amd64_microsoft.windows.common-controls_6595b64144ccf1df_6.0.26100.7309_none_3e05feeae336a044\COMCTL32.dll
0x00007ff8c0420000 - 0x00007ff8c04c9000 	C:\WINDOWS\System32\msvcrt.dll
0x00007ff8aec50000 - 0x00007ff8aec6e000 	C:\Program Files\Microsoft\jdk-17.0.17.10-hotspot\bin\VCRUNTIME140.dll
0x00007ff8c0540000 - 0x00007ff8c0571000 	C:\WINDOWS\System32\IMM32.DLL
0x00007ff8aee30000 - 0x00007ff8aee3c000 	C:\Program Files\Microsoft\jdk-17.0.17.10-hotspot\bin\vcruntime140_1.dll
0x00007ff899c10000 - 0x00007ff899c99000 	C:\Program Files\Microsoft\jdk-17.0.17.10-hotspot\bin\msvcp140.dll
0x00007ff850ab0000 - 0x00007ff85172a000 	C:\Program Files\Microsoft\jdk-17.0.17.10-hotspot\bin\server\jvm.dll
0x00007ff8c0d90000 - 0x00007ff8c0e44000 	C:\WINDOWS\System32\ADVAPI32.dll
0x00007ff8c0580000 - 0x00007ff8c0626000 	C:\WINDOWS\System32\sechost.dll
0x00007ff8c1310000 - 0x00007ff8c1428000 	C:\WINDOWS\System32\RPCRT4.dll
0x00007ff8c1430000 - 0x00007ff8c14a4000 	C:\WINDOWS\System32\WS2_32.dll
0x00007ff8bf550000 - 0x00007ff8bf5ae000 	C:\WINDOWS\SYSTEM32\POWRPROF.dll
0x00007ff8b7600000 - 0x00007ff8b7635000 	C:\WINDOWS\SYSTEM32\WINMM.dll
0x00007ff8b7640000 - 0x00007ff8b764b000 	C:\WINDOWS\SYSTEM32\VERSION.dll
0x00007ff8bf530000 - 0x00007ff8bf544000 	C:\WINDOWS\SYSTEM32\UMPDC.dll
0x00007ff8be480000 - 0x00007ff8be49b000 	C:\WINDOWS\SYSTEM32\kernel.appcore.dll
0x00007ff8aecd0000 - 0x00007ff8aecda000 	C:\Program Files\Microsoft\jdk-17.0.17.10-hotspot\bin\jimage.dll
0x00007ff8b6620000 - 0x00007ff8b6862000 	C:\WINDOWS\SYSTEM32\DBGHELP.DLL
0x00007ff8c1fe0000 - 0x00007ff8c2366000 	C:\WINDOWS\System32\combase.dll
0x00007ff8c1160000 - 0x00007ff8c1236000 	C:\WINDOWS\System32\OLEAUT32.dll
0x00007ff8a7490000 - 0x00007ff8a74cc000 	C:\WINDOWS\SYSTEM32\dbgcore.DLL
0x00007ff8c0270000 - 0x00007ff8c0315000 	C:\WINDOWS\System32\bcryptPrimitives.dll
0x00007ff8af040000 - 0x00007ff8af04f000 	C:\Program Files\Microsoft\jdk-17.0.17.10-hotspot\bin\instrument.dll
0x00007ff8aec20000 - 0x00007ff8aec46000 	C:\Program Files\Microsoft\jdk-17.0.17.10-hotspot\bin\java.dll
0x00007ff899850000 - 0x00007ff899926000 	C:\Program Files\Microsoft\jdk-17.0.17.10-hotspot\bin\jsvml.dll
0x00007ff8c0630000 - 0x00007ff8c0d83000 	C:\WINDOWS\System32\SHELL32.dll
0x00007ff8bffd0000 - 0x00007ff8c013a000 	C:\WINDOWS\System32\wintypes.dll
0x00007ff8bd310000 - 0x00007ff8bdb6e000 	C:\WINDOWS\SYSTEM32\windows.storage.dll
0x00007ff8c1060000 - 0x00007ff8c1155000 	C:\WINDOWS\System32\SHCORE.dll
0x00007ff8c04d0000 - 0x00007ff8c0536000 	C:\WINDOWS\System32\shlwapi.dll
0x00007ff8bf5f0000 - 0x00007ff8bf619000 	C:\WINDOWS\SYSTEM32\profapi.dll
0x00007ff8ae2f0000 - 0x00007ff8ae308000 	C:\Program Files\Microsoft\jdk-17.0.17.10-hotspot\bin\zip.dll
0x00007ff8aec00000 - 0x00007ff8aec1b000 	C:\Program Files\Microsoft\jdk-17.0.17.10-hotspot\bin\net.dll
0x00007ff8b7810000 - 0x00007ff8b7938000 	C:\WINDOWS\SYSTEM32\WINHTTP.dll
0x00007ff8be9f0000 - 0x00007ff8bea5b000 	C:\WINDOWS\system32\mswsock.dll
0x00007ff8aebe0000 - 0x00007ff8aebf6000 	C:\Program Files\Microsoft\jdk-17.0.17.10-hotspot\bin\nio.dll
0x00007ff8ae180000 - 0x00007ff8ae190000 	C:\Program Files\Microsoft\jdk-17.0.17.10-hotspot\bin\verify.dll
0x00007ff8ae0c0000 - 0x00007ff8ae0e7000 	C:\Users\USER11\.gradle\native\1def1411415f61bf3af743bc5b6707747c0891f09f0c88961ee8f79bc544acac\windows-amd64\native-platform.dll
0x00007ff8adce0000 - 0x00007ff8add57000 	C:\Users\USER11\.gradle\native\0.2.8\x86_64-windows-gnu\gradle-fileevents.dll
0x00007ff8aebd0000 - 0x00007ff8aebda000 	C:\Program Files\Microsoft\jdk-17.0.17.10-hotspot\bin\management.dll
0x00007ff8ae780000 - 0x00007ff8ae78c000 	C:\Program Files\Microsoft\jdk-17.0.17.10-hotspot\bin\management_ext.dll
0x00007ff8c0ff0000 - 0x00007ff8c0ff8000 	C:\WINDOWS\System32\PSAPI.DLL
0x00007ff8bde90000 - 0x00007ff8bdec4000 	C:\WINDOWS\SYSTEM32\IPHLPAPI.DLL
0x00007ff8c1f70000 - 0x00007ff8c1f7a000 	C:\WINDOWS\System32\NSI.dll
0x00007ff8b74a0000 - 0x00007ff8b74be000 	C:\WINDOWS\SYSTEM32\dhcpcsvc6.DLL
0x00007ff8b6b50000 - 0x00007ff8b6b73000 	C:\WINDOWS\SYSTEM32\dhcpcsvc.DLL
0x00007ff8bdf20000 - 0x00007ff8be04c000 	C:\WINDOWS\SYSTEM32\DNSAPI.dll
0x00007ff8adf50000 - 0x00007ff8adf59000 	C:\Program Files\Microsoft\jdk-17.0.17.10-hotspot\bin\extnet.dll
0x00007ff8becb0000 - 0x00007ff8beccb000 	C:\WINDOWS\SYSTEM32\CRYPTSP.dll
0x00007ff8be3e0000 - 0x00007ff8be41a000 	C:\WINDOWS\system32\rsaenh.dll
0x00007ff8beaa0000 - 0x00007ff8beacb000 	C:\WINDOWS\SYSTEM32\USERENV.dll
0x00007ff8bf5c0000 - 0x00007ff8bf5ea000 	C:\WINDOWS\SYSTEM32\bcrypt.dll
0x00007ff8becd0000 - 0x00007ff8becdc000 	C:\WINDOWS\SYSTEM32\CRYPTBASE.dll
0x00007ff8adef0000 - 0x00007ff8adefe000 	C:\Program Files\Microsoft\jdk-17.0.17.10-hotspot\bin\sunmscapi.dll
0x00007ff8bfb80000 - 0x00007ff8bfcf7000 	C:\WINDOWS\System32\CRYPT32.dll
0x00007ff8beed0000 - 0x00007ff8bef00000 	C:\WINDOWS\SYSTEM32\ncrypt.dll
0x00007ff8bee80000 - 0x00007ff8beebf000 	C:\WINDOWS\SYSTEM32\NTASN1.dll
0x00007ff8adb90000 - 0x00007ff8adb98000 	C:\WINDOWS\system32\wshunix.dll
0x00007ff8ab5c0000 - 0x00007ff8ab5cb000 	C:\Windows\System32\rasadhlp.dll
0x00007ff8b2ed0000 - 0x00007ff8b2f56000 	C:\WINDOWS\System32\fwpuclnt.dll

dbghelp: loaded successfully - version: 4.0.5 - missing functions: none
symbol engine: initialized successfully - sym options: 0x614 - pdb path: .;C:\Program Files\Microsoft\jdk-17.0.17.10-hotspot\bin;C:\WINDOWS\SYSTEM32;C:\WINDOWS\WinSxS\amd64_microsoft.windows.common-controls_6595b64144ccf1df_6.0.26100.7309_none_3e05feeae336a044;C:\Program Files\Microsoft\jdk-17.0.17.10-hotspot\bin\server;C:\Users\USER11\.gradle\native\1def1411415f61bf3af743bc5b6707747c0891f09f0c88961ee8f79bc544acac\windows-amd64;C:\Users\USER11\.gradle\native\0.2.8\x86_64-windows-gnu

VM Arguments:
jvm_args: --add-opens=java.base/java.lang=ALL-UNNAMED --add-opens=java.base/java.lang.invoke=ALL-UNNAMED --add-opens=java.base/java.util=ALL-UNNAMED --add-opens=java.prefs/java.util.prefs=ALL-UNNAMED --add-exports=jdk.compiler/com.sun.tools.javac.api=ALL-UNNAMED --add-exports=jdk.compiler/com.sun.tools.javac.util=ALL-UNNAMED --add-opens=java.base/java.util=ALL-UNNAMED --add-opens=java.prefs/java.util.prefs=ALL-UNNAMED --add-opens=java.base/java.nio.charset=ALL-UNNAMED --add-opens=java.base/java.net=ALL-UNNAMED --add-opens=java.base/java.util.concurrent=ALL-UNNAMED --add-opens=java.base/java.util.concurrent.atomic=ALL-UNNAMED --add-opens=java.xml/javax.xml.namespace=ALL-UNNAMED -XX:MaxMetaspaceSize=512m -Xmx2048m -Dfile.encoding=windows-1252 -Duser.country=US -Duser.language=en -Duser.variant -javaagent:C:\Users\USER11\.gradle\wrapper\dists\gradle-9.0.0-bin\d6wjpkvcgsg3oed0qlfss3wgl\gradle-9.0.0\lib\agents\gradle-instrumentation-agent-9.0.0.jar 
java_command: org.gradle.launcher.daemon.bootstrap.GradleDaemon 9.0.0
java_class_path (initial): C:\Users\USER11\.gradle\wrapper\dists\gradle-9.0.0-bin\d6wjpkvcgsg3oed0qlfss3wgl\gradle-9.0.0\lib\gradle-daemon-main-9.0.0.jar
Launcher Type: SUN_STANDARD

[Global flags]
     intx CICompilerCount                          = 3                                         {product} {ergonomic}
   size_t CompressedClassSpaceSize                 = 436207616                                 {product} {ergonomic}
     uint ConcGCThreads                            = 1                                         {product} {ergonomic}
     uint G1ConcRefinementThreads                  = 4                                         {product} {ergonomic}
   size_t G1HeapRegionSize                         = 1048576                                   {product} {ergonomic}
    uintx GCDrainStackTargetSize                   = 64                                        {product} {ergonomic}
   size_t InitialHeapSize                          = 167772160                                 {product} {ergonomic}
   size_t MarkStackSize                            = 4194304                                   {product} {ergonomic}
   size_t MaxHeapSize                              = 2147483648                                {product} {command line}
   size_t MaxMetaspaceSize                         = 536870912                                 {product} {command line}
   size_t MaxNewSize                               = 1287651328                                {product} {ergonomic}
   size_t MinHeapDeltaBytes                        = 1048576                                   {product} {ergonomic}
   size_t MinHeapSize                              = 8388608                                   {product} {ergonomic}
    uintx NonNMethodCodeHeapSize                   = 5832780                                {pd product} {ergonomic}
    uintx NonProfiledCodeHeapSize                  = 122912730                              {pd product} {ergonomic}
    uintx ProfiledCodeHeapSize                     = 122912730                              {pd product} {ergonomic}
    uintx ReservedCodeCacheSize                    = 251658240                              {pd product} {ergonomic}
     bool SegmentedCodeCache                       = true                                      {product} {ergonomic}
   size_t SoftMaxHeapSize                          = 2147483648                             {manageable} {ergonomic}
     bool UseCompressedClassPointers               = true                           {product lp64_product} {ergonomic}
     bool UseCompressedOops                        = true                           {product lp64_product} {ergonomic}
     bool UseG1GC                                  = true                                      {product} {ergonomic}
     bool UseLargePagesIndividualAllocation        = false                                  {pd product} {ergonomic}

Logging:
Log output configuration:
 #0: stdout all=warning uptime,level,tags
 #1: stderr all=off uptime,level,tags

Environment Variables:
JAVA_HOME=C:\Program Files\Microsoft\jdk-17.0.17.10-hotspot\
PATH=C:\Users\USER11\Desktop\hospital-frontend-app\node_modules\.bin;C:\Users\USER11\Desktop\node_modules\.bin;C:\Users\USER11\node_modules\.bin;C:\Users\node_modules\.bin;C:\node_modules\.bin;C:\Program Files\nodejs\node_modules\npm\node_modules\@npmcli\run-script\lib\node-gyp-bin;C:\Users\USER11\bin;C:\Users\USER11\AppData\Local\Programs\Git\mingw64\bin;C:\Users\USER11\AppData\Local\Programs\Git\usr\local\bin;C:\Users\USER11\AppData\Local\Programs\Git\usr\bin;C:\Users\USER11\AppData\Local\Programs\Git\usr\bin;C:\Users\USER11\AppData\Local\Programs\Git\mingw64\bin;C:\Users\USER11\AppData\Local\Programs\Git\usr\bin;C:\Users\USER11\bin;C:\Users\USER11\AppData\Roaming\Code\User\globalStorage\github.copilot-chat\debugCommand;C:\Users\USER11\AppData\Roaming\Code\User\globalStorage\github.copilot-chat\copilotCli;C:\Program Files\Microsoft\jdk-17.0.17.10-hotspot\bin;C:\Program Files\Common Files\Oracle\Java\javapath;C:\WINDOWS\system32;C:\WINDOWS;C:\WINDOWS\System32\Wbem;C:\WINDOWS\System32\WindowsPowerShell\v1.0;C:\WINDOWS\System32\OpenSSH;C:\ProgramData\chocolatey\bin;C:\Program Files\nodejs;C:\Users\USER11\AppData\Local\Microsoft\WindowsApps;C:\Users\USER11\AppData\Local\Programs\Microsoft VS Code\bin;C:\Users\USER11\AppData\Local\Programs\Git\cmd;C:\Users\USER11\AppData\Local\Programs\Git\mingw64\bin;C:\Users\USER11\AppData\Local\Programs\Git\usr\bin;C:\Program Files\src\flutter_windows_3.35.1-stable\flutter\bin;C:\Users\USER11\AppData\Roaming\npm;C:\Users\USER11\AppData\Local\Android\Sdk\platform-tools;C:\Users\USER11\AppData\Local\Android\Sdk\emulator;C:\Users\USER11\AppData\Local\Programs\Git\usr\bin\vendor_perl;C:\Users\USER11\AppData\Local\Programs\Git\usr\bin\core_perl
USERNAME=Sravani kalisetti
SHELL=C:\Users\USER11\AppData\Local\Programs\Git\usr\bin\bash.exe
DISPLAY=needs-to-be-defined
LANG=en_US.UTF-8
TERM=xterm-256color
TMPDIR=C:\Users\USER11\AppData\Local\Temp
OS=Windows_NT
PROCESSOR_IDENTIFIER=AMD64 Family 23 Model 24 Stepping 1, AuthenticAMD
TMP=C:\Users\USER11\AppData\Local\Temp
TEMP=C:\Users\USER11\AppData\Local\Temp



Periodic native trim disabled


---------------  S Y S T E M  ---------------

OS:
 Windows 11 , 64 bit Build 26100 (10.0.26100.7623)
OS uptime: 4 days 1:41 hours

CPU: total 4 (initial active 4) (4 cores per cpu, 2 threads per core) family 23 model 24 stepping 1 microcode 0x8108109, cx8, cmov, fxsr, ht, mmx, 3dnowpref, sse, sse2, sse3, ssse3, sse4a, sse4.1, sse4.2, popcnt, lzcnt, tsc, tscinvbit, avx, avx2, aes, clmul, bmi1, bmi2, adx, sha, fma, vzeroupper, clflush, clflushopt
Processor Information for the first 4 processors :
  Max Mhz: 2600, Current Mhz: 2600, Mhz Limit: 2600

Memory: 4k page, system-wide physical 10116M (706M free)
TotalPageFile size 21890M (AvailPageFile size 75M)
current process WorkingSet (physical memory assigned to process): 709M, peak: 744M
current process commit charge ("private bytes"): 809M, peak: 959M

vm_info: OpenJDK 64-Bit Server VM (17.0.17+10-LTS) for windows-amd64 JRE (17.0.17+10-LTS), built on Oct 13 2025 22:19:56 by "MicrosoftCorporation" with unknown MS VC++:1944

END.
