#
# There is insufficient memory for the Java Runtime Environment to continue.
# Native memory allocation (mmap) failed to map 65536 bytes. Error detail: Failed to commit metaspace.
# Possible reasons:
#   The system is out of physical RAM or swap space
#   This process is running with CompressedOops enabled, and the Java Heap may be blocking the growth of the native heap
# Possible solutions:
#   Reduce memory load on the system
#   Increase physical memory or swap space
#   Check if swap backing store is full
#   Decrease Java heap size (-Xmx/-Xms)
#   Decrease number of Java threads
#   Decrease Java thread stack sizes (-Xss)
#   Set larger code cache with -XX:ReservedCodeCacheSize=
#   JVM is running with Unscaled Compressed Oops mode in which the Java heap is
#     placed in the first 4GB address space. The Java Heap base address is the
#     maximum limit for the native heap growth. Please use -XX:HeapBaseMinAddress
#     to set the Java Heap base and to place the Java Heap above 4GB virtual address.
# This output file may be truncated or incomplete.
#
#  Out of Memory Error (virtualSpaceNode.cpp:110), pid=16124, tid=17308
#
# JRE version: OpenJDK Runtime Environment Microsoft-11926163 (17.0.16+8) (build 17.0.16+8-LTS)
# Java VM: OpenJDK 64-Bit Server VM Microsoft-11926163 (17.0.16+8-LTS, mixed mode, sharing, tiered, compressed oops, compressed class ptrs, g1 gc, windows-amd64)
# No core dump will be written. Minidumps are not enabled by default on client versions of Windows
#

---------------  S U M M A R Y ------------

Command Line: -Xmx64m -Xms64m -Dorg.gradle.appname=gradlew C:\Users\Likitha\Desktop\medicalll\hospital-frontend-app\android\\gradle\wrapper\gradle-wrapper.jar app:installDebug -PreactNativeDevServerPort=8081

Host: AMD Ryzen 3 3250U with Radeon Graphics         , 4 cores, 9G,  Windows 11 , 64 bit Build 22621 (10.0.22621.5415)
Time: Wed Dec  3 12:23:55 2025 India Standard Time elapsed time: 227.586681 seconds (0d 0h 3m 47s)

---------------  T H R E A D  ---------------

Current thread (0x000002af703414a0):  JavaThread "pool-1-thread-1" [_thread_in_vm, id=17308, stack(0x000000bc1ca00000,0x000000bc1cb00000)]

Stack: [0x000000bc1ca00000,0x000000bc1cb00000]
Native frames: (J=compiled Java code, j=interpreted, Vv=VM code, C=native code)
V  [jvm.dll+0x68ee19]
V  [jvm.dll+0x846249]
V  [jvm.dll+0x847fb8]
V  [jvm.dll+0x848643]
V  [jvm.dll+0x24cf6f]
V  [jvm.dll+0x842027]
V  [jvm.dll+0x6332bb]
V  [jvm.dll+0x1c4c0d]
V  [jvm.dll+0x635c42]
V  [jvm.dll+0x633c76]
V  [jvm.dll+0x3794ff]
V  [jvm.dll+0x1e6f2b]
V  [jvm.dll+0x5520d3]
V  [jvm.dll+0x7c0032]
V  [jvm.dll+0x7bff9a]
V  [jvm.dll+0x41e434]
V  [jvm.dll+0x43275c]
C  [java.dll+0x167e]

Java frames: (J=compiled Java code, j=interpreted, Vv=VM code)
j  java.lang.ClassLoader.defineClass0(Ljava/lang/ClassLoader;Ljava/lang/Class;Ljava/lang/String;[BIILjava/security/ProtectionDomain;ZILjava/lang/Object;)Ljava/lang/Class;+0 java.base@17.0.16
j  java.lang.System$2.defineClass(Ljava/lang/ClassLoader;Ljava/lang/Class;Ljava/lang/String;[BLjava/security/ProtectionDomain;ZILjava/lang/Object;)Ljava/lang/Class;+17 java.base@17.0.16
j  java.lang.invoke.MethodHandles$Lookup$ClassDefiner.defineClass(ZLjava/lang/Object;)Ljava/lang/Class;+54 java.base@17.0.16
j  java.lang.invoke.InvokerBytecodeGenerator.loadMethod([B)Ljava/lang/invoke/MemberName;+16 java.base@17.0.16
j  java.lang.invoke.InvokerBytecodeGenerator.generateCustomizedCode(Ljava/lang/invoke/LambdaForm;Ljava/lang/invoke/MethodType;)Ljava/lang/invoke/MemberName;+30 java.base@17.0.16
j  java.lang.invoke.LambdaForm.compileToBytecode()V+69 java.base@17.0.16
J 1188 c1 java.lang.invoke.LambdaForm.prepare()V java.base@17.0.16 (112 bytes) @ 0x000002af18ca267c [0x000002af18ca24e0+0x000000000000019c]
J 1187 c1 java.lang.invoke.MethodHandle.<init>(Ljava/lang/invoke/MethodType;Ljava/lang/invoke/LambdaForm;)V java.base@17.0.16 (37 bytes) @ 0x000002af18ca1ccc [0x000002af18ca1aa0+0x000000000000022c]
j  java.lang.invoke.BoundMethodHandle.<init>(Ljava/lang/invoke/MethodType;Ljava/lang/invoke/LambdaForm;)V+3 java.base@17.0.16
j  java.lang.invoke.BoundMethodHandle$Species_LL.<init>(Ljava/lang/invoke/MethodType;Ljava/lang/invoke/LambdaForm;Ljava/lang/Object;Ljava/lang/Object;)V+3 java.base@17.0.16
j  java.lang.invoke.BoundMethodHandle$Species_LL.make(Ljava/lang/invoke/MethodType;Ljava/lang/invoke/LambdaForm;Ljava/lang/Object;Ljava/lang/Object;)Ljava/lang/invoke/BoundMethodHandle;+8 java.base@17.0.16
j  java.lang.invoke.DirectMethodHandle$Holder.invokeStatic(Ljava/lang/Object;Ljava/lang/Object;Ljava/lang/Object;Ljava/lang/Object;Ljava/lang/Object;)Ljava/lang/Object;+16 java.base@17.0.16
j  java.lang.invoke.BoundMethodHandle$Species_L.copyWithExtendL(Ljava/lang/invoke/MethodType;Ljava/lang/invoke/LambdaForm;Ljava/lang/Object;)Ljava/lang/invoke/BoundMethodHandle;+19 java.base@17.0.16
j  java.lang.invoke.LambdaFormEditor.bindArgumentL(Ljava/lang/invoke/BoundMethodHandle;ILjava/lang/Object;)Ljava/lang/invoke/BoundMethodHandle;+55 java.base@17.0.16
j  java.lang.invoke.BoundMethodHandle.bindArgumentL(ILjava/lang/Object;)Ljava/lang/invoke/BoundMethodHandle;+7 java.base@17.0.16
j  java.lang.invoke.MethodHandles.insertArguments(Ljava/lang/invoke/MethodHandle;I[Ljava/lang/Object;)Ljava/lang/invoke/MethodHandle;+84 java.base@17.0.16
j  java.lang.invoke.StringConcatFactory$2.apply(Ljava/lang/Class;)Ljava/lang/invoke/MethodHandle;+27 java.base@17.0.16
j  java.lang.invoke.StringConcatFactory$2.apply(Ljava/lang/Object;)Ljava/lang/Object;+5 java.base@17.0.16
J 838 c1 java.util.concurrent.ConcurrentHashMap.computeIfAbsent(Ljava/lang/Object;Ljava/util/function/Function;)Ljava/lang/Object; java.base@17.0.16 (576 bytes) @ 0x000002af18bf3c0c [0x000002af18bf3640+0x00000000000005cc]
j  java.lang.invoke.StringConcatFactory.prepender(Ljava/lang/String;Ljava/lang/Class;)Ljava/lang/invoke/MethodHandle;+11 java.base@17.0.16
j  java.lang.invoke.StringConcatFactory.generateMHInlineCopy(Ljava/lang/invoke/MethodType;Ljava/util/List;)Ljava/lang/invoke/MethodHandle;+366 java.base@17.0.16
j  java.lang.invoke.StringConcatFactory.makeConcatWithConstants(Ljava/lang/invoke/MethodHandles$Lookup;Ljava/lang/String;Ljava/lang/invoke/MethodType;Ljava/lang/String;[Ljava/lang/Object;)Ljava/lang/invoke/CallSite;+220 java.base@17.0.16
j  java.lang.invoke.DirectMethodHandle$Holder.invokeStatic(Ljava/lang/Object;Ljava/lang/Object;Ljava/lang/Object;Ljava/lang/Object;Ljava/lang/Object;Ljava/lang/Object;)Ljava/lang/Object;+18 java.base@17.0.16
j  java.lang.invoke.DelegatingMethodHandle$Holder.delegate(Ljava/lang/Object;Ljava/lang/Object;Ljava/lang/Object;Ljava/lang/Object;Ljava/lang/Object;Ljava/lang/Object;)Ljava/lang/Object;+21 java.base@17.0.16
j  java.lang.invoke.Invokers$Holder.invokeExact_MT(Ljava/lang/Object;Ljava/lang/Object;Ljava/lang/Object;Ljava/lang/Object;Ljava/lang/Object;Ljava/lang/Object;Ljava/lang/Object;)Ljava/lang/Object;+26 java.base@17.0.16
j  java.lang.invoke.BootstrapMethodInvoker.invoke(Ljava/lang/Class;Ljava/lang/invoke/MethodHandle;Ljava/lang/String;Ljava/lang/Object;Ljava/lang/Object;Ljava/lang/Class;)Ljava/lang/Object;+157 java.base@17.0.16
j  java.lang.invoke.CallSite.makeSite(Ljava/lang/invoke/MethodHandle;Ljava/lang/String;Ljava/lang/invoke/MethodType;Ljava/lang/Object;Ljava/lang/Class;)Ljava/lang/invoke/CallSite;+8 java.base@17.0.16
j  java.lang.invoke.MethodHandleNatives.linkCallSiteImpl(Ljava/lang/Class;Ljava/lang/invoke/MethodHandle;Ljava/lang/String;Ljava/lang/invoke/MethodType;Ljava/lang/Object;[Ljava/lang/Object;)Ljava/lang/invoke/MemberName;+6 java.base@17.0.16
j  java.lang.invoke.MethodHandleNatives.linkCallSite(Ljava/lang/Object;ILjava/lang/Object;Ljava/lang/Object;Ljava/lang/Object;Ljava/lang/Object;[Ljava/lang/Object;)Ljava/lang/invoke/MemberName;+46 java.base@17.0.16
v  ~StubRoutines::call_stub
j  java.rmi.RemoteException.getMessage()Ljava/lang/String;+23 java.rmi@17.0.16
j  java.lang.Throwable.getLocalizedMessage()Ljava/lang/String;+1 java.base@17.0.16
j  java.lang.Throwable.toString()Ljava/lang/String;+9 java.base@17.0.16
J 1075 c1 java.lang.String.valueOf(Ljava/lang/Object;)Ljava/lang/String; java.base@17.0.16 (15 bytes) @ 0x000002af18c79a74 [0x000002af18c79940+0x0000000000000134]
j  java.io.PrintWriter.println(Ljava/lang/Object;)V+1 java.base@17.0.16
j  java.lang.Throwable$WrappedPrintWriter.println(Ljava/lang/Object;)V+5 java.base@17.0.16
j  java.lang.Throwable.printStackTrace(Ljava/lang/Throwable$PrintStreamOrWriter;)V+28 java.base@17.0.16
j  java.lang.Throwable.printStackTrace(Ljava/io/PrintWriter;)V+9 java.base@17.0.16
j  org.gradle.internal.logging.text.AbstractStyledTextOutput.exception(Ljava/lang/Throwable;)Lorg/gradle/internal/logging/text/StyledTextOutput;+19
j  org.gradle.internal.logging.events.LogEvent.render(Lorg/gradle/internal/logging/text/StyledTextOutput;)V+30
j  org.gradle.internal.logging.console.StyledTextOutputBackedRenderer.onOutput(Lorg/gradle/internal/logging/events/OutputEvent;)V+240
j  org.gradle.internal.logging.sink.ErrorOutputDispatchingListener.onOutput(Lorg/gradle/internal/logging/events/OutputEvent;)V+45
j  org.gradle.internal.logging.sink.GroupingProgressLogEventGenerator$OperationGroup.bufferOutput(Lorg/gradle/internal/logging/events/RenderableOutputEvent;)V+25
J 1535 c1 org.gradle.internal.logging.sink.GroupingProgressLogEventGenerator.onOutput(Lorg/gradle/internal/logging/events/OutputEvent;)V (108 bytes) @ 0x000002af18d39d1c [0x000002af18d397e0+0x000000000000053c]
J 1534 c1 org.gradle.internal.logging.console.BuildLogLevelFilterRenderer.onOutput(Lorg/gradle/internal/logging/events/OutputEvent;)V (53 bytes) @ 0x000002af18d3922c [0x000002af18d38ca0+0x000000000000058c]
J 1532 c1 org.gradle.internal.logging.console.WorkInProgressRenderer.onOutput(Lorg/gradle/internal/logging/events/OutputEvent;)V (53 bytes) @ 0x000002af18d383fc [0x000002af18d37f00+0x00000000000004fc]
J 1531 c1 org.gradle.internal.logging.console.BuildStatusRenderer.onOutput(Lorg/gradle/internal/logging/events/OutputEvent;)V (350 bytes) @ 0x000002af18d3701c [0x000002af18d35da0+0x000000000000127c]
J 1530 c1 org.gradle.internal.logging.console.AbstractUserInputRenderer.onOutput(Lorg/gradle/internal/logging/events/OutputEvent;)V (111 bytes) @ 0x000002af18d3471c [0x000002af18d33a80+0x0000000000000c9c]
J 1671 c1 org.gradle.internal.logging.console.ThrottlingOutputEventListener.renderNow()V (40 bytes) @ 0x000002af18d7eb4c [0x000002af18d7e880+0x00000000000002cc]
J 1452 c1 org.gradle.internal.logging.console.ThrottlingOutputEventListener.onOutput(Lorg/gradle/internal/logging/events/OutputEvent;)V (85 bytes) @ 0x000002af18d1234c [0x000002af18d11d40+0x000000000000060c]
J 1696 c1 org.gradle.internal.logging.console.ThrottlingOutputEventListener$1.run()V (42 bytes) @ 0x000002af18d962cc [0x000002af18d96080+0x000000000000024c]
J 1695 c1 java.util.concurrent.Executors$RunnableAdapter.call()Ljava/lang/Object; java.base@17.0.16 (14 bytes) @ 0x000002af18d95c4c [0x000002af18d95b40+0x000000000000010c]
J 1694 c1 java.util.concurrent.FutureTask.runAndReset()Z java.base@17.0.16 (125 bytes) @ 0x000002af18d9442c [0x000002af18d93bc0+0x000000000000086c]
J 1693 c1 java.util.concurrent.ScheduledThreadPoolExecutor$ScheduledFutureTask.run()V java.base@17.0.16 (57 bytes) @ 0x000002af18d9296c [0x000002af18d927a0+0x00000000000001cc]
j  java.util.concurrent.ThreadPoolExecutor.runWorker(Ljava/util/concurrent/ThreadPoolExecutor$Worker;)V+92 java.base@17.0.16
j  java.util.concurrent.ThreadPoolExecutor$Worker.run()V+5 java.base@17.0.16
j  java.lang.Thread.run()V+11 java.base@17.0.16
v  ~StubRoutines::call_stub

Compiled method (c1)  227748 1188       3       java.lang.invoke.LambdaForm::prepare (112 bytes)
 total in heap  [0x000002af18ca2290,0x000002af18ca2fa0] = 3344
 relocation     [0x000002af18ca23f0,0x000002af18ca24c8] = 216
 main code      [0x000002af18ca24e0,0x000002af18ca2c80] = 1952
 stub code      [0x000002af18ca2c80,0x000002af18ca2d18] = 152
 metadata       [0x000002af18ca2d18,0x000002af18ca2d58] = 64
 scopes data    [0x000002af18ca2d58,0x000002af18ca2e18] = 192
 scopes pcs     [0x000002af18ca2e18,0x000002af18ca2f58] = 320
 dependencies   [0x000002af18ca2f58,0x000002af18ca2f68] = 16
 nul chk table  [0x000002af18ca2f68,0x000002af18ca2fa0] = 56

[Constant Pool (empty)]

[MachCode]
[Entry Point]
  # {method} {0x000002af2a0bb498} 'prepare' '()V' in 'java/lang/invoke/LambdaForm'
  #           [sp+0x70]  (sp of caller)
  0x000002af18ca24e0: 448b 5208 | 49bb 0000 | 002a af02 | 0000 4d03 | d34c 3bd0 

  0x000002af18ca24f4: ;   {runtime_call ic_miss_stub}
  0x000002af18ca24f4: 0f85 86eb | 3407 660f | 1f44 0000 
[Verified Entry Point]
  0x000002af18ca2500: 8984 2400 | 90ff ff55 | 4883 ec60 | 4889 5424 

  0x000002af18ca2510: ;   {metadata(method data for {method} {0x000002af2a0bb498} 'prepare' '()V' in 'java/lang/invoke/LambdaForm')}
  0x000002af18ca2510: 3848 be80 | 9528 6caf | 0200 008b | becc 0000 | 0083 c702 | 89be cc00 | 0000 81e7 | fe07 0000 
  0x000002af18ca2530: 83ff 000f | 84cd 0500 

  0x000002af18ca2538: ;   {metadata(method data for {method} {0x000002af2a0bb498} 'prepare' '()V' in 'java/lang/invoke/LambdaForm')}
  0x000002af18ca2538: 0048 be80 | 9528 6caf | 0200 00ff | 8620 0100 | 0048 8bf2 

  0x000002af18ca254c: ;   {metadata(method data for {method} {0x000002af2a0bb498} 'prepare' '()V' in 'java/lang/invoke/LambdaForm')}
  0x000002af18ca254c: 48bf 8095 | 286c af02 | 0000 4883 | 8730 0100 

  0x000002af18ca255c: ;   {metadata(method data for {method} {0x000002af2a3929d0} 'forceInterpretation' '()Z' in 'java/lang/invoke/LambdaForm')}
  0x000002af18ca255c: 0001 48be | b052 236c | af02 0000 | 8bbe cc00 | 0000 83c7 | 0289 becc | 0000 0081 | e7fe ff1f 
  0x000002af18ca257c: 0083 ff00 | 0f84 a105 | 0000 8b72 | 1483 feff 

  0x000002af18ca258c: ;   {metadata(method data for {method} {0x000002af2a3929d0} 'forceInterpretation' '()Z' in 'java/lang/invoke/LambdaForm')}
  0x000002af18ca258c: 48be b052 | 236c af02 | 0000 48c7 | c710 0100 | 000f 8507 | 0000 0048 | c7c7 2001 | 0000 488b 
  0x000002af18ca25ac: 1c3e 488d | 5b01 4889 | 1c3e 0f85 | 1a00 0000 

  0x000002af18ca25bc: ;   {metadata(method data for {method} {0x000002af2a3929d0} 'forceInterpretation' '()Z' in 'java/lang/invoke/LambdaForm')}
  0x000002af18ca25bc: 48be b052 | 236c af02 | 0000 ff86 | 3001 0000 | be01 0000 | 00e9 0500 | 0000 be00 | 0000 0083 
  0x000002af18ca25dc: e601 83fe 

  0x000002af18ca25e0: ;   {metadata(method data for {method} {0x000002af2a0bb498} 'prepare' '()V' in 'java/lang/invoke/LambdaForm')}
  0x000002af18ca25e0: 0048 be80 | 9528 6caf | 0200 0048 | c7c7 6801 | 0000 0f85 | 0700 0000 | 48c7 c778 | 0100 0048 
  0x000002af18ca2600: 8b1c 3e48 | 8d5b 0148 | 891c 3e0f | 8570 0000 | 000f be72 | 1983 fe00 

  0x000002af18ca2618: ;   {metadata(method data for {method} {0x000002af2a0bb498} 'prepare' '()V' in 'java/lang/invoke/LambdaForm')}
  0x000002af18ca2618: 48be 8095 | 286c af02 | 0000 48c7 | c788 0100 | 000f 8507 | 0000 0048 | c7c7 9801 | 0000 488b 
  0x000002af18ca2638: 1c3e 488d | 5b01 4889 | 1c3e 0f85 | 3900 0000 

  0x000002af18ca2648: ;   {metadata(method data for {method} {0x000002af2a0bb498} 'prepare' '()V' in 'java/lang/invoke/LambdaForm')}
  0x000002af18ca2648: 488b f248 | bf80 9528 | 6caf 0200 

  0x000002af18ca2654: ;   {metadata('java/lang/invoke/LambdaForm')}
  0x000002af18ca2654: 0049 bae8 | ab0b 2aaf | 0200 004c | 8997 b801 | 0000 4883 | 87c0 0100 | 0001 488b | f248 8bd6 
  0x000002af18ca2674: ;   {optimized virtual_call}
  0x000002af18ca2674: 6666 90e8 

  0x000002af18ca2678: ; ImmutableOopMap {[56]=Oop }
                      ;*invokevirtual compileToBytecode {reexecute=0 rethrow=0 return_oop=0}
                      ; - java.lang.invoke.LambdaForm::prepare@21 (line 812)
  0x000002af18ca2678: 0906 0000 | 488b 5424 | 388b 7228 | 4883 fe00 

  0x000002af18ca2688: ;   {metadata(method data for {method} {0x000002af2a0bb498} 'prepare' '()V' in 'java/lang/invoke/LambdaForm')}
  0x000002af18ca2688: 48be 8095 | 286c af02 | 0000 48c7 | c7f0 0100 | 000f 8507 | 0000 0048 | c7c7 e001 | 0000 488b 
  0x000002af18ca26a8: 1c3e 488d | 5b01 4889 | 1c3e 0f85 | 3b04 0000 

  0x000002af18ca26b8: ;   {metadata(method data for {method} {0x000002af2a0bb498} 'prepare' '()V' in 'java/lang/invoke/LambdaForm')}
  0x000002af18ca26b8: 488b f248 | bf80 9528 | 6caf 0200 

  0x000002af18ca26c4: ;   {metadata('java/lang/invoke/LambdaForm')}
  0x000002af18ca26c4: 0049 bae8 | ab0b 2aaf | 0200 004c | 8997 1002 | 0000 4883 | 8718 0200 | 0001 488b | f248 8bd6 
  0x000002af18ca26e4: ;   {optimized virtual_call}
  0x000002af18ca26e4: 6666 90e8 

  0x000002af18ca26e8: ; ImmutableOopMap {[56]=Oop }
                      ;*invokevirtual methodType {reexecute=0 rethrow=0 return_oop=0}
                      ; - java.lang.invoke.LambdaForm::prepare@33 (line 818)
  0x000002af18ca26e8: 94ec 3407 | 4889 4424 | 4048 3b00 

  0x000002af18ca26f4: ;   {metadata(method data for {method} {0x000002af2a0bb498} 'prepare' '()V' in 'java/lang/invoke/LambdaForm')}
  0x000002af18ca26f4: 488b d048 | be80 9528 | 6caf 0200 | 0048 8386 | 3802 0000 | 018b 5014 

  0x000002af18ca270c: ; implicit exception: dispatches to 0x000002af18ca2b4d
  0x000002af18ca270c: 483b 0248 

  0x000002af18ca2710: ;   {metadata(method data for {method} {0x000002af2a0bb498} 'prepare' '()V' in 'java/lang/invoke/LambdaForm')}
  0x000002af18ca2710: 8bf2 48bf | 8095 286c | af02 0000 | 4883 8770 | 0200 0001 

  0x000002af18ca2724: ;   {metadata(method data for {method} {0x000002af2a3914b8} 'cachedLambdaForm' '(I)Ljava/lang/invoke/LambdaForm;' in 'java/lang/invoke/MethodTypeForm')}
  0x000002af18ca2724: 48be 289c | 286c af02 | 0000 8bbe | cc00 0000 | 83c7 0289 | becc 0000 | 0081 e7fe | ff1f 0083 
  0x000002af18ca2744: ff00 0f84 | 0604 0000 | 8b52 1c8b | 720c 83fe | 060f 861d | 0400 008b | 5228 4883 

  0x000002af18ca2760: ;   {metadata(method data for {method} {0x000002af2a3914b8} 'cachedLambdaForm' '(I)Ljava/lang/invoke/LambdaForm;' in 'java/lang/invoke/MethodTypeForm')}
  0x000002af18ca2760: fa00 48be | 289c 286c | af02 0000 | 48c7 c710 | 0100 000f | 8407 0000 | 0048 c7c7 | 2001 0000 
  0x000002af18ca2780: 488b 1c3e | 488d 5b01 | 4889 1c3e | 0f84 a801 | 0000 483b | 0248 8bf2 

  0x000002af18ca2798: ;   {metadata(method data for {method} {0x000002af2a3914b8} 'cachedLambdaForm' '(I)Ljava/lang/invoke/LambdaForm;' in 'java/lang/invoke/MethodTypeForm')}
  0x000002af18ca2798: 48bf 289c | 286c af02 | 0000 8b76 | 0849 ba00 | 0000 2aaf | 0200 0049 | 03f2 483b | b740 0100 
  0x000002af18ca27b8: 0075 0d48 | 8387 4801 | 0000 01e9 | 6600 0000 | 483b b750 | 0100 0075 | 0d48 8387 | 5801 0000 
  0x000002af18ca27d8: 01e9 5000 | 0000 4881 | bf40 0100 | 0000 0000 | 0075 1748 | 89b7 4001 | 0000 48c7 | 8748 0100 
  0x000002af18ca27f8: 0001 0000 | 00e9 2c00 | 0000 4881 | bf50 0100 | 0000 0000 | 0075 1748 | 89b7 5001 | 0000 48c7 
  0x000002af18ca2818: 8758 0100 | 0001 0000 | 00e9 0800 | 0000 4883 | 8730 0100 

  0x000002af18ca282c: ;   {optimized virtual_call}
  0x000002af18ca282c: 0001 90e8 

  0x000002af18ca2830: ; ImmutableOopMap {[56]=Oop [64]=Oop }
                      ;*invokevirtual get {reexecute=0 rethrow=0 return_oop=0}
                      ; - java.lang.invoke.MethodTypeForm::cachedLambdaForm@12 (line 132)
                      ; - java.lang.invoke.LambdaForm::prepare@43 (line 819)
  0x000002af18ca2830: 4ceb 3407 | 4883 f800 

  0x000002af18ca2838: ;   {metadata(method data for {method} {0x000002af2a3914b8} 'cachedLambdaForm' '(I)Ljava/lang/invoke/LambdaForm;' in 'java/lang/invoke/MethodTypeForm')}
  0x000002af18ca2838: 7516 48bf | 289c 286c | af02 0000 | 808f 6101 | 0000 01e9 | d200 0000 

  0x000002af18ca2850: ;   {metadata('java/lang/invoke/LambdaForm')}
  0x000002af18ca2850: 48ba e8ab | 0b2a af02 | 0000 8b70 | 0849 ba00 | 0000 2aaf | 0200 0049 | 03f2 483b | d60f 8593 
  0x000002af18ca2870: ;   {metadata(method data for {method} {0x000002af2a3914b8} 'cachedLambdaForm' '(I)Ljava/lang/invoke/LambdaForm;' in 'java/lang/invoke/MethodTypeForm')}
  0x000002af18ca2870: 0000 0048 | bf28 9c28 | 6caf 0200 | 008b 5008 | 49ba 0000 | 002a af02 | 0000 4903 | d248 3b97 
  0x000002af18ca2890: 7801 0000 | 750d 4883 | 8780 0100 | 0001 e97f | 0000 0048 | 3b97 8801 | 0000 750d | 4883 8790 
  0x000002af18ca28b0: 0100 0001 | e969 0000 | 0048 81bf | 7801 0000 | 0000 0000 | 7517 4889 | 9778 0100 | 0048 c787 
  0x000002af18ca28d0: 8001 0000 | 0100 0000 | e945 0000 | 0048 81bf | 8801 0000 | 0000 0000 | 7517 4889 | 9788 0100 
  0x000002af18ca28f0: 0048 c787 | 9001 0000 | 0100 0000 | e921 0000 | 00e9 1c00 

  0x000002af18ca2904: ;   {metadata(method data for {method} {0x000002af2a3914b8} 'cachedLambdaForm' '(I)Ljava/lang/invoke/LambdaForm;' in 'java/lang/invoke/MethodTypeForm')}
  0x000002af18ca2904: 0000 48bf | 289c 286c | af02 0000 | 4883 af68 | 0100 0001 | e972 0200 | 00e9 0000 | 0000 488b 
  0x000002af18ca2924: ;   {metadata(method data for {method} {0x000002af2a3914b8} 'cachedLambdaForm' '(I)Ljava/lang/invoke/LambdaForm;' in 'java/lang/invoke/MethodTypeForm')}
  0x000002af18ca2924: d048 be28 | 9c28 6caf | 0200 00ff | 86a0 0100 | 00e9 0a00 

  0x000002af18ca2938: ;   {oop(NULL)}
  0x000002af18ca2938: 0000 48ba | 0000 0000 | 0000 0000 | 4883 fa00 

  0x000002af18ca2948: ;   {metadata(method data for {method} {0x000002af2a0bb498} 'prepare' '()V' in 'java/lang/invoke/LambdaForm')}
  0x000002af18ca2948: 48be 8095 | 286c af02 | 0000 48c7 | c7a8 0200 | 000f 8507 | 0000 0048 | c7c7 b802 | 0000 488b 
  0x000002af18ca2968: 043e 488d | 4001 4889 | 043e 0f85 | 3701 0000 

  0x000002af18ca2978: ;   {metadata(method data for {method} {0x000002af2a0bb498} 'prepare' '()V' in 'java/lang/invoke/LambdaForm')}
  0x000002af18ca2978: 48ba 8095 | 286c af02 | 0000 ff82 | c802 0000 | 488b 4424 

  0x000002af18ca298c: ;   {metadata('java/lang/invoke/LambdaForm')}
  0x000002af18ca298c: 4048 bae8 | ab0b 2aaf | 0200 0048 | 8bd8 498b | 8708 0100 | 0048 8d78 | 3049 3bbf | 1801 0000 
  0x000002af18ca29ac: 0f87 e601 | 0000 4989 | bf08 0100 | 0048 c700 | 0100 0000 | 488b ca49 | ba00 0000 | 2aaf 0200 
  0x000002af18ca29cc: 0049 2bca | 8948 0848 | 33c9 8948 | 0c48 33c9 | 4889 4810 | 4889 4818 | 4889 4820 | 4889 4828 
  0x000002af18ca29ec: ;   {metadata(method data for {method} {0x000002af2a0bb498} 'prepare' '()V' in 'java/lang/invoke/LambdaForm')}
  0x000002af18ca29ec: 4c8b c048 | ba80 9528 | 6caf 0200 | 0048 8382 | 6003 0000 | 014c 8bc3 | 488b d048 | 8944 2448 
  0x000002af18ca2a0c: ;   {optimized virtual_call}
  0x000002af18ca2a0c: 6666 90e8 

  0x000002af18ca2a10: ; ImmutableOopMap {[56]=Oop [72]=Oop [64]=Oop }
                      ;*invokespecial <init> {reexecute=0 rethrow=0 return_oop=0}
                      ; - java.lang.invoke.LambdaForm::prepare@80 (line 822)
  0x000002af18ca2a10: 6ce9 3407 

  0x000002af18ca2a14: ;   {metadata(method data for {method} {0x000002af2a0bb498} 'prepare' '()V' in 'java/lang/invoke/LambdaForm')}
  0x000002af18ca2a14: 48ba 8095 | 286c af02 | 0000 4883 | 8270 0300 | 0001 488b | 5424 400f 

  0x000002af18ca2a2c: ;   {static_call}
  0x000002af18ca2a2c: 1f40 00e8 

  0x000002af18ca2a30: ; ImmutableOopMap {[56]=Oop [72]=Oop [64]=Oop }
                      ;*invokestatic generateLambdaFormInterpreterEntryPoint {reexecute=0 rethrow=0 return_oop=0}
                      ; - java.lang.invoke.LambdaForm::prepare@86 (line 823)
  0x000002af18ca2a30: 4cef 3407 | 450f be47 | 3841 83f8 | 004c 8b4c | 2448 0f85 | 5d01 0000 | 4c8b d045 | 8951 284d 
  0x000002af18ca2a50: 8bc1 4c33 | c049 c1e8 | 1449 83f8 | 000f 855e | 0100 0048 | 8b44 2440 

  0x000002af18ca2a68: ;   {metadata(method data for {method} {0x000002af2a0bb498} 'prepare' '()V' in 'java/lang/invoke/LambdaForm')}
  0x000002af18ca2a68: 49b8 8095 | 286c af02 | 0000 4983 | 8080 0300 | 0001 488b | 4424 408b | 5014 483b | 024c 8bc2 
  0x000002af18ca2a88: ;   {metadata(method data for {method} {0x000002af2a0bb498} 'prepare' '()V' in 'java/lang/invoke/LambdaForm')}
  0x000002af18ca2a88: 48be 8095 | 286c af02 | 0000 4883 | 86b8 0300 | 0001 41b8 | 0600 0000 | 0f1f 8000 

  0x000002af18ca2aa4: ;   {optimized virtual_call}
  0x000002af18ca2aa4: 0000 00e8 

  0x000002af18ca2aa8: ; ImmutableOopMap {[56]=Oop }
                      ;*invokevirtual setCachedLambdaForm {reexecute=0 rethrow=0 return_oop=0}
                      ; - java.lang.invoke.LambdaForm::prepare@99 (line 824)
  0x000002af18ca2aa8: d4e8 3407 | 488b d048 | 8b74 2438 

  0x000002af18ca2ab4: ; implicit exception: dispatches to 0x000002af18ca2bde
  0x000002af18ca2ab4: 8b7a 2841 | 0fbe 5f38 | 83fb 000f | 851e 0100 | 004c 8bd7 | 4489 5628 | 488b d648 | 33d7 48c1 
  0x000002af18ca2ad4: ea14 4883 | fa00 0f85 | 1e01 0000 | 4883 c460 

  0x000002af18ca2ae4: ;   {poll_return}
  0x000002af18ca2ae4: 5d49 3ba7 | 4803 0000 | 0f87 2401 | 0000 c348 | 83c4 605d 

  0x000002af18ca2af8: ;   {poll_return}
  0x000002af18ca2af8: 493b a748 | 0300 000f | 8727 0100 

  0x000002af18ca2b04: ;   {metadata({method} {0x000002af2a0bb498} 'prepare' '()V' in 'java/lang/invoke/LambdaForm')}
  0x000002af18ca2b04: 00c3 49ba | 90b4 0b2a | af02 0000 | 4c89 5424 | 0848 c704 | 24ff ffff 

  0x000002af18ca2b1c: ;   {runtime_call counter_overflow Runtime1 stub}
  0x000002af18ca2b1c: ffe8 dec2 

  0x000002af18ca2b20: ; ImmutableOopMap {rdx=Oop [56]=Oop }
                      ;*synchronization entry
                      ; - java.lang.invoke.LambdaForm::prepare@-1 (line 811)
  0x000002af18ca2b20: 3f07 e912 

  0x000002af18ca2b24: ;   {metadata({method} {0x000002af2a3929d0} 'forceInterpretation' '()Z' in 'java/lang/invoke/LambdaForm')}
  0x000002af18ca2b24: faff ff49 | bac8 2939 | 2aaf 0200 | 004c 8954 | 2408 48c7 | 0424 ffff 

  0x000002af18ca2b3c: ;   {runtime_call counter_overflow Runtime1 stub}
  0x000002af18ca2b3c: ffff e8bd 

  0x000002af18ca2b40: ; ImmutableOopMap {rdx=Oop [56]=Oop }
                      ;*synchronization entry
                      ; - java.lang.invoke.LambdaForm::forceInterpretation@-1 (line 928)
                      ; - java.lang.invoke.LambdaForm::prepare@7 (line 811)
  0x000002af18ca2b40: c23f 07e9 | 3efa ffff 

  0x000002af18ca2b48: ;   {runtime_call throw_null_pointer_exception Runtime1 stub}
  0x000002af18ca2b48: e853 9d36 

  0x000002af18ca2b4c: ; ImmutableOopMap {[56]=Oop rax=Oop [64]=Oop }
                      ;*invokevirtual form {reexecute=0 rethrow=0 return_oop=0}
                      ; - java.lang.invoke.LambdaForm::prepare@38 (line 819)
                      ;   {runtime_call throw_null_pointer_exception Runtime1 stub}
  0x000002af18ca2b4c: 07e8 4e9d 

  0x000002af18ca2b50: ; ImmutableOopMap {[56]=Oop rax=Oop [64]=Oop rdx=Oop }
                      ;*invokevirtual cachedLambdaForm {reexecute=0 rethrow=0 return_oop=0}
                      ; - java.lang.invoke.LambdaForm::prepare@43 (line 819)
                      ;   {metadata({method} {0x000002af2a3914b8} 'cachedLambdaForm' '(I)Ljava/lang/invoke/LambdaForm;' in 'java/lang/invoke/MethodTypeForm')}
  0x000002af18ca2b50: 3607 49ba | b014 392a | af02 0000 | 4c89 5424 | 0848 c704 | 24ff ffff 

  0x000002af18ca2b68: ;   {runtime_call counter_overflow Runtime1 stub}
  0x000002af18ca2b68: ffe8 92c2 

  0x000002af18ca2b6c: ; ImmutableOopMap {[56]=Oop rax=Oop [64]=Oop rdx=Oop }
                      ;*synchronization entry
                      ; - java.lang.invoke.MethodTypeForm::cachedLambdaForm@-1 (line 131)
                      ; - java.lang.invoke.LambdaForm::prepare@43 (line 819)
  0x000002af18ca2b6c: 3f07 e9d9 

  0x000002af18ca2b70: ;   {runtime_call throw_null_pointer_exception Runtime1 stub}
  0x000002af18ca2b70: fbff ffe8 

  0x000002af18ca2b74: ; ImmutableOopMap {[56]=Oop rax=Oop [64]=Oop rdx=Oop }
                      ;*aaload {reexecute=0 rethrow=0 return_oop=0}
                      ; - java.lang.invoke.MethodTypeForm::cachedLambdaForm@5 (line 131)
                      ; - java.lang.invoke.LambdaForm::prepare@43 (line 819)
  0x000002af18ca2b74: 289d 3607 | 48c7 0424 | 0600 0000 | 4889 5424 

  0x000002af18ca2b84: ;   {runtime_call throw_range_check_failed Runtime1 stub}
  0x000002af18ca2b84: 08e8 16a6 

  0x000002af18ca2b88: ; ImmutableOopMap {[56]=Oop rax=Oop [64]=Oop rdx=Oop }
                      ;*aaload {reexecute=0 rethrow=0 return_oop=0}
                      ; - java.lang.invoke.MethodTypeForm::cachedLambdaForm@5 (line 131)
                      ; - java.lang.invoke.LambdaForm::prepare@43 (line 819)
                      ;   {runtime_call throw_null_pointer_exception Runtime1 stub}
  0x000002af18ca2b88: 3607 e811 

  0x000002af18ca2b8c: ; ImmutableOopMap {[56]=Oop rdx=Oop [64]=Oop }
                      ;*invokevirtual get {reexecute=0 rethrow=0 return_oop=0}
                      ; - java.lang.invoke.MethodTypeForm::cachedLambdaForm@12 (line 132)
                      ; - java.lang.invoke.LambdaForm::prepare@43 (line 819)
  0x000002af18ca2b8c: 9d36 0748 

  0x000002af18ca2b90: ;   {runtime_call throw_class_cast_exception Runtime1 stub}
  0x000002af18ca2b90: 8904 24e8 

  0x000002af18ca2b94: ; ImmutableOopMap {[56]=Oop [64]=Oop }
                      ;*checkcast {reexecute=0 rethrow=0 return_oop=0}
                      ; - java.lang.invoke.MethodTypeForm::cachedLambdaForm@15 (line 132)
                      ; - java.lang.invoke.LambdaForm::prepare@43 (line 819)
  0x000002af18ca2b94: 08b6 3607 

  0x000002af18ca2b98: ;   {runtime_call fast_new_instance Runtime1 stub}
  0x000002af18ca2b98: 488b d2e8 

  0x000002af18ca2b9c: ; ImmutableOopMap {[56]=Oop rbx=Oop [64]=Oop }
                      ;*new {reexecute=0 rethrow=0 return_oop=0}
                      ; - java.lang.invoke.LambdaForm::prepare@75 (line 822)
  0x000002af18ca2b9c: e093 3607 | e947 feff | ff45 8b41 | 2849 83f8 | 000f 8495 | feff ff4c 

  0x000002af18ca2bb4: ;   {runtime_call g1_pre_barrier_slow}
  0x000002af18ca2bb4: 8904 24e8 | 44c8 3f07 | e987 feff | ff48 83f8 | 000f 8498 | feff ff4c 

  0x000002af18ca2bcc: ;   {runtime_call g1_post_barrier_slow}
  0x000002af18ca2bcc: 890c 24e8 | 2ccb 3f07 | e98a feff 

  0x000002af18ca2bd8: ;   {runtime_call throw_null_pointer_exception Runtime1 stub}
  0x000002af18ca2bd8: ffe8 c29c 

  0x000002af18ca2bdc: ; ImmutableOopMap {[56]=Oop r9=Oop rdx=Oop }
                      ;*invokevirtual setCachedLambdaForm {reexecute=0 rethrow=0 return_oop=0}
                      ; - java.lang.invoke.LambdaForm::prepare@99 (line 824)
                      ;   {runtime_call throw_null_pointer_exception Runtime1 stub}
  0x000002af18ca2bdc: 3607 e8bd 

  0x000002af18ca2be0: ; ImmutableOopMap {rsi=Oop [56]=Oop }
                      ;*getfield vmentry {reexecute=1 rethrow=0 return_oop=0}
                      ; - (reexecute) java.lang.invoke.LambdaForm::prepare@105 (line 826)
  0x000002af18ca2be0: 9c36 078b | 5e28 4883 | fb00 0f84 | d5fe ffff | 4889 1c24 

  0x000002af18ca2bf4: ;   {runtime_call g1_pre_barrier_slow}
  0x000002af18ca2bf4: e807 c83f | 07e9 c7fe | ffff 4883 | ff00 0f84 | d8fe ffff | 4889 3424 

  0x000002af18ca2c0c: ;   {runtime_call g1_post_barrier_slow}
  0x000002af18ca2c0c: e8ef ca3f | 07e9 cafe 

  0x000002af18ca2c14: ;   {internal_word}
  0x000002af18ca2c14: ffff 49ba | e52a ca18 | af02 0000 | 4d89 9760 

  0x000002af18ca2c24: ;   {runtime_call SafepointBlob}
  0x000002af18ca2c24: 0300 00e9 | d44d 3507 

  0x000002af18ca2c2c: ;   {internal_word}
  0x000002af18ca2c2c: 49ba f82a | ca18 af02 | 0000 4d89 | 9760 0300 

  0x000002af18ca2c3c: ;   {runtime_call SafepointBlob}
  0x000002af18ca2c3c: 00e9 be4d | 3507 9090 | 498b 87d8 | 0300 0049 | c787 d803 | 0000 0000 | 0000 49c7 | 87e0 0300 
  0x000002af18ca2c5c: 0000 0000 | 0048 83c4 

  0x000002af18ca2c64: ;   {runtime_call unwind_exception Runtime1 stub}
  0x000002af18ca2c64: 605d e995 | 5936 07f4 | f4f4 f4f4 | f4f4 f4f4 | f4f4 f4f4 | f4f4 f4f4 | f4f4 f4f4 
[Stub Code]
  0x000002af18ca2c80: ;   {no_reloc}
  0x000002af18ca2c80: 0f1f 4400 

  0x000002af18ca2c84: ;   {static_stub}
  0x000002af18ca2c84: 0048 bbe0 | b30b 2aaf 

  0x000002af18ca2c8c: ;   {runtime_call I2C/C2I adapters}
  0x000002af18ca2c8c: 0200 00e9 | c530 3507 

  0x000002af18ca2c94: ;   {static_stub}
  0x000002af18ca2c94: 9048 bb00 | 0000 0000 

  0x000002af18ca2c9c: ;   {runtime_call}
  0x000002af18ca2c9c: 0000 00e9 | fbff ffff 

  0x000002af18ca2ca4: ;   {static_stub}
  0x000002af18ca2ca4: 9048 bb00 | 0000 0000 

  0x000002af18ca2cac: ;   {runtime_call}
  0x000002af18ca2cac: 0000 00e9 | fbff ffff 

  0x000002af18ca2cb4: ;   {static_stub}
  0x000002af18ca2cb4: 9048 bb00 | 0000 0000 

  0x000002af18ca2cbc: ;   {runtime_call}
  0x000002af18ca2cbc: 0000 00e9 | fbff ffff 

  0x000002af18ca2cc4: ;   {static_stub}
  0x000002af18ca2cc4: 9048 bb00 | 0000 0000 

  0x000002af18ca2ccc: ;   {runtime_call}
  0x000002af18ca2ccc: 0000 00e9 | fbff ffff 

  0x000002af18ca2cd4: ;   {static_stub}
  0x000002af18ca2cd4: 9048 bb00 | 0000 0000 

  0x000002af18ca2cdc: ;   {runtime_call}
  0x000002af18ca2cdc: 0000 00e9 | fbff ffff 
[Exception Handler]
  0x000002af18ca2ce4: ;   {runtime_call handle_exception_from_callee Runtime1 stub}
  0x000002af18ca2ce4: e897 ba36 

  0x000002af18ca2ce8: ;   {external_word}
  0x000002af18ca2ce8: 0748 b940 | ba06 d8fc | 7f00 0048 

  0x000002af18ca2cf4: ;   {runtime_call}
  0x000002af18ca2cf4: 83e4 f049 | ba40 34cf | d7fc 7f00 | 0041 ffd2 

  0x000002af18ca2d04: ;   {section_word}
  0x000002af18ca2d04: f449 ba05 | 2dca 18af | 0200 0041 

  0x000002af18ca2d10: ;   {runtime_call DeoptimizationBlob}
  0x000002af18ca2d10: 52e9 8a3f | 3507 f4f4 
[/MachCode]


Compiled method (c1)  227854 1187       3       java.lang.invoke.MethodHandle::<init> (37 bytes)
 total in heap  [0x000002af18ca1890,0x000002af18ca2228] = 2456
 relocation     [0x000002af18ca19f0,0x000002af18ca1a90] = 160
 main code      [0x000002af18ca1aa0,0x000002af18ca1fa0] = 1280
 stub code      [0x000002af18ca1fa0,0x000002af18ca2018] = 120
 metadata       [0x000002af18ca2018,0x000002af18ca2050] = 56
 scopes data    [0x000002af18ca2050,0x000002af18ca2100] = 176
 scopes pcs     [0x000002af18ca2100,0x000002af18ca2200] = 256
 dependencies   [0x000002af18ca2200,0x000002af18ca2210] = 16
 nul chk table  [0x000002af18ca2210,0x000002af18ca2228] = 24

[Constant Pool (empty)]

[MachCode]
[Entry Point]
  # {method} {0x000002af2a3a68b8} '<init>' '(Ljava/lang/invoke/MethodType;Ljava/lang/invoke/LambdaForm;)V' in 'java/lang/invoke/MethodHandle'
  # this:     rdx:rdx   = 'java/lang/invoke/MethodHandle'
  # parm0:    r8:r8     = 'java/lang/invoke/MethodType'
  # parm1:    r9:r9     = 'java/lang/invoke/LambdaForm'
  #           [sp+0x70]  (sp of caller)
  0x000002af18ca1aa0: 448b 5208 | 49bb 0000 | 002a af02 | 0000 4d03 | d34c 3bd0 

  0x000002af18ca1ab4: ;   {runtime_call ic_miss_stub}
  0x000002af18ca1ab4: 0f85 c6f5 | 3407 660f | 1f44 0000 
[Verified Entry Point]
  0x000002af18ca1ac0: 8984 2400 | 90ff ff55 | 4883 ec60 | 4889 5424 

  0x000002af18ca1ad0: ;   {metadata(method data for {method} {0x000002af2a3a68b8} '<init>' '(Ljava/lang/invoke/MethodType;Ljava/lang/invoke/LambdaForm;)V' in 'java/lang/invoke/MethodHandle')}
  0x000002af18ca1ad0: 3048 be10 | 9328 6caf | 0200 008b | becc 0000 | 0083 c702 | 89be cc00 | 0000 81e7 | fe07 0000 
  0x000002af18ca1af0: 83ff 000f | 840d 0300 | 0048 8bf2 

  0x000002af18ca1afc: ;   {metadata(method data for {method} {0x000002af2a3a68b8} '<init>' '(Ljava/lang/invoke/MethodType;Ljava/lang/invoke/LambdaForm;)V' in 'java/lang/invoke/MethodHandle')}
  0x000002af18ca1afc: 48bf 1093 | 286c af02 | 0000 4883 | 8710 0100 

  0x000002af18ca1b0c: ;   {metadata(method data for {method} {0x000002af2a4415a8} '<init>' '()V' in 'java/lang/Object')}
  0x000002af18ca1b0c: 0001 48be | 988b 006c | af02 0000 | 8bbe cc00 | 0000 83c7 | 0289 becc | 0000 0081 | e7fe ff1f 
  0x000002af18ca1b2c: 0083 ff00 | 0f84 f102 

  0x000002af18ca1b34: ;   {metadata(method data for {method} {0x000002af2a3a68b8} '<init>' '(Ljava/lang/invoke/MethodType;Ljava/lang/invoke/LambdaForm;)V' in 'java/lang/invoke/MethodHandle')}
  0x000002af18ca1b34: 0000 48be | 1093 286c | af02 0000 | 4883 8620 | 0100 0001 

  0x000002af18ca1b48: ;   {metadata(method data for {method} {0x000002af2a076e20} 'requireNonNull' '(Ljava/lang/Object;)Ljava/lang/Object;' in 'java/util/Objects')}
  0x000002af18ca1b48: 48be 30d8 | 006c af02 | 0000 8bbe | cc00 0000 | 83c7 0289 | becc 0000 | 0081 e7fe | ff1f 0083 
  0x000002af18ca1b68: ff00 0f84 | d802 0000 | 4983 f800 

  0x000002af18ca1b74: ;   {metadata(method data for {method} {0x000002af2a076e20} 'requireNonNull' '(Ljava/lang/Object;)Ljava/lang/Object;' in 'java/util/Objects')}
  0x000002af18ca1b74: 48be 30d8 | 006c af02 | 0000 48c7 | c720 0100 | 000f 8407 | 0000 0048 | c7c7 1001 | 0000 488b 
  0x000002af18ca1b94: 1c3e 488d | 5b01 4889 | 1c3e 0f84 | ca01 0000 | 410f be77 | 3883 fe00 | 0f85 b702 | 0000 4d8b 
  0x000002af18ca1bb4: d044 8952 | 1048 8bf2 | 4933 f048 | c1ee 1448 | 83fe 000f | 85b7 0200 

  0x000002af18ca1bcc: ;   {metadata(method data for {method} {0x000002af2a3a68b8} '<init>' '(Ljava/lang/invoke/MethodType;Ljava/lang/invoke/LambdaForm;)V' in 'java/lang/invoke/MethodHandle')}
  0x000002af18ca1bcc: 0048 be10 | 9328 6caf | 0200 0048 | 8386 6801 

  0x000002af18ca1bdc: ;   {metadata(method data for {method} {0x000002af2a076e20} 'requireNonNull' '(Ljava/lang/Object;)Ljava/lang/Object;' in 'java/util/Objects')}
  0x000002af18ca1bdc: 0000 0148 | be30 d800 | 6caf 0200 | 008b becc | 0000 0083 | c702 89be | cc00 0000 | 81e7 feff 
  0x000002af18ca1bfc: 1f00 83ff | 000f 8495 | 0200 0049 

  0x000002af18ca1c08: ;   {metadata(method data for {method} {0x000002af2a076e20} 'requireNonNull' '(Ljava/lang/Object;)Ljava/lang/Object;' in 'java/util/Objects')}
  0x000002af18ca1c08: 83f9 0048 | be30 d800 | 6caf 0200 | 0048 c7c7 | 2001 0000 | 0f84 0700 | 0000 48c7 | c710 0100 
  0x000002af18ca1c28: 0048 8b1c | 3e48 8d5b | 0148 891c | 3e0f 84a4 | 0000 0049 | 3b01 498b 

  0x000002af18ca1c40: ;   {metadata(method data for {method} {0x000002af2a3a68b8} '<init>' '(Ljava/lang/invoke/MethodType;Ljava/lang/invoke/LambdaForm;)V' in 'java/lang/invoke/MethodHandle')}
  0x000002af18ca1c40: f148 bf10 | 9328 6caf 

  0x000002af18ca1c48: ;   {metadata('java/lang/invoke/LambdaForm')}
  0x000002af18ca1c48: 0200 0049 | bae8 ab0b | 2aaf 0200 | 004c 8997 | c001 0000 | 4883 87c8 | 0100 0001 

  0x000002af18ca1c64: ;   {optimized virtual_call}
  0x000002af18ca1c64: 498b d1e8 

  0x000002af18ca1c68: ; ImmutableOopMap {[48]=Oop }
                      ;*invokevirtual uncustomize {reexecute=0 rethrow=0 return_oop=0}
                      ; - java.lang.invoke.MethodHandle::<init>@23 (line 479)
  0x000002af18ca1c68: 1404 fdff | 410f be57 | 3883 fa00 | 488b 5424 | 300f 8543 | 0200 004c | 8bd0 4489 | 5214 488b 
  0x000002af18ca1c88: f248 33f0 | 48c1 ee14 | 4883 fe00 | 0f85 4302 | 0000 483b | 0048 8bd0 

  0x000002af18ca1ca0: ;   {metadata(method data for {method} {0x000002af2a3a68b8} '<init>' '(Ljava/lang/invoke/MethodType;Ljava/lang/invoke/LambdaForm;)V' in 'java/lang/invoke/MethodHandle')}
  0x000002af18ca1ca0: 48be 1093 | 286c af02 

  0x000002af18ca1ca8: ;   {metadata('java/lang/invoke/LambdaForm')}
  0x000002af18ca1ca8: 0000 49ba | e8ab 0b2a | af02 0000 | 4c89 96f8 | 0100 0048 | 8386 0002 | 0000 0148 

  0x000002af18ca1cc4: ;   {optimized virtual_call}
  0x000002af18ca1cc4: 8bd0 90e8 

  0x000002af18ca1cc8: ; ImmutableOopMap {}
                      ;*invokevirtual prepare {reexecute=0 rethrow=0 return_oop=0}
                      ; - java.lang.invoke.MethodHandle::<init>@33 (line 481)
  0x000002af18ca1cc8: 3408 0000 | 4883 c460 

  0x000002af18ca1cd0: ;   {poll_return}
  0x000002af18ca1cd0: 5d49 3ba7 | 4803 0000 | 0f87 1c02 | 0000 c390 

  0x000002af18ca1ce0: ;   {no_reloc}
  0x000002af18ca1ce0: e93a 0200 | 0000 0000 | 0000 498b | 8708 0100 | 0048 8d78 | 3049 3bbf | 1801 0000 | 0f87 2702 
  0x000002af18ca1d00: 0000 4989 | bf08 0100 | 0048 c700 | 0100 0000 | 488b ca49 | ba00 0000 | 2aaf 0200 | 0049 2bca 
  0x000002af18ca1d20: 8948 0848 | 33c9 8948 | 0c48 33c9 | 4889 4810 | 4889 4818 | 4889 4820 | 4889 4828 

  0x000002af18ca1d3c: ;   {metadata(method data for {method} {0x000002af2a076e20} 'requireNonNull' '(Ljava/lang/Object;)Ljava/lang/Object;' in 'java/util/Objects')}
  0x000002af18ca1d3c: 488b d048 | be30 d800 | 6caf 0200 | 0048 8386 | 3001 0000 | 0148 8bd0 | 4889 4424 | 3866 0f1f 
  0x000002af18ca1d5c: ;   {optimized virtual_call}
  0x000002af18ca1d5c: 4400 00e8 

  0x000002af18ca1d60: ; ImmutableOopMap {[48]=Oop [56]=Oop }
                      ;*invokespecial <init> {reexecute=0 rethrow=0 return_oop=0}
                      ; - java.util.Objects::requireNonNull@8 (line 209)
                      ; - java.lang.invoke.MethodHandle::<init>@17 (line 479)
  0x000002af18ca1d60: 1cf6 3407 | 488b 4424 | 38e9 0d02 | 0000 4c89 | 4c24 480f | 1f44 0000 

  0x000002af18ca1d78: ;   {no_reloc}
  0x000002af18ca1d78: e9c8 0100 | 0000 0000 | 0000 498b | 8708 0100 | 0048 8d78 | 3049 3bbf | 1801 0000 | 0f87 b501 
  0x000002af18ca1d98: 0000 4989 | bf08 0100 | 0048 c700 | 0100 0000 | 488b ca49 | ba00 0000 | 2aaf 0200 | 0049 2bca 
  0x000002af18ca1db8: 8948 0848 | 33c9 8948 | 0c48 33c9 | 4889 4810 | 4889 4818 | 4889 4820 | 4889 4828 

  0x000002af18ca1dd4: ;   {metadata(method data for {method} {0x000002af2a076e20} 'requireNonNull' '(Ljava/lang/Object;)Ljava/lang/Object;' in 'java/util/Objects')}
  0x000002af18ca1dd4: 488b d048 | be30 d800 | 6caf 0200 | 0048 8386 | 3001 0000 | 0148 8bd0 | 4889 4424 | 4066 0f1f 
  0x000002af18ca1df4: ;   {optimized virtual_call}
  0x000002af18ca1df4: 4400 00e8 

  0x000002af18ca1df8: ; ImmutableOopMap {[72]=Oop [64]=Oop [48]=Oop }
                      ;*invokespecial <init> {reexecute=0 rethrow=0 return_oop=0}
                      ; - java.util.Objects::requireNonNull@8 (line 209)
                      ; - java.lang.invoke.MethodHandle::<init>@6 (line 478)
  0x000002af18ca1df8: 84f5 3407 | 488b 4424 | 40e9 7501 

  0x000002af18ca1e04: ;   {metadata({method} {0x000002af2a3a68b8} '<init>' '(Ljava/lang/invoke/MethodType;Ljava/lang/invoke/LambdaForm;)V' in 'java/lang/invoke/MethodHandle')}
  0x000002af18ca1e04: 0000 49ba | b068 3a2a | af02 0000 | 4c89 5424 | 0848 c704 | 24ff ffff 

  0x000002af18ca1e1c: ;   {runtime_call counter_overflow Runtime1 stub}
  0x000002af18ca1e1c: ffe8 decf 

  0x000002af18ca1e20: ; ImmutableOopMap {rdx=Oop [48]=Oop r8=Oop r9=Oop }
                      ;*synchronization entry
                      ; - java.lang.invoke.MethodHandle::<init>@-1 (line 477)
  0x000002af18ca1e20: 3f07 e9d2 

  0x000002af18ca1e24: ;   {metadata({method} {0x000002af2a4415a8} '<init>' '()V' in 'java/lang/Object')}
  0x000002af18ca1e24: fcff ff49 | baa0 1544 | 2aaf 0200 | 004c 8954 | 2408 48c7 | 0424 ffff 

  0x000002af18ca1e3c: ;   {runtime_call counter_overflow Runtime1 stub}
  0x000002af18ca1e3c: ffff e8bd 

  0x000002af18ca1e40: ; ImmutableOopMap {rdx=Oop [48]=Oop r8=Oop r9=Oop }
                      ;*synchronization entry
                      ; - java.lang.Object::<init>@-1 (line 44)
                      ; - java.lang.invoke.MethodHandle::<init>@1 (line 477)
  0x000002af18ca1e40: cf3f 07e9 | eefc ffff 

  0x000002af18ca1e48: ;   {metadata({method} {0x000002af2a076e20} 'requireNonNull' '(Ljava/lang/Object;)Ljava/lang/Object;' in 'java/util/Objects')}
  0x000002af18ca1e48: 49ba 186e | 072a af02 | 0000 4c89 | 5424 0848 | c704 24ff 

  0x000002af18ca1e5c: ;   {runtime_call counter_overflow Runtime1 stub}
  0x000002af18ca1e5c: ffff ffe8 

  0x000002af18ca1e60: ; ImmutableOopMap {rdx=Oop [48]=Oop r8=Oop r9=Oop }
                      ;*synchronization entry
                      ; - java.util.Objects::requireNonNull@-1 (line 208)
                      ; - java.lang.invoke.MethodHandle::<init>@6 (line 478)
  0x000002af18ca1e60: 9ccf 3f07 | e907 fdff | ff8b 7210 | 4883 fe00 | 0f84 3cfd | ffff 4889 

  0x000002af18ca1e78: ;   {runtime_call g1_pre_barrier_slow}
  0x000002af18ca1e78: 3424 e881 | d53f 07e9 | 2efd ffff | 4983 f800 | 0f84 3ffd | ffff 4889 

  0x000002af18ca1e90: ;   {runtime_call g1_post_barrier_slow}
  0x000002af18ca1e90: 1424 e869 | d83f 07e9 | 31fd ffff 

  0x000002af18ca1e9c: ;   {metadata({method} {0x000002af2a076e20} 'requireNonNull' '(Ljava/lang/Object;)Ljava/lang/Object;' in 'java/util/Objects')}
  0x000002af18ca1e9c: 49ba 186e | 072a af02 | 0000 4c89 | 5424 0848 | c704 24ff 

  0x000002af18ca1eb0: ;   {runtime_call counter_overflow Runtime1 stub}
  0x000002af18ca1eb0: ffff ffe8 

  0x000002af18ca1eb4: ; ImmutableOopMap {rdx=Oop [48]=Oop r9=Oop }
                      ;*synchronization entry
                      ; - java.util.Objects::requireNonNull@-1 (line 208)
                      ; - java.lang.invoke.MethodHandle::<init>@17 (line 479)
  0x000002af18ca1eb4: 48cf 3f07 | e94a fdff 

  0x000002af18ca1ebc: ;   {runtime_call throw_null_pointer_exception Runtime1 stub}
  0x000002af18ca1ebc: ffe8 dea9 

  0x000002af18ca1ec0: ; ImmutableOopMap {r9=Oop [48]=Oop }
                      ;*invokevirtual uncustomize {reexecute=0 rethrow=0 return_oop=0}
                      ; - java.lang.invoke.MethodHandle::<init>@23 (line 479)
  0x000002af18ca1ec0: 3607 8b72 | 1448 83fe | 000f 84b0 | fdff ff48 

  0x000002af18ca1ed0: ;   {runtime_call g1_pre_barrier_slow}
  0x000002af18ca1ed0: 8934 24e8 | 28d5 3f07 | e9a2 fdff | ff48 83f8 | 000f 84b3 | fdff ff48 

  0x000002af18ca1ee8: ;   {runtime_call g1_post_barrier_slow}
  0x000002af18ca1ee8: 8914 24e8 | 10d8 3f07 | e9a5 fdff 

  0x000002af18ca1ef4: ;   {runtime_call throw_null_pointer_exception Runtime1 stub}
  0x000002af18ca1ef4: ffe8 a6a9 

  0x000002af18ca1ef8: ; ImmutableOopMap {rax=Oop }
                      ;*invokevirtual prepare {reexecute=0 rethrow=0 return_oop=0}
                      ; - java.lang.invoke.MethodHandle::<init>@33 (line 481)
                      ;   {internal_word}
  0x000002af18ca1ef8: 3607 49ba | d11c ca18 | af02 0000 | 4d89 9760 

  0x000002af18ca1f08: ;   {runtime_call SafepointBlob}
  0x000002af18ca1f08: 0300 00e9 | f05a 3507 

  0x000002af18ca1f10: ;   {metadata(NULL)}
  0x000002af18ca1f10: 48ba 0000 | 0000 0000 | 0000 b800 

  0x000002af18ca1f1c: ;   {runtime_call load_klass_patching Runtime1 stub}
  0x000002af18ca1f1c: 0f05 0ae8 

  0x000002af18ca1f20: ; ImmutableOopMap {[48]=Oop }
                      ;*new {reexecute=1 rethrow=0 return_oop=0}
                      ; - (reexecute) java.util.Objects::requireNonNull@4 (line 209)
                      ; - java.lang.invoke.MethodHandle::<init>@17 (line 479)
  0x000002af18ca1f20: 5cbe 3f07 | e9b7 fdff | ff48 8bd2 

  0x000002af18ca1f2c: ;   {runtime_call fast_new_instance Runtime1 stub}
  0x000002af18ca1f2c: e84f a036 

  0x000002af18ca1f30: ; ImmutableOopMap {[48]=Oop }
                      ;*new {reexecute=0 rethrow=0 return_oop=0}
                      ; - java.util.Objects::requireNonNull@4 (line 209)
                      ; - java.lang.invoke.MethodHandle::<init>@17 (line 479)
  0x000002af18ca1f30: 07e9 06fe 

  0x000002af18ca1f34: ;   {metadata(NULL)}
  0x000002af18ca1f34: ffff 48ba | 0000 0000 | 0000 0000 | b800 0f05 

  0x000002af18ca1f44: ;   {runtime_call load_klass_patching Runtime1 stub}
  0x000002af18ca1f44: 0ae8 36be 

  0x000002af18ca1f48: ; ImmutableOopMap {[72]=Oop [48]=Oop }
                      ;*new {reexecute=1 rethrow=0 return_oop=0}
                      ; - (reexecute) java.util.Objects::requireNonNull@4 (line 209)
                      ; - java.lang.invoke.MethodHandle::<init>@6 (line 478)
  0x000002af18ca1f48: 3f07 e929 | feff ff48 

  0x000002af18ca1f50: ;   {runtime_call fast_new_instance Runtime1 stub}
  0x000002af18ca1f50: 8bd2 e829 

  0x000002af18ca1f54: ; ImmutableOopMap {[72]=Oop [48]=Oop }
                      ;*new {reexecute=0 rethrow=0 return_oop=0}
                      ; - java.util.Objects::requireNonNull@4 (line 209)
                      ; - java.lang.invoke.MethodHandle::<init>@6 (line 478)
  0x000002af18ca1f54: a036 07e9 | 78fe ffff | 9090 498b | 87d8 0300 | 0049 c787 | d803 0000 | 0000 0000 | 49c7 87e0 
  0x000002af18ca1f74: 0300 0000 | 0000 0048 | 83c4 605d 

  0x000002af18ca1f80: ;   {runtime_call unwind_exception Runtime1 stub}
  0x000002af18ca1f80: e97b 6636 | 07f4 f4f4 | f4f4 f4f4 | f4f4 f4f4 | f4f4 f4f4 | f4f4 f4f4 | f4f4 f4f4 | f4f4 f4f4 
[Stub Code]
  0x000002af18ca1fa0: ;   {no_reloc}
  0x000002af18ca1fa0: 0f1f 4400 

  0x000002af18ca1fa4: ;   {static_stub}
  0x000002af18ca1fa4: 0048 bb00 | 0000 0000 

  0x000002af18ca1fac: ;   {runtime_call}
  0x000002af18ca1fac: 0000 00e9 | fbff ffff 

  0x000002af18ca1fb4: ;   {static_stub}
  0x000002af18ca1fb4: 9048 bb00 | 0000 0000 

  0x000002af18ca1fbc: ;   {runtime_call}
  0x000002af18ca1fbc: 0000 00e9 | fbff ffff 

  0x000002af18ca1fc4: ;   {static_stub}
  0x000002af18ca1fc4: 9048 bb00 | 0000 0000 

  0x000002af18ca1fcc: ;   {runtime_call}
  0x000002af18ca1fcc: 0000 00e9 | fbff ffff 

  0x000002af18ca1fd4: ;   {static_stub}
  0x000002af18ca1fd4: 9048 bb00 | 0000 0000 

  0x000002af18ca1fdc: ;   {runtime_call}
  0x000002af18ca1fdc: 0000 00e9 | fbff ffff 
[Exception Handler]
  0x000002af18ca1fe4: ;   {runtime_call handle_exception_from_callee Runtime1 stub}
  0x000002af18ca1fe4: e897 c736 

  0x000002af18ca1fe8: ;   {external_word}
  0x000002af18ca1fe8: 0748 b940 | ba06 d8fc | 7f00 0048 

  0x000002af18ca1ff4: ;   {runtime_call}
  0x000002af18ca1ff4: 83e4 f049 | ba40 34cf | d7fc 7f00 | 0041 ffd2 

  0x000002af18ca2004: ;   {section_word}
  0x000002af18ca2004: f449 ba05 | 20ca 18af | 0200 0041 

  0x000002af18ca2010: ;   {runtime_call DeoptimizationBlob}
  0x000002af18ca2010: 52e9 8a4c | 3507 f4f4 
[/MachCode]


Compiled method (c1)  227960  838   !   3       java.util.concurrent.ConcurrentHashMap::computeIfAbsent (576 bytes)
 total in heap  [0x000002af18bf3210,0x000002af18bf69a8] = 14232
 relocation     [0x000002af18bf3370,0x000002af18bf3628] = 696
 main code      [0x000002af18bf3640,0x000002af18bf57e0] = 8608
 stub code      [0x000002af18bf57e0,0x000002af18bf5958] = 376
 metadata       [0x000002af18bf5958,0x000002af18bf5980] = 40
 scopes data    [0x000002af18bf5980,0x000002af18bf61b0] = 2096
 scopes pcs     [0x000002af18bf61b0,0x000002af18bf65e0] = 1072
 dependencies   [0x000002af18bf65e0,0x000002af18bf65e8] = 8
 handler table  [0x000002af18bf65e8,0x000002af18bf6948] = 864
 nul chk table  [0x000002af18bf6948,0x000002af18bf69a8] = 96

[Constant Pool (empty)]

[MachCode]
[Entry Point]
  # {method} {0x000002af2a42c980} 'computeIfAbsent' '(Ljava/lang/Object;Ljava/util/function/Function;)Ljava/lang/Object;' in 'java/util/concurrent/ConcurrentHashMap'
  # this:     rdx:rdx   = 'java/util/concurrent/ConcurrentHashMap'
  # parm0:    r8:r8     = 'java/lang/Object'
  # parm1:    r9:r9     = 'java/util/function/Function'
  #           [sp+0x150]  (sp of caller)
  0x000002af18bf3640: 448b 5208 | 49bb 0000 | 002a af02 | 0000 4d03 | d34c 3bd0 

  0x000002af18bf3654: ;   {runtime_call ic_miss_stub}
  0x000002af18bf3654: 0f85 26da | 3f07 660f | 1f44 0000 
[Verified Entry Point]
  0x000002af18bf3660: 8984 2400 | 90ff ff55 | 4881 ec40 | 0100 0048 | 8994 2480 | 0000 004c | 8984 2490 | 0000 004c 
  0x000002af18bf3680: 898c 2488 

  0x000002af18bf3684: ;   {metadata(method data for {method} {0x000002af2a42c980} 'computeIfAbsent' '(Ljava/lang/Object;Ljava/util/function/Function;)Ljava/lang/Object;' in 'java/util/concurrent/ConcurrentHashMap')}
  0x000002af18bf3684: 0000 0048 | bea0 df19 | 6caf 0200 | 008b becc | 0000 0083 | c702 89be | cc00 0000 | 81e7 fe07 
  0x000002af18bf36a4: 0000 83ff | 000f 845e | 1c00 0049 

  0x000002af18bf36b0: ;   {metadata(method data for {method} {0x000002af2a42c980} 'computeIfAbsent' '(Ljava/lang/Object;Ljava/util/function/Function;)Ljava/lang/Object;' in 'java/util/concurrent/ConcurrentHashMap')}
  0x000002af18bf36b0: 83f8 0048 | bea0 df19 | 6caf 0200 | 0048 c7c7 | 1001 0000 | 0f84 0700 | 0000 48c7 | c720 0100 
  0x000002af18bf36d0: 0048 8b1c | 3e48 8d5b | 0148 891c | 3e0f 8499 | 1a00 0049 

  0x000002af18bf36e4: ;   {metadata(method data for {method} {0x000002af2a42c980} 'computeIfAbsent' '(Ljava/lang/Object;Ljava/util/function/Function;)Ljava/lang/Object;' in 'java/util/concurrent/ConcurrentHashMap')}
  0x000002af18bf36e4: 83f9 0048 | bea0 df19 | 6caf 0200 | 0048 c7c7 | 4001 0000 | 0f84 0700 | 0000 48c7 | c730 0100 
  0x000002af18bf3704: 0048 8b1c | 3e48 8d5b | 0148 891c | 3e0f 8465 | 1a00 0049 | 3b00 498b 

  0x000002af18bf371c: ;   {metadata(method data for {method} {0x000002af2a42c980} 'computeIfAbsent' '(Ljava/lang/Object;Ljava/util/function/Function;)Ljava/lang/Object;' in 'java/util/concurrent/ConcurrentHashMap')}
  0x000002af18bf371c: f048 bfa0 | df19 6caf | 0200 008b | 7608 49ba | 0000 002a | af02 0000 | 4903 f248 | 3bb7 7001 
  0x000002af18bf373c: 0000 750d | 4883 8778 | 0100 0001 | e966 0000 | 0048 3bb7 | 8001 0000 | 750d 4883 | 8788 0100 
  0x000002af18bf375c: 0001 e950 | 0000 0048 | 81bf 7001 | 0000 0000 | 0000 7517 | 4889 b770 | 0100 0048 | c787 7801 
  0x000002af18bf377c: 0000 0100 | 0000 e92c | 0000 0048 | 81bf 8001 | 0000 0000 | 0000 7517 | 4889 b780 | 0100 0048 
  0x000002af18bf379c: c787 8801 | 0000 0100 | 0000 e908 | 0000 0048 | 8387 6001 | 0000 0149 | 8bd0 0f1f | 8000 0000 
  0x000002af18bf37bc: 0048 b8ff | ffff ffff 

  0x000002af18bf37c4: ;   {virtual_call}
  0x000002af18bf37c4: ffff ffe8 

  0x000002af18bf37c8: ; ImmutableOopMap {[144]=Oop [128]=Oop [136]=Oop }
                      ;*invokevirtual hashCode {reexecute=0 rethrow=0 return_oop=0}
                      ; - java.util.concurrent.ConcurrentHashMap::computeIfAbsent@17 (line 1694)
  0x000002af18bf37c8: 44c2 4a07 

  0x000002af18bf37cc: ;   {metadata(method data for {method} {0x000002af2a42c980} 'computeIfAbsent' '(Ljava/lang/Object;Ljava/util/function/Function;)Ljava/lang/Object;' in 'java/util/concurrent/ConcurrentHashMap')}
  0x000002af18bf37cc: 48ba a0df | 196c af02 | 0000 4883 | 8298 0100 

  0x000002af18bf37dc: ;   {metadata(method data for {method} {0x000002af2a42d8b8} 'spread' '(I)I' in 'java/util/concurrent/ConcurrentHashMap')}
  0x000002af18bf37dc: 0001 48ba | 982d 016c | af02 0000 | 8bb2 cc00 | 0000 83c6 | 0289 b2cc | 0000 0081 | e6fe ff1f 
  0x000002af18bf37fc: 0083 fe00 | 0f84 2d1b | 0000 488b | d0c1 ea10 | 4833 d081 | e2ff ffff | 7f89 9424 | 9c00 0000 
  0x000002af18bf381c: 488b b424 | 8000 0000 | 8b7e 28bb | 0000 0000 

  0x000002af18bf382c: ;   {oop(NULL)}
  0x000002af18bf382c: 48b8 0000 | 0000 0000 | 0000 899c | 2498 0000 | 0048 8984 | 24a0 0000 | 0066 6690 | 4883 ff00 
  0x000002af18bf384c: ;   {metadata(method data for {method} {0x000002af2a42c980} 'computeIfAbsent' '(Ljava/lang/Object;Ljava/util/function/Function;)Ljava/lang/Object;' in 'java/util/concurrent/ConcurrentHashMap')}
  0x000002af18bf384c: 48b9 a0df | 196c af02 | 0000 49c7 | c3a8 0100 | 000f 8407 | 0000 0049 | c7c3 b801 | 0000 4e8b 
  0x000002af18bf386c: 2c19 4d8d | 6d01 4e89 | 2c19 0f84 | 3600 0000 

  0x000002af18bf387c: ; implicit exception: dispatches to 0x000002af18bf5354
  0x000002af18bf387c: 8b4f 0c83 

  0x000002af18bf3880: ;   {metadata(method data for {method} {0x000002af2a42c980} 'computeIfAbsent' '(Ljava/lang/Object;Ljava/util/function/Function;)Ljava/lang/Object;' in 'java/util/concurrent/ConcurrentHashMap')}
  0x000002af18bf3880: f900 49bb | a0df 196c | af02 0000 | 49c7 c5c8 | 0100 000f | 8507 0000 | 0049 c7c5 | d801 0000 
  0x000002af18bf38a0: 4f8b 342b | 4d8d 7601 | 4f89 342b | 0f85 4600 | 0000 488b 

  0x000002af18bf38b4: ;   {metadata(method data for {method} {0x000002af2a42c980} 'computeIfAbsent' '(Ljava/lang/Object;Ljava/util/function/Function;)Ljava/lang/Object;' in 'java/util/concurrent/ConcurrentHashMap')}
  0x000002af18bf38b4: fe48 b9a0 | df19 6caf | 0200 0048 | 8381 e801 | 0000 0148 | 8bd6 0f1f 

  0x000002af18bf38cc: ;   {optimized virtual_call}
  0x000002af18bf38cc: 4400 00e8 

  0x000002af18bf38d0: ; ImmutableOopMap {[136]=Oop [144]=Oop [128]=Oop [160]=Oop }
                      ;*invokevirtual initTable {reexecute=0 rethrow=0 return_oop=0}
                      ; - java.util.concurrent.ConcurrentHashMap::computeIfAbsent@51 (line 1700)
  0x000002af18bf38d0: acb9 0900 

  0x000002af18bf38d4: ;   {metadata(method data for {method} {0x000002af2a42c980} 'computeIfAbsent' '(Ljava/lang/Object;Ljava/util/function/Function;)Ljava/lang/Object;' in 'java/util/concurrent/ConcurrentHashMap')}
  0x000002af18bf38d4: 48ba a0df | 196c af02 | 0000 ff82 | 2002 0000 | 8b9c 2498 | 0000 0048 | 8bb4 24a0 | 0000 00e9 
  0x000002af18bf38f4: f514 0000 | ffc9 238c | 249c 0000 

  0x000002af18bf3900: ;   {metadata(method data for {method} {0x000002af2a42c980} 'computeIfAbsent' '(Ljava/lang/Object;Ljava/util/function/Function;)Ljava/lang/Object;' in 'java/util/concurrent/ConcurrentHashMap')}
  0x000002af18bf3900: 0048 baa0 | df19 6caf | 0200 0048 | 8382 3802 | 0000 0148 | 8bd7 4c8b | c189 8c24 | b000 0000 
  0x000002af18bf3920: 4889 bc24 | a800 0000 | 0f1f 8000 

  0x000002af18bf392c: ;   {static_call}
  0x000002af18bf392c: 0000 00e8 

  0x000002af18bf3930: ; ImmutableOopMap {[136]=Oop [144]=Oop [128]=Oop [160]=Oop [168]=Oop }
                      ;*invokestatic tabAt {reexecute=0 rethrow=0 return_oop=0}
                      ; - java.util.concurrent.ConcurrentHashMap::computeIfAbsent@70 (line 1701)
  0x000002af18bf3930: 4c91 9507 | 4889 8424 | c800 0000 | 4883 f800 

  0x000002af18bf3940: ;   {metadata(method data for {method} {0x000002af2a42c980} 'computeIfAbsent' '(Ljava/lang/Object;Ljava/util/function/Function;)Ljava/lang/Object;' in 'java/util/concurrent/ConcurrentHashMap')}
  0x000002af18bf3940: 48ba a0df | 196c af02 | 0000 48c7 | c648 0200 | 000f 8507 | 0000 0048 | c7c6 5802 | 0000 488b 
  0x000002af18bf3960: 3c32 488d | 7f01 4889 | 3c32 0f85 | 0605 0000 

  0x000002af18bf3970: ;   {metadata('java/util/concurrent/ConcurrentHashMap$ReservationNode')}
  0x000002af18bf3970: 48ba 389e | 192a af02 | 0000 498b | 8708 0100 | 0048 8d78 | 2049 3bbf | 1801 0000 | 0f87 c719 
  0x000002af18bf3990: 0000 4989 | bf08 0100 | 0048 c700 | 0100 0000 | 488b ca49 | ba00 0000 | 2aaf 0200 | 0049 2bca 
  0x000002af18bf39b0: 8948 0848 | 33c9 8948 | 0c48 33c9 | 4889 4810 | 4889 4818 | 4889 8424 | b800 0000 

  0x000002af18bf39cc: ;   {metadata(method data for {method} {0x000002af2a42c980} 'computeIfAbsent' '(Ljava/lang/Object;Ljava/util/function/Function;)Ljava/lang/Object;' in 'java/util/concurrent/ConcurrentHashMap')}
  0x000002af18bf39cc: 488b d049 | b8a0 df19 | 6caf 0200 | 0049 8380 | 6802 0000 

  0x000002af18bf39e0: ;   {metadata(method data for {method} {0x000002af2a19a6a0} '<init>' '()V' in 'java/util/concurrent/ConcurrentHashMap$ReservationNode')}
  0x000002af18bf39e0: 0148 ba88 | ea19 6caf | 0200 0044 | 8b82 cc00 | 0000 4183 | c002 4489 | 82cc 0000 | 0041 81e0 
  0x000002af18bf3a00: feff 1f00 | 4183 f800 | 0f84 5819 | 0000 488b 

  0x000002af18bf3a10: ;   {metadata(method data for {method} {0x000002af2a19a6a0} '<init>' '()V' in 'java/util/concurrent/ConcurrentHashMap$ReservationNode')}
  0x000002af18bf3a10: d049 b888 | ea19 6caf | 0200 0049 | 8380 1001 

  0x000002af18bf3a20: ;   {metadata(method data for {method} {0x000002af2a19cf98} '<init>' '(ILjava/lang/Object;Ljava/lang/Object;)V' in 'java/util/concurrent/ConcurrentHashMap$Node')}
  0x000002af18bf3a20: 0000 0148 | ba00 5001 | 6caf 0200 | 0044 8b82 | cc00 0000 | 4183 c002 | 4489 82cc | 0000 0041 
  0x000002af18bf3a40: 81e0 feff | 1f00 4183 | f800 0f84 | 3719 0000 

  0x000002af18bf3a50: ;   {metadata(method data for {method} {0x000002af2a19cf98} '<init>' '(ILjava/lang/Object;Ljava/lang/Object;)V' in 'java/util/concurrent/ConcurrentHashMap$Node')}
  0x000002af18bf3a50: 488b d049 | b800 5001 | 6caf 0200 | 0049 8380 | 1001 0000 

  0x000002af18bf3a64: ;   {metadata(method data for {method} {0x000002af2a4415a8} '<init>' '()V' in 'java/lang/Object')}
  0x000002af18bf3a64: 0148 ba98 | 8b00 6caf | 0200 0044 | 8b82 cc00 | 0000 4183 | c002 4489 | 82cc 0000 | 0041 81e0 
  0x000002af18bf3a84: feff 1f00 | 4183 f800 | 0f84 1619 | 0000 c740 | 0cfd ffff | ff48 8d94 | 2428 0100 | 0048 8bf0 
  0x000002af18bf3aa4: 4889 7208 | 488b 0648 | 83c8 0148 | 8902 f048 | 0fb1 160f | 8413 0000 | 0048 2bc4 | 4881 e007 
  0x000002af18bf3ac4: f0ff ff48 | 8902 0f85 | f918 0000 

  0x000002af18bf3ad0: ;   {metadata(method data for {method} {0x000002af2a42c980} 'computeIfAbsent' '(Ljava/lang/Object;Ljava/util/function/Function;)Ljava/lang/Object;' in 'java/util/concurrent/ConcurrentHashMap')}
  0x000002af18bf3ad0: 48ba a0df | 196c af02 | 0000 4883 | 8278 0200 | 0001 488b | 9424 a800 | 0000 448b | 8424 b000 
  0x000002af18bf3af0: ;   {oop(NULL)}
  0x000002af18bf3af0: 0000 49b9 | 0000 0000 | 0000 0000 

  0x000002af18bf3afc: ;   {static_call}
  0x000002af18bf3afc: 488b fee8 

  0x000002af18bf3b00: ; ImmutableOopMap {[136]=Oop [144]=Oop [128]=Oop [160]=Oop [168]=Oop [184]=Oop [304]=Oop }
                      ;*invokestatic casTabAt {reexecute=0 rethrow=0 return_oop=0}
                      ; - java.util.concurrent.ConcurrentHashMap::computeIfAbsent@101 (line 1704)
  0x000002af18bf3b00: 7c84 9507 

  0x000002af18bf3b04: ;   {metadata(method data for {method} {0x000002af2a42c980} 'computeIfAbsent' '(Ljava/lang/Object;Ljava/util/function/Function;)Ljava/lang/Object;' in 'java/util/concurrent/ConcurrentHashMap')}
  0x000002af18bf3b04: 83f8 0049 | b8a0 df19 | 6caf 0200 | 0048 c7c2 | 9802 0000 | 0f85 0700 | 0000 48c7 | c288 0200 
  0x000002af18bf3b24: 0049 8b34 | 1048 8d76 | 0149 8934 | 100f 8514 | 0000 008b | 9c24 9800 | 0000 488b | b424 a000 
  0x000002af18bf3b44: 0000 e9a6 | 0200 004c | 8b8c 2488 | 0000 0049 | 3b01 4d8b 

  0x000002af18bf3b58: ;   {metadata(method data for {method} {0x000002af2a42c980} 'computeIfAbsent' '(Ljava/lang/Object;Ljava/util/function/Function;)Ljava/lang/Object;' in 'java/util/concurrent/ConcurrentHashMap')}
  0x000002af18bf3b58: c148 baa0 | df19 6caf | 0200 0045 | 8b40 0849 | ba00 0000 | 2aaf 0200 | 004d 03c2 | 4c3b 82b8 
  0x000002af18bf3b78: 0200 0075 | 0d48 8382 | c002 0000 | 01e9 6600 | 0000 4c3b | 82c8 0200 | 0075 0d48 | 8382 d002 
  0x000002af18bf3b98: 0000 01e9 | 5000 0000 | 4881 bab8 | 0200 0000 | 0000 0075 | 174c 8982 | b802 0000 | 48c7 82c0 
  0x000002af18bf3bb8: 0200 0001 | 0000 00e9 | 2c00 0000 | 4881 bac8 | 0200 0000 | 0000 0075 | 174c 8982 | c802 0000 
  0x000002af18bf3bd8: 48c7 82d0 | 0200 0001 | 0000 00e9 | 0800 0000 | 4883 82a8 | 0200 0001 | 4c8b 8424 | 9000 0000 
  0x000002af18bf3bf8: 498b d166 | 9048 b810 | 1248 70af 

  0x000002af18bf3c04: ;   {virtual_call}
  0x000002af18bf3c04: 0200 00e8 

  0x000002af18bf3c08: ; ImmutableOopMap {[144]=Oop [128]=Oop [168]=Oop [184]=Oop [136]=Oop [304]=Oop }
                      ;*invokeinterface apply {reexecute=0 rethrow=0 return_oop=0}
                      ; - java.util.concurrent.ConcurrentHashMap::computeIfAbsent@115 (line 1708)
  0x000002af18bf3c08: 74bf 4a07 | 4883 f800 

  0x000002af18bf3c10: ;   {metadata(method data for {method} {0x000002af2a42c980} 'computeIfAbsent' '(Ljava/lang/Object;Ljava/util/function/Function;)Ljava/lang/Object;' in 'java/util/concurrent/ConcurrentHashMap')}
  0x000002af18bf3c10: 48ba a0df | 196c af02 | 0000 48c7 | c6f0 0200 | 000f 8507 | 0000 0048 | c7c6 e002 | 0000 488b 
  0x000002af18bf3c30: 3c32 488d | 7f01 4889 | 3c32 0f85 | 1700 0000 

  0x000002af18bf3c40: ;   {oop(NULL)}
  0x000002af18bf3c40: 49b9 0000 | 0000 0000 | 0000 4889 | 8424 c000 | 0000 e953 | 0100 008b | 9424 9c00 | 0000 4c8b 
  0x000002af18bf3c60: 8424 9000 | 0000 488b 

  0x000002af18bf3c68: ;   {metadata('java/util/concurrent/ConcurrentHashMap$Node')}
  0x000002af18bf3c68: da48 ba98 | 9919 2aaf | 0200 004c | 8bd8 498b | 8708 0100 | 0048 8d78 | 2049 3bbf | 1801 0000 
  0x000002af18bf3c88: 0f87 5317 | 0000 4989 | bf08 0100 | 0048 c700 | 0100 0000 | 488b ca49 | ba00 0000 | 2aaf 0200 
  0x000002af18bf3ca8: 0049 2bca | 8948 0848 | 33c9 8948 | 0c48 33c9 | 4889 4810 | 4889 4818 

  0x000002af18bf3cc0: ;   {metadata(method data for {method} {0x000002af2a42c980} 'computeIfAbsent' '(Ljava/lang/Object;Ljava/util/function/Function;)Ljava/lang/Object;' in 'java/util/concurrent/ConcurrentHashMap')}
  0x000002af18bf3cc0: 488b d049 | b9a0 df19 | 6caf 0200 | 0049 8381 | 0003 0000 

  0x000002af18bf3cd4: ;   {metadata(method data for {method} {0x000002af2a19cf98} '<init>' '(ILjava/lang/Object;Ljava/lang/Object;)V' in 'java/util/concurrent/ConcurrentHashMap$Node')}
  0x000002af18bf3cd4: 0148 ba00 | 5001 6caf | 0200 0044 | 8b8a cc00 | 0000 4183 | c102 4489 | 8acc 0000 | 0041 81e1 
  0x000002af18bf3cf4: feff 1f00 | 4183 f900 | 0f84 ec16 | 0000 488b 

  0x000002af18bf3d04: ;   {metadata(method data for {method} {0x000002af2a19cf98} '<init>' '(ILjava/lang/Object;Ljava/lang/Object;)V' in 'java/util/concurrent/ConcurrentHashMap$Node')}
  0x000002af18bf3d04: d049 b900 | 5001 6caf | 0200 0049 | 8381 1001 

  0x000002af18bf3d14: ;   {metadata(method data for {method} {0x000002af2a4415a8} '<init>' '()V' in 'java/lang/Object')}
  0x000002af18bf3d14: 0000 0148 | ba98 8b00 | 6caf 0200 | 0044 8b8a | cc00 0000 | 4183 c102 | 4489 8acc | 0000 0041 
  0x000002af18bf3d34: 81e1 feff | 1f00 4183 | f900 0f84 | cb16 0000 | 8958 0c41 | 0fbe 5738 | 83fa 000f | 85db 1600 
  0x000002af18bf3d54: 004d 8bd0 | 4489 5010 | 488b d049 | 33d0 48c1 | ea14 4883 | fa00 0f85 | db16 0000 | 410f be57 
  0x000002af18bf3d74: 3883 fa00 | 0f85 e516 | 0000 4d8b | d344 8950 | 14f0 8344 | 24c0 0048 | 8bd0 4933 | d348 c1ea 
  0x000002af18bf3d94: 1448 83fa | 000f 85df | 1600 004c | 8bc8 4c89 | 9c24 c000 

  0x000002af18bf3da8: ;   {metadata(method data for {method} {0x000002af2a42c980} 'computeIfAbsent' '(Ljava/lang/Object;Ljava/util/function/Function;)Ljava/lang/Object;' in 'java/util/concurrent/ConcurrentHashMap')}
  0x000002af18bf3da8: 0000 48be | a0df 196c | af02 0000 | 4883 8610 | 0300 0001 | 488b 9424 | a800 0000 | 448b 8424 
  0x000002af18bf3dc8: b000 0000 

  0x000002af18bf3dcc: ;   {static_call}
  0x000002af18bf3dcc: 6666 90e8 

  0x000002af18bf3dd0: ; ImmutableOopMap {[128]=Oop [168]=Oop [184]=Oop [136]=Oop [192]=Oop [144]=Oop [304]=Oop }
                      ;*invokestatic setTabAt {reexecute=0 rethrow=0 return_oop=0}
                      ; - java.util.concurrent.ConcurrentHashMap::computeIfAbsent@145 (line 1711)
  0x000002af18bf3dd0: ac04 9b07 

  0x000002af18bf3dd4: ;   {metadata(method data for {method} {0x000002af2a42c980} 'computeIfAbsent' '(Ljava/lang/Object;Ljava/util/function/Function;)Ljava/lang/Object;' in 'java/util/concurrent/ConcurrentHashMap')}
  0x000002af18bf3dd4: 48b8 a0df | 196c af02 | 0000 ff80 | 2003 0000 | 488b b424 | c000 0000 | bb01 0000 | 0048 8d84 
  0x000002af18bf3df4: 2428 0100 | 004c 8b00 | 4d85 c00f | 840f 0000 | 004c 8b48 | 08f0 4d0f | b101 0f85 | 8216 0000 
  0x000002af18bf3e14: ;   {metadata(method data for {method} {0x000002af2a42c980} 'computeIfAbsent' '(Ljava/lang/Object;Ljava/util/function/Function;)Ljava/lang/Object;' in 'java/util/concurrent/ConcurrentHashMap')}
  0x000002af18bf3e14: 49b8 a0df | 196c af02 | 0000 41ff | 8048 0300 | 0083 fb00 

  0x000002af18bf3e28: ;   {metadata(method data for {method} {0x000002af2a42c980} 'computeIfAbsent' '(Ljava/lang/Object;Ljava/util/function/Function;)Ljava/lang/Object;' in 'java/util/concurrent/ConcurrentHashMap')}
  0x000002af18bf3e28: 49b8 a0df | 196c af02 | 0000 49c7 | c170 0300 | 000f 8507 | 0000 0049 | c7c1 6003 | 0000 4b8b 
  0x000002af18bf3e48: 1408 488d | 5201 4b89 | 1408 0f85 | ea10 0000 

  0x000002af18bf3e58: ;   {metadata(method data for {method} {0x000002af2a42c980} 'computeIfAbsent' '(Ljava/lang/Object;Ljava/util/function/Function;)Ljava/lang/Object;' in 'java/util/concurrent/ConcurrentHashMap')}
  0x000002af18bf3e58: 49b8 a0df | 196c af02 | 0000 41ff | 8098 0300 | 0048 8b84 | 24a8 0000 | 00e9 770f | 0000 8b70 
  0x000002af18bf3e78: 0c83 feff 

  0x000002af18bf3e7c: ;   {metadata(method data for {method} {0x000002af2a42c980} 'computeIfAbsent' '(Ljava/lang/Object;Ljava/util/function/Function;)Ljava/lang/Object;' in 'java/util/concurrent/ConcurrentHashMap')}
  0x000002af18bf3e7c: 49b8 a0df | 196c af02 | 0000 49c7 | c1b0 0300 | 000f 8507 | 0000 0049 | c7c1 c003 | 0000 4b8b 
  0x000002af18bf3e9c: 1408 488d | 5201 4b89 | 1408 0f85 | 5d00 0000 | 488b 9424 | 8000 0000 

  0x000002af18bf3eb4: ;   {metadata(method data for {method} {0x000002af2a42c980} 'computeIfAbsent' '(Ljava/lang/Object;Ljava/util/function/Function;)Ljava/lang/Object;' in 'java/util/concurrent/ConcurrentHashMap')}
  0x000002af18bf3eb4: 49b8 a0df | 196c af02 | 0000 4983 | 80d0 0300 | 0001 4c8b | 8424 a800 | 0000 4c8b | c848 8b94 
  0x000002af18bf3ed4: 2480 0000 | 0066 0f1f 

  0x000002af18bf3edc: ;   {optimized virtual_call}
  0x000002af18bf3edc: 4400 00e8 

  0x000002af18bf3ee0: ; ImmutableOopMap {[128]=Oop [136]=Oop [144]=Oop [160]=Oop }
                      ;*invokevirtual helpTransfer {reexecute=0 rethrow=0 return_oop=0}
                      ; - java.util.concurrent.ConcurrentHashMap::computeIfAbsent@207 (line 1719)
  0x000002af18bf3ee0: 9cd4 3f07 

  0x000002af18bf3ee4: ;   {metadata(method data for {method} {0x000002af2a42c980} 'computeIfAbsent' '(Ljava/lang/Object;Ljava/util/function/Function;)Ljava/lang/Object;' in 'java/util/concurrent/ConcurrentHashMap')}
  0x000002af18bf3ee4: 49b8 a0df | 196c af02 | 0000 41ff | 8008 0400 | 008b 9c24 | 9800 0000 | 488b b424 | a000 0000 
  0x000002af18bf3f04: e9e4 0e00 | 003b b424 | 9c00 0000 

  0x000002af18bf3f10: ;   {metadata(method data for {method} {0x000002af2a42c980} 'computeIfAbsent' '(Ljava/lang/Object;Ljava/util/function/Function;)Ljava/lang/Object;' in 'java/util/concurrent/ConcurrentHashMap')}
  0x000002af18bf3f10: 49b8 a0df | 196c af02 | 0000 48c7 | c230 0400 | 000f 8407 | 0000 0048 | c7c2 2004 | 0000 498b 
  0x000002af18bf3f30: 3c10 488d | 7f01 4989 | 3c10 0f84 | 0c00 0000 | 89b4 24b4 | 0000 00e9 | aa01 0000 | 4c8b 8424 
  0x000002af18bf3f50: 9000 0000 | 8b50 1049 

  0x000002af18bf3f58: ;   {metadata(method data for {method} {0x000002af2a42c980} 'computeIfAbsent' '(Ljava/lang/Object;Ljava/util/function/Function;)Ljava/lang/Object;' in 'java/util/concurrent/ConcurrentHashMap')}
  0x000002af18bf3f58: 3bd0 48bf | a0df 196c | af02 0000 | 48c7 c350 | 0400 000f | 8507 0000 | 0048 c7c3 | 4004 0000 
  0x000002af18bf3f78: 488b 0c1f | 488d 4901 | 4889 0c1f | 0f85 0c00 | 0000 89b4 | 24b4 0000 | 00e9 2901 | 0000 4883 
  0x000002af18bf3f98: ;   {metadata(method data for {method} {0x000002af2a42c980} 'computeIfAbsent' '(Ljava/lang/Object;Ljava/util/function/Function;)Ljava/lang/Object;' in 'java/util/concurrent/ConcurrentHashMap')}
  0x000002af18bf3f98: fa00 48bf | a0df 196c | af02 0000 | 48c7 c360 | 0400 000f | 8407 0000 | 0048 c7c3 | 7004 0000 
  0x000002af18bf3fb8: 488b 0c1f | 488d 4901 | 4889 0c1f | 89b4 24b4 | 0000 000f | 8425 0100 | 0049 8bf8 

  0x000002af18bf3fd4: ;   {metadata(method data for {method} {0x000002af2a42c980} 'computeIfAbsent' '(Ljava/lang/Object;Ljava/util/function/Function;)Ljava/lang/Object;' in 'java/util/concurrent/ConcurrentHashMap')}
  0x000002af18bf3fd4: 48bb a0df | 196c af02 | 0000 8b7f | 0849 ba00 | 0000 2aaf | 0200 0049 | 03fa 483b | bb90 0400 
  0x000002af18bf3ff4: 0075 0d48 | 8383 9804 | 0000 01e9 | 6600 0000 | 483b bba0 | 0400 0075 | 0d48 8383 | a804 0000 
  0x000002af18bf4014: 01e9 5000 | 0000 4881 | bb90 0400 | 0000 0000 | 0075 1748 | 89bb 9004 | 0000 48c7 | 8398 0400 
  0x000002af18bf4034: 0001 0000 | 00e9 2c00 | 0000 4881 | bba0 0400 | 0000 0000 | 0075 1748 | 89bb a004 | 0000 48c7 
  0x000002af18bf4054: 83a8 0400 | 0001 0000 | 00e9 0800 | 0000 4883 | 8380 0400 | 0001 498b | f84c 8bc2 | 488b d766 
  0x000002af18bf4074: 9048 b8ff | ffff ffff 

  0x000002af18bf407c: ;   {virtual_call}
  0x000002af18bf407c: ffff ffe8 

  0x000002af18bf4080: ; ImmutableOopMap {[128]=Oop [136]=Oop [168]=Oop [160]=Oop [144]=Oop [200]=Oop }
                      ;*invokevirtual equals {reexecute=0 rethrow=0 return_oop=0}
                      ; - java.util.concurrent.ConcurrentHashMap::computeIfAbsent@241 (line 1721)
  0x000002af18bf4080: dcb9 4a07 

  0x000002af18bf4084: ;   {metadata(method data for {method} {0x000002af2a42c980} 'computeIfAbsent' '(Ljava/lang/Object;Ljava/util/function/Function;)Ljava/lang/Object;' in 'java/util/concurrent/ConcurrentHashMap')}
  0x000002af18bf4084: 83f8 0048 | b8a0 df19 | 6caf 0200 | 0048 c7c2 | b804 0000 | 0f84 0700 | 0000 48c7 | c2c8 0400 
  0x000002af18bf40a4: 004c 8b04 | 104d 8d40 | 014c 8904 | 1048 8b84 | 24c8 0000 | 000f 8437 | 0000 008b | 7014 4883 
  0x000002af18bf40c4: ;   {metadata(method data for {method} {0x000002af2a42c980} 'computeIfAbsent' '(Ljava/lang/Object;Ljava/util/function/Function;)Ljava/lang/Object;' in 'java/util/concurrent/ConcurrentHashMap')}
  0x000002af18bf40c4: fe00 48ba | a0df 196c | af02 0000 | 49c7 c0e8 | 0400 000f | 8507 0000 | 0049 c7c0 | d804 0000 
  0x000002af18bf40e4: 4a8b 3c02 | 488d 7f01 | 4a89 3c02 | 0f85 0a0f | 0000 488d | 9424 2801 | 0000 488b | f048 8972 
  0x000002af18bf4104: 0848 8b06 | 4883 c801 | 4889 02f0 | 480f b116 | 0f84 1300 | 0000 482b | c448 81e0 | 07f0 ffff 
  0x000002af18bf4124: 4889 020f | 8584 1300 

  0x000002af18bf412c: ;   {metadata(method data for {method} {0x000002af2a42c980} 'computeIfAbsent' '(Ljava/lang/Object;Ljava/util/function/Function;)Ljava/lang/Object;' in 'java/util/concurrent/ConcurrentHashMap')}
  0x000002af18bf412c: 0048 baa0 | df19 6caf | 0200 0048 | 8382 f804 | 0000 0148 | 8b94 24a8 | 0000 0044 | 8b84 24b0 
  0x000002af18bf414c: ;   {static_call}
  0x000002af18bf414c: 0000 00e8 

  0x000002af18bf4150: ; ImmutableOopMap {[128]=Oop [136]=Oop [168]=Oop [160]=Oop [144]=Oop [200]=Oop [304]=Oop }
                      ;*invokestatic tabAt {reexecute=0 rethrow=0 return_oop=0}
                      ; - java.util.concurrent.ConcurrentHashMap::computeIfAbsent@274 (line 1727)
  0x000002af18bf4150: 2c89 9507 | 488b b424 | c800 0000 

  0x000002af18bf415c: ;   {metadata(method data for {method} {0x000002af2a42c980} 'computeIfAbsent' '(Ljava/lang/Object;Ljava/util/function/Function;)Ljava/lang/Object;' in 'java/util/concurrent/ConcurrentHashMap')}
  0x000002af18bf415c: 483b c649 | b8a0 df19 | 6caf 0200 | 0048 c7c2 | 1805 0000 | 0f84 0700 | 0000 48c7 | c208 0500 
  0x000002af18bf417c: 0049 8b3c | 1048 8d7f | 0149 893c | 100f 8419 | 0000 008b | 9c24 9800 | 0000 488b | 8424 a000 
  0x000002af18bf419c: 0000 be00 | 0000 00e9 | d00b 0000 | 448b 8424 | b400 0000 | 4183 f800 

  0x000002af18bf41b4: ;   {metadata(method data for {method} {0x000002af2a42c980} 'computeIfAbsent' '(Ljava/lang/Object;Ljava/util/function/Function;)Ljava/lang/Object;' in 'java/util/concurrent/ConcurrentHashMap')}
  0x000002af18bf41b4: 49b8 a0df | 196c af02 | 0000 48c7 | c228 0500 | 000f 8c07 | 0000 0048 | c7c2 3805 | 0000 498b 
  0x000002af18bf41d4: 3c10 488d | 7f01 4989 | 3c10 488b | c60f 8c81 | 0500 00bf | 0100 0000 | 0f1f 4000 | 89bc 24d8 
  0x000002af18bf41f4: 0000 008b | 9424 9c00 | 0000 4c8b | 8424 9000 | 0000 8b58 

  0x000002af18bf4208: ;   {metadata(method data for {method} {0x000002af2a42c980} 'computeIfAbsent' '(Ljava/lang/Object;Ljava/util/function/Function;)Ljava/lang/Object;' in 'java/util/concurrent/ConcurrentHashMap')}
  0x000002af18bf4208: 0c3b da48 | bba0 df19 | 6caf 0200 | 0048 c7c1 | 4805 0000 | 0f85 0700 | 0000 48c7 | c158 0500 
  0x000002af18bf4228: 004c 8b0c | 0b4d 8d49 | 014c 890c | 0b0f 8564 | 0100 008b | 5810 493b 

  0x000002af18bf4240: ;   {metadata(method data for {method} {0x000002af2a42c980} 'computeIfAbsent' '(Ljava/lang/Object;Ljava/util/function/Function;)Ljava/lang/Object;' in 'java/util/concurrent/ConcurrentHashMap')}
  0x000002af18bf4240: d848 b9a0 | df19 6caf | 0200 0049 | c7c1 6805 | 0000 0f84 | 0700 0000 | 49c7 c178 | 0500 004e 
  0x000002af18bf4260: 8b1c 094d | 8d5b 014e | 891c 090f | 84b9 0100 | 0048 83fb 

  0x000002af18bf4274: ;   {metadata(method data for {method} {0x000002af2a42c980} 'computeIfAbsent' '(Ljava/lang/Object;Ljava/util/function/Function;)Ljava/lang/Object;' in 'java/util/concurrent/ConcurrentHashMap')}
  0x000002af18bf4274: 0048 b9a0 | df19 6caf | 0200 0049 | c7c1 8805 | 0000 0f84 | 0700 0000 | 49c7 c198 | 0500 004e 
  0x000002af18bf4294: 8b1c 094d | 8d5b 014e | 891c 090f | 84fa 0000 | 0048 8984 | 24d0 0000 | 0049 8bc8 

  0x000002af18bf42b0: ;   {metadata(method data for {method} {0x000002af2a42c980} 'computeIfAbsent' '(Ljava/lang/Object;Ljava/util/function/Function;)Ljava/lang/Object;' in 'java/util/concurrent/ConcurrentHashMap')}
  0x000002af18bf42b0: 49b9 a0df | 196c af02 | 0000 8b49 | 0849 ba00 | 0000 2aaf | 0200 0049 | 03ca 493b | 89b8 0500 
  0x000002af18bf42d0: 0075 0d49 | 8381 c005 | 0000 01e9 | 6600 0000 | 493b 89c8 | 0500 0075 | 0d49 8381 | d005 0000 
  0x000002af18bf42f0: 01e9 5000 | 0000 4981 | b9b8 0500 | 0000 0000 | 0075 1749 | 8989 b805 | 0000 49c7 | 81c0 0500 
  0x000002af18bf4310: 0001 0000 | 00e9 2c00 | 0000 4981 | b9c8 0500 | 0000 0000 | 0075 1749 | 8989 c805 | 0000 49c7 
  0x000002af18bf4330: 81d0 0500 | 0001 0000 | 00e9 0800 | 0000 4983 | 81a8 0500 | 0001 498b | c84c 8bc3 | 488b d166 
  0x000002af18bf4350: 0f1f 4400 | 0048 b850 | 9114 2aaf 

  0x000002af18bf435c: ;   {virtual_call}
  0x000002af18bf435c: 0200 00e8 

  0x000002af18bf4360: ; ImmutableOopMap {[128]=Oop [136]=Oop [168]=Oop [208]=Oop [200]=Oop [144]=Oop [304]=Oop }
                      ;*invokevirtual equals {reexecute=0 rethrow=0 return_oop=0}
                      ; - java.util.concurrent.ConcurrentHashMap::computeIfAbsent@323 (line 1734)
  0x000002af18bf4360: 9cbe 0200 

  0x000002af18bf4364: ;   {metadata(method data for {method} {0x000002af2a42c980} 'computeIfAbsent' '(Ljava/lang/Object;Ljava/util/function/Function;)Ljava/lang/Object;' in 'java/util/concurrent/ConcurrentHashMap')}
  0x000002af18bf4364: 83f8 0049 | b8a0 df19 | 6caf 0200 | 0048 c7c2 | f005 0000 | 0f85 0700 | 0000 48c7 | c2e0 0500 
  0x000002af18bf4384: 0049 8b34 | 1048 8d76 | 0149 8934 | 1048 8b84 | 24d0 0000 | 000f 858b | 0000 0044 | 8b40 1849 
  0x000002af18bf43a4: ;   {metadata(method data for {method} {0x000002af2a42c980} 'computeIfAbsent' '(Ljava/lang/Object;Ljava/util/function/Function;)Ljava/lang/Object;' in 'java/util/concurrent/ConcurrentHashMap')}
  0x000002af18bf43a4: 83f8 0048 | baa0 df19 | 6caf 0200 | 0048 c7c6 | 2806 0000 | 0f84 0700 | 0000 48c7 | c618 0600 
  0x000002af18bf43c4: 0048 8b3c | 3248 8d7f | 0148 893c | 320f 8488 | 0000 008b | bc24 d800 | 0000 ffc7 

  0x000002af18bf43e0: ;   {metadata(method data for {method} {0x000002af2a42c980} 'computeIfAbsent' '(Ljava/lang/Object;Ljava/util/function/Function;)Ljava/lang/Object;' in 'java/util/concurrent/ConcurrentHashMap')}
  0x000002af18bf43e0: 48ba a0df | 196c af02 | 0000 8bb2 | d000 0000 | 83c6 0289 | b2d0 0000 | 0081 e6fe | 3f00 0083 
  0x000002af18bf4400: fe00 0f84 | c110 0000 | 4d8b 9750 

  0x000002af18bf440c: ; ImmutableOopMap {[128]=Oop [136]=Oop [168]=Oop [200]=Oop [144]=Oop r8=Oop [304]=Oop }
                      ;*goto {reexecute=1 rethrow=0 return_oop=0}
                      ; - (reexecute) java.util.concurrent.ConcurrentHashMap::computeIfAbsent@410 (line 1730)
                      ;   {poll}
  0x000002af18bf440c: 0300 0041 

  0x000002af18bf4410: ;   {metadata(method data for {method} {0x000002af2a42c980} 'computeIfAbsent' '(Ljava/lang/Object;Ljava/util/function/Function;)Ljava/lang/Object;' in 'java/util/concurrent/ConcurrentHashMap')}
  0x000002af18bf4410: 8502 48ba | a0df 196c | af02 0000 | ff82 e806 | 0000 498b | c0e9 c6fd | ffff 8bbc | 24d8 0000 
  0x000002af18bf4430: 0044 8b40 

  0x000002af18bf4434: ;   {metadata(method data for {method} {0x000002af2a42c980} 'computeIfAbsent' '(Ljava/lang/Object;Ljava/util/function/Function;)Ljava/lang/Object;' in 'java/util/concurrent/ConcurrentHashMap')}
  0x000002af18bf4434: 1448 baa0 | df19 6caf | 0200 00ff | 8200 0600 | 00be 0000 | 0000 448b | ac24 9c00 | 0000 4c8b 
  0x000002af18bf4454: 9c24 9000 | 0000 e9ed | 0200 0048 | 8984 24d0 | 0000 004c | 8b8c 2488 | 0000 0049 | 3b01 4d8b 
  0x000002af18bf4474: ;   {metadata(method data for {method} {0x000002af2a42c980} 'computeIfAbsent' '(Ljava/lang/Object;Ljava/util/function/Function;)Ljava/lang/Object;' in 'java/util/concurrent/ConcurrentHashMap')}
  0x000002af18bf4474: c148 baa0 | df19 6caf | 0200 0045 | 8b40 0849 | ba00 0000 | 2aaf 0200 | 004d 03c2 | 4c3b 8248 
  0x000002af18bf4494: 0600 0075 | 0d48 8382 | 5006 0000 | 01e9 6600 | 0000 4c3b | 8258 0600 | 0075 0d48 | 8382 6006 
  0x000002af18bf44b4: 0000 01e9 | 5000 0000 | 4881 ba48 | 0600 0000 | 0000 0075 | 174c 8982 | 4806 0000 | 48c7 8250 
  0x000002af18bf44d4: 0600 0001 | 0000 00e9 | 2c00 0000 | 4881 ba58 | 0600 0000 | 0000 0075 | 174c 8982 | 5806 0000 
  0x000002af18bf44f4: 48c7 8260 | 0600 0001 | 0000 00e9 | 0800 0000 | 4883 8238 | 0600 0001 | 4c8b 8424 | 9000 0000 
  0x000002af18bf4514: 498b d166 | 0f1f 4400 | 0048 b890 | 0148 70af 

  0x000002af18bf4524: ;   {virtual_call}
  0x000002af18bf4524: 0200 00e8 

  0x000002af18bf4528: ; ImmutableOopMap {[128]=Oop [168]=Oop [144]=Oop [200]=Oop [136]=Oop [208]=Oop [304]=Oop }
                      ;*invokeinterface apply {reexecute=0 rethrow=0 return_oop=0}
                      ; - java.util.concurrent.ConcurrentHashMap::computeIfAbsent@356 (line 1740)
  0x000002af18bf4528: 54b6 4a07 | 4c8b c049 

  0x000002af18bf4530: ;   {metadata(method data for {method} {0x000002af2a42c980} 'computeIfAbsent' '(Ljava/lang/Object;Ljava/util/function/Function;)Ljava/lang/Object;' in 'java/util/concurrent/ConcurrentHashMap')}
  0x000002af18bf4530: 83f8 0048 | baa0 df19 | 6caf 0200 | 0048 c7c6 | 8006 0000 | 0f85 0700 | 0000 48c7 | c670 0600 
  0x000002af18bf4550: 0048 8b3c | 3248 8d7f | 0148 893c | 320f 8521 | 0000 00be | 0000 0000 | 8bbc 24d8 | 0000 0044 
  0x000002af18bf4570: 8bac 249c | 0000 004c | 8b9c 2490 | 0000 00e9 | c801 0000 | 4c8b 8c24 | d000 0000 | 418b 5118 
  0x000002af18bf4590: 4883 fa00 

  0x000002af18bf4594: ;   {metadata(method data for {method} {0x000002af2a42c980} 'computeIfAbsent' '(Ljava/lang/Object;Ljava/util/function/Function;)Ljava/lang/Object;' in 'java/util/concurrent/ConcurrentHashMap')}
  0x000002af18bf4594: 48ba a0df | 196c af02 | 0000 48c7 | c6a0 0600 | 000f 8507 | 0000 0048 | c7c6 9006 | 0000 488b 
  0x000002af18bf45b4: 3c32 488d | 7f01 4889 | 3c32 0f85 | 080b 0000 | 8b94 249c | 0000 004c | 8b9c 2490 | 0000 004c 
  0x000002af18bf45d4: ;   {metadata('java/util/concurrent/ConcurrentHashMap$Node')}
  0x000002af18bf45d4: 8bea 48ba | 9899 192a | af02 0000 | 498b 8708 | 0100 0048 | 8d78 2049 | 3bbf 1801 | 0000 0f87 
  0x000002af18bf45f4: f70e 0000 | 4989 bf08 | 0100 0048 | c700 0100 | 0000 488b | ca49 ba00 | 0000 2aaf | 0200 0049 
  0x000002af18bf4614: 2bca 8948 | 0848 33c9 | 8948 0c48 | 33c9 4889 | 4810 4889 | 4818 488b 

  0x000002af18bf462c: ;   {metadata(method data for {method} {0x000002af2a42c980} 'computeIfAbsent' '(Ljava/lang/Object;Ljava/util/function/Function;)Ljava/lang/Object;' in 'java/util/concurrent/ConcurrentHashMap')}
  0x000002af18bf462c: f848 baa0 | df19 6caf | 0200 0048 | 8382 c006 

  0x000002af18bf463c: ;   {metadata(method data for {method} {0x000002af2a19cf98} '<init>' '(ILjava/lang/Object;Ljava/lang/Object;)V' in 'java/util/concurrent/ConcurrentHashMap$Node')}
  0x000002af18bf463c: 0000 0148 | bf00 5001 | 6caf 0200 | 008b 97cc | 0000 0083 | c202 8997 | cc00 0000 | 81e2 feff 
  0x000002af18bf465c: 1f00 83fa | 000f 8495 | 0e00 0048 

  0x000002af18bf4668: ;   {metadata(method data for {method} {0x000002af2a19cf98} '<init>' '(ILjava/lang/Object;Ljava/lang/Object;)V' in 'java/util/concurrent/ConcurrentHashMap$Node')}
  0x000002af18bf4668: 8bf8 48ba | 0050 016c | af02 0000 | 4883 8210 | 0100 0001 

  0x000002af18bf467c: ;   {metadata(method data for {method} {0x000002af2a4415a8} '<init>' '()V' in 'java/lang/Object')}
  0x000002af18bf467c: 48bf 988b | 006c af02 | 0000 8b97 | cc00 0000 | 83c2 0289 | 97cc 0000 | 0081 e2fe | ff1f 0083 
  0x000002af18bf469c: fa00 0f84 | 790e 0000 | 4489 680c | 410f be7f | 3883 ff00 | 0f85 880e | 0000 4d8b | d344 8950 
  0x000002af18bf46bc: 1048 8bf8 | 4933 fb48 | c1ef 1448 | 83ff 000f | 8588 0e00 | 0041 0fbe | 7f38 83ff | 000f 8592 
  0x000002af18bf46dc: 0e00 004d | 8bd0 4489 | 5014 f083 | 4424 c000 | 488b f849 | 33f8 48c1 | ef14 4883 | ff00 0f85 
  0x000002af18bf46fc: 8c0e 0000 | 410f be7f | 3883 ff00 | 0f85 960e | 0000 4c8b | d045 8951 | 18f0 8344 | 24c0 0049 
  0x000002af18bf471c: 8bf9 4833 | f848 c1ef | 1448 83ff | 000f 8591 

  0x000002af18bf472c: ;   {metadata(method data for {method} {0x000002af2a42c980} 'computeIfAbsent' '(Ljava/lang/Object;Ljava/util/function/Function;)Ljava/lang/Object;' in 'java/util/concurrent/ConcurrentHashMap')}
  0x000002af18bf472c: 0e00 0049 | b9a0 df19 | 6caf 0200 | 0041 ff81 | d006 0000 | be01 0000 | 008b bc24 | d800 0000 
  0x000002af18bf474c: ;   {metadata(method data for {method} {0x000002af2a42c980} 'computeIfAbsent' '(Ljava/lang/Object;Ljava/util/function/Function;)Ljava/lang/Object;' in 'java/util/concurrent/ConcurrentHashMap')}
  0x000002af18bf474c: 49b9 a0df | 196c af02 | 0000 41ff | 8100 0700 | 0048 8bdf | 498b c0e9 | 1006 0000 | 448b ac24 
  0x000002af18bf476c: 9c00 0000 | 4c8b 9c24 | 9000 0000 | 4883 f800 

  0x000002af18bf477c: ;   {metadata(method data for {method} {0x000002af2a42c980} 'computeIfAbsent' '(Ljava/lang/Object;Ljava/util/function/Function;)Ljava/lang/Object;' in 'java/util/concurrent/ConcurrentHashMap')}
  0x000002af18bf477c: 7516 48bf | a0df 196c | af02 0000 | 808f 1107 | 0000 01e9 | 0001 0000 | 0f1f 4000 

  0x000002af18bf4798: ;   {no_reloc}
  0x000002af18bf4798: e94a 0e00 | 0000 0000 | 0000 8b78 | 0849 ba00 | 0000 2aaf | 0200 0049 | 03fa 483b | fa0f 842a 
  0x000002af18bf47b8: 0000 0044 | 8b4a 144a | 3b14 0f0f | 841c 0000 | 0041 83f9 | 200f 85a5 | 0000 0057 

  0x000002af18bf47d4: ;   {runtime_call slow_subtype_check Runtime1 stub}
  0x000002af18bf47d4: 52e8 267f | 4a07 5f5a | 83fa 000f | 8493 0000 

  0x000002af18bf47e4: ;   {metadata(method data for {method} {0x000002af2a42c980} 'computeIfAbsent' '(Ljava/lang/Object;Ljava/util/function/Function;)Ljava/lang/Object;' in 'java/util/concurrent/ConcurrentHashMap')}
  0x000002af18bf47e4: 0048 bfa0 | df19 6caf | 0200 008b | 5008 49ba | 0000 002a | af02 0000 | 4903 d248 | 3b97 2807 
  0x000002af18bf4804: 0000 750d | 4883 8730 | 0700 0001 | e984 0000 | 0048 3b97 | 3807 0000 | 750d 4883 | 8740 0700 
  0x000002af18bf4824: 0001 e96e | 0000 0048 | 81bf 2807 | 0000 0000 | 0000 7517 | 4889 9728 | 0700 0048 | c787 3007 
  0x000002af18bf4844: 0000 0100 | 0000 e94a | 0000 0048 | 81bf 3807 | 0000 0000 | 0000 7517 | 4889 9738 | 0700 0048 
  0x000002af18bf4864: c787 4007 | 0000 0100 | 0000 e926 | 0000 00e9 | 2100 0000 

  0x000002af18bf4878: ;   {metadata(method data for {method} {0x000002af2a42c980} 'computeIfAbsent' '(Ljava/lang/Object;Ljava/util/function/Function;)Ljava/lang/Object;' in 'java/util/concurrent/ConcurrentHashMap')}
  0x000002af18bf4878: 48bf a0df | 196c af02 | 0000 4883 | af18 0700 | 0001 e905 | 0000 00e9 | 0500 0000 | 4d33 c0eb 
  0x000002af18bf4898: 0a49 b801 | 0000 0000 | 0000 0041 

  0x000002af18bf48a4: ;   {metadata(method data for {method} {0x000002af2a42c980} 'computeIfAbsent' '(Ljava/lang/Object;Ljava/util/function/Function;)Ljava/lang/Object;' in 'java/util/concurrent/ConcurrentHashMap')}
  0x000002af18bf48a4: 83f8 0049 | b8a0 df19 | 6caf 0200 | 0049 c7c1 | 5007 0000 | 0f84 0700 | 0000 49c7 | c160 0700 
  0x000002af18bf48c4: 004b 8b3c | 0848 8d7f | 014b 893c | 080f 845b | 0300 0048 | 83f8 0075 

  0x000002af18bf48dc: ;   {metadata(method data for {method} {0x000002af2a42c980} 'computeIfAbsent' '(Ljava/lang/Object;Ljava/util/function/Function;)Ljava/lang/Object;' in 'java/util/concurrent/ConcurrentHashMap')}
  0x000002af18bf48dc: 1749 b9a0 | df19 6caf | 0200 0041 | 8089 6907 | 0000 01e9 | 0301 0000 | 0f1f 4000 

  0x000002af18bf48f8: ;   {no_reloc}
  0x000002af18bf48f8: e903 0d00 | 0000 0000 | 0000 448b | 4808 49ba | 0000 002a | af02 0000 | 4d03 ca4c | 3bcf 0f84 
  0x000002af18bf4918: 2c00 0000 | 448b 4714 | 4b3b 3c01 | 0f84 1e00 | 0000 4183 | f820 0f85 | a700 0000 

  0x000002af18bf4934: ;   {runtime_call slow_subtype_check Runtime1 stub}
  0x000002af18bf4934: 4151 57e8 | c47d 4a07 | 4159 5f83 | ff00 0f84 | 9300 0000 

  0x000002af18bf4948: ;   {metadata(method data for {method} {0x000002af2a42c980} 'computeIfAbsent' '(Ljava/lang/Object;Ljava/util/function/Function;)Ljava/lang/Object;' in 'java/util/concurrent/ConcurrentHashMap')}
  0x000002af18bf4948: 49b9 a0df | 196c af02 | 0000 8b78 | 0849 ba00 | 0000 2aaf | 0200 0049 | 03fa 493b | b980 0700 
  0x000002af18bf4968: 0075 0d49 | 8381 8807 | 0000 01e9 | 7f00 0000 | 493b b990 | 0700 0075 | 0d49 8381 | 9807 0000 
  0x000002af18bf4988: 01e9 6900 | 0000 4981 | b980 0700 | 0000 0000 | 0075 1749 | 89b9 8007 | 0000 49c7 | 8188 0700 
  0x000002af18bf49a8: 0001 0000 | 00e9 4500 | 0000 4981 | b990 0700 | 0000 0000 | 0075 1749 | 89b9 9007 | 0000 49c7 
  0x000002af18bf49c8: 8198 0700 | 0001 0000 | 00e9 2100 | 0000 e91c 

  0x000002af18bf49d8: ;   {metadata(method data for {method} {0x000002af2a42c980} 'computeIfAbsent' '(Ljava/lang/Object;Ljava/util/function/Function;)Ljava/lang/Object;' in 'java/util/concurrent/ConcurrentHashMap')}
  0x000002af18bf49d8: 0000 0049 | b9a0 df19 | 6caf 0200 | 0049 83a9 | 7007 0000 | 01e9 180c | 0000 e900 | 0000 0048 
  0x000002af18bf49f8: 8bf0 4883 | fe00 0f84 | 0f0c 0000 | 0f1f 4000 

  0x000002af18bf4a08: ; implicit exception: dispatches to 0x000002af18bf5620
  0x000002af18bf4a08: e923 0c00 | 0090 4883 

  0x000002af18bf4a10: ;   {metadata(method data for {method} {0x000002af2a42c980} 'computeIfAbsent' '(Ljava/lang/Object;Ljava/util/function/Function;)Ljava/lang/Object;' in 'java/util/concurrent/ConcurrentHashMap')}
  0x000002af18bf4a10: fa00 49b8 | a0df 196c | af02 0000 | 49c7 c1a8 | 0700 000f | 8407 0000 | 0049 c7c1 | b807 0000 
  0x000002af18bf4a30: 4b8b 3c08 | 488d 7f01 | 4b89 3c08 | 4889 b424 | e000 0000 | 0f84 5600 | 0000 4d8b | c54d 8bcb 
  0x000002af18bf4a50: ;   {oop(NULL)}
  0x000002af18bf4a50: 48bf 0000 | 0000 0000 | 0000 6666 | 9048 b8ff | ffff ffff 

  0x000002af18bf4a64: ;   {virtual_call}
  0x000002af18bf4a64: ffff ffe8 

  0x000002af18bf4a68: ; ImmutableOopMap {[128]=Oop [168]=Oop [136]=Oop [224]=Oop [200]=Oop [144]=Oop [304]=Oop }
                      ;*invokevirtual findTreeNode {reexecute=0 rethrow=0 return_oop=0}
                      ; - java.util.concurrent.ConcurrentHashMap::computeIfAbsent@450 (line 1755)
  0x000002af18bf4a68: 14cc 3f07 | 4883 f800 

  0x000002af18bf4a70: ;   {metadata(method data for {method} {0x000002af2a42c980} 'computeIfAbsent' '(Ljava/lang/Object;Ljava/util/function/Function;)Ljava/lang/Object;' in 'java/util/concurrent/ConcurrentHashMap')}
  0x000002af18bf4a70: 49b8 a0df | 196c af02 | 0000 48c7 | c210 0800 | 000f 8507 | 0000 0048 | c7c2 0008 | 0000 498b 
  0x000002af18bf4a90: 3410 488d | 7601 4989 | 3410 0f85 | 4e01 0000 | 4c8b 8c24 | 8800 0000 

  0x000002af18bf4aa8: ; implicit exception: dispatches to 0x000002af18bf563a
  0x000002af18bf4aa8: 493b 014d 

  0x000002af18bf4aac: ;   {metadata(method data for {method} {0x000002af2a42c980} 'computeIfAbsent' '(Ljava/lang/Object;Ljava/util/function/Function;)Ljava/lang/Object;' in 'java/util/concurrent/ConcurrentHashMap')}
  0x000002af18bf4aac: 8bc1 48ba | a0df 196c | af02 0000 | 458b 4008 | 49ba 0000 | 002a af02 | 0000 4d03 | c24c 3b82 
  0x000002af18bf4acc: 4808 0000 | 750d 4883 | 8250 0800 | 0001 e966 | 0000 004c | 3b82 5808 | 0000 750d | 4883 8260 
  0x000002af18bf4aec: 0800 0001 | e950 0000 | 0048 81ba | 4808 0000 | 0000 0000 | 7517 4c89 | 8248 0800 | 0048 c782 
  0x000002af18bf4b0c: 5008 0000 | 0100 0000 | e92c 0000 | 0048 81ba | 5808 0000 | 0000 0000 | 7517 4c89 | 8258 0800 
  0x000002af18bf4b2c: 0048 c782 | 6008 0000 | 0100 0000 | e908 0000 | 0048 8382 | 3808 0000 | 014c 8b84 | 2490 0000 
  0x000002af18bf4b4c: 0049 8bd1 | 0f1f 4400 | 0048 b8ff | ffff ffff 

  0x000002af18bf4b5c: ;   {virtual_call}
  0x000002af18bf4b5c: ffff ffe8 

  0x000002af18bf4b60: ; ImmutableOopMap {[128]=Oop [168]=Oop [224]=Oop [200]=Oop [144]=Oop [136]=Oop [304]=Oop }
                      ;*invokeinterface apply {reexecute=0 rethrow=0 return_oop=0}
                      ; - java.util.concurrent.ConcurrentHashMap::computeIfAbsent@471 (line 1757)
  0x000002af18bf4b60: 1ccb 3f07 | 4883 f800 

  0x000002af18bf4b68: ;   {metadata(method data for {method} {0x000002af2a42c980} 'computeIfAbsent' '(Ljava/lang/Object;Ljava/util/function/Function;)Ljava/lang/Object;' in 'java/util/concurrent/ConcurrentHashMap')}
  0x000002af18bf4b68: 49b8 a0df | 196c af02 | 0000 49c7 | c180 0800 | 000f 8507 | 0000 0049 | c7c1 7008 | 0000 4b8b 
  0x000002af18bf4b88: 3c08 488d | 7f01 4b89 | 3c08 0f85 | 0a00 0000 | be00 0000 | 00e9 7500 | 0000 488b | b424 e000 
  0x000002af18bf4ba8: 0000 448b | 8424 9c00 | 0000 4c8b | 8c24 9000 | 0000 488b | f848 8bd6 | 4889 8424 | e800 0000 
  0x000002af18bf4bc8: 0f1f 4400 | 0048 b8ff | ffff ffff 

  0x000002af18bf4bd4: ;   {virtual_call}
  0x000002af18bf4bd4: ffff ffe8 

  0x000002af18bf4bd8: ; ImmutableOopMap {[128]=Oop [168]=Oop [144]=Oop [136]=Oop [200]=Oop [232]=Oop [304]=Oop }
                      ;*invokevirtual putTreeVal {reexecute=0 rethrow=0 return_oop=0}
                      ; - java.util.concurrent.ConcurrentHashMap::computeIfAbsent@491 (line 1759)
  0x000002af18bf4bd8: a4ca 3f07 | 488b 8424 | e800 0000 | be01 0000 | 00e9 2900 | 0000 4883 | f800 0f84 | 470a 0000 
  0x000002af18bf4bf8: ; implicit exception: dispatches to 0x000002af18bf564c
  0x000002af18bf4bf8: e960 0a00 

  0x000002af18bf4bfc: ;   {metadata(method data for {method} {0x000002af2a42c980} 'computeIfAbsent' '(Ljava/lang/Object;Ljava/util/function/Function;)Ljava/lang/Object;' in 'java/util/concurrent/ConcurrentHashMap')}
  0x000002af18bf4bfc: 0090 9048 | b8a0 df19 | 6caf 0200 | 00ff 8020 | 0800 0049 | 8bc0 be00 

  0x000002af18bf4c14: ;   {metadata(method data for {method} {0x000002af2a42c980} 'computeIfAbsent' '(Ljava/lang/Object;Ljava/util/function/Function;)Ljava/lang/Object;' in 'java/util/concurrent/ConcurrentHashMap')}
  0x000002af18bf4c14: 0000 0049 | b8a0 df19 | 6caf 0200 | 0041 ff80 | c808 0000 | bb02 0000 | 00e9 4601 | 0000 4883 
  0x000002af18bf4c34: f800 7516 

  0x000002af18bf4c38: ;   {metadata(method data for {method} {0x000002af2a42c980} 'computeIfAbsent' '(Ljava/lang/Object;Ljava/util/function/Function;)Ljava/lang/Object;' in 'java/util/concurrent/ConcurrentHashMap')}
  0x000002af18bf4c38: 48ba a0df | 196c af02 | 0000 808a | d908 0000 | 01e9 d300 

  0x000002af18bf4c4c: ;   {metadata('java/util/concurrent/ConcurrentHashMap$ReservationNode')}
  0x000002af18bf4c4c: 0000 48be | 389e 192a | af02 0000 | 448b 4808 | 49ba 0000 | 002a af02 | 0000 4d03 | ca49 3bf1 
  0x000002af18bf4c6c: 0f85 9300 

  0x000002af18bf4c70: ;   {metadata(method data for {method} {0x000002af2a42c980} 'computeIfAbsent' '(Ljava/lang/Object;Ljava/util/function/Function;)Ljava/lang/Object;' in 'java/util/concurrent/ConcurrentHashMap')}
  0x000002af18bf4c70: 0000 48ba | a0df 196c | af02 0000 | 8b70 0849 | ba00 0000 | 2aaf 0200 | 0049 03f2 | 483b b2f0 
  0x000002af18bf4c90: 0800 0075 | 0d48 8382 | f808 0000 | 01e9 8400 | 0000 483b | b200 0900 | 0075 0d48 | 8382 0809 
  0x000002af18bf4cb0: 0000 01e9 | 6e00 0000 | 4881 baf0 | 0800 0000 | 0000 0075 | 1748 89b2 | f008 0000 | 48c7 82f8 
  0x000002af18bf4cd0: 0800 0001 | 0000 00e9 | 4a00 0000 | 4881 ba00 | 0900 0000 | 0000 0075 | 1748 89b2 | 0009 0000 
  0x000002af18bf4cf0: 48c7 8208 | 0900 0001 | 0000 00e9 | 2600 0000 | e921 0000 

  0x000002af18bf4d04: ;   {metadata(method data for {method} {0x000002af2a42c980} 'computeIfAbsent' '(Ljava/lang/Object;Ljava/util/function/Function;)Ljava/lang/Object;' in 'java/util/concurrent/ConcurrentHashMap')}
  0x000002af18bf4d04: 0048 baa0 | df19 6caf | 0200 0048 | 83aa e008 | 0000 01e9 | 0500 0000 | e905 0000 | 004d 33c0 
  0x000002af18bf4d24: eb0a 49b8 | 0100 0000 | 0000 0000 | 4183 f800 

  0x000002af18bf4d34: ;   {metadata(method data for {method} {0x000002af2a42c980} 'computeIfAbsent' '(Ljava/lang/Object;Ljava/util/function/Function;)Ljava/lang/Object;' in 'java/util/concurrent/ConcurrentHashMap')}
  0x000002af18bf4d34: 49b8 a0df | 196c af02 | 0000 49c7 | c128 0900 | 000f 8507 | 0000 0049 | c7c1 1809 | 0000 4b8b 
  0x000002af18bf4d54: 1408 488d | 5201 4b89 | 1408 0f85 | b502 0000 | 8b9c 2498 | 0000 0048 | 8b84 24a0 | 0000 00be 
  0x000002af18bf4d74: 0000 0000 | 488b f848 | 8d84 2428 | 0100 004c | 8b00 4d85 | c00f 840f | 0000 004c | 8b48 08f0 
  0x000002af18bf4d94: 4d0f b101 | 0f85 c908 

  0x000002af18bf4d9c: ;   {metadata(method data for {method} {0x000002af2a42c980} 'computeIfAbsent' '(Ljava/lang/Object;Ljava/util/function/Function;)Ljava/lang/Object;' in 'java/util/concurrent/ConcurrentHashMap')}
  0x000002af18bf4d9c: 0000 49b8 | a0df 196c | af02 0000 | 41ff 8048 | 0900 0083 

  0x000002af18bf4db0: ;   {metadata(method data for {method} {0x000002af2a42c980} 'computeIfAbsent' '(Ljava/lang/Object;Ljava/util/function/Function;)Ljava/lang/Object;' in 'java/util/concurrent/ConcurrentHashMap')}
  0x000002af18bf4db0: fb00 49b8 | a0df 196c | af02 0000 | 49c7 c170 | 0900 000f | 8507 0000 | 0049 c7c1 | 6009 0000 
  0x000002af18bf4dd0: 4b8b 1408 | 488d 5201 | 4b89 1408 | 0f85 7800 | 0000 488b | 8424 a800 | 0000 488b 

  0x000002af18bf4dec: ;   {metadata(method data for {method} {0x000002af2a42c980} 'computeIfAbsent' '(Ljava/lang/Object;Ljava/util/function/Function;)Ljava/lang/Object;' in 'java/util/concurrent/ConcurrentHashMap')}
  0x000002af18bf4dec: f749 b8a0 | df19 6caf | 0200 0045 | 8b88 d000 | 0000 4183 | c102 4589 | 88d0 0000 | 0041 81e1 
  0x000002af18bf4e0c: fe3f 0000 | 4183 f900 | 0f84 6308 | 0000 4d8b | 9750 0300 

  0x000002af18bf4e20: ; ImmutableOopMap {[128]=Oop [144]=Oop [136]=Oop rax=Oop rsi=Oop }
                      ;*goto {reexecute=1 rethrow=0 return_oop=0}
                      ; - (reexecute) java.util.concurrent.ConcurrentHashMap::computeIfAbsent@558 (line 1774)
                      ;   {poll}
  0x000002af18bf4e20: 0041 8502 

  0x000002af18bf4e24: ;   {metadata(method data for {method} {0x000002af2a42c980} 'computeIfAbsent' '(Ljava/lang/Object;Ljava/util/function/Function;)Ljava/lang/Object;' in 'java/util/concurrent/ConcurrentHashMap')}
  0x000002af18bf4e24: 49b8 a0df | 196c af02 | 0000 41ff | 80f8 0900 | 0048 8bd0 | 488b c648 | 8bfa 899c | 2498 0000 
  0x000002af18bf4e44: 0048 8984 | 24a0 0000 | 0048 8bb4 | 2480 0000 | 00e9 eee9 | ffff 488b | 9424 a800 | 0000 83fb 
  0x000002af18bf4e64: ;   {metadata(method data for {method} {0x000002af2a42c980} 'computeIfAbsent' '(Ljava/lang/Object;Ljava/util/function/Function;)Ljava/lang/Object;' in 'java/util/concurrent/ConcurrentHashMap')}
  0x000002af18bf4e64: 0849 b8a0 | df19 6caf | 0200 0049 | c7c1 9009 | 0000 0f8d | 0700 0000 | 49c7 c180 | 0900 004b 
  0x000002af18bf4e84: 8b04 0848 | 8d40 014b | 8904 080f | 8d14 0000 | 0089 9c24 | f000 0000 | 4889 bc24 | f800 0000 
  0x000002af18bf4ea4: e952 0000 | 0089 b424 | dc00 0000 | 899c 24f0 | 0000 0048 | 89bc 24f8 | 0000 004c | 8b84 2480 
  0x000002af18bf4ec4: ;   {metadata(method data for {method} {0x000002af2a42c980} 'computeIfAbsent' '(Ljava/lang/Object;Ljava/util/function/Function;)Ljava/lang/Object;' in 'java/util/concurrent/ConcurrentHashMap')}
  0x000002af18bf4ec4: 0000 0049 | b9a0 df19 | 6caf 0200 | 0049 8381 | a009 0000 | 014c 8bc2 | 448b 8c24 | b000 0000 
  0x000002af18bf4ee4: 488b 9424 | 8000 0000 

  0x000002af18bf4eec: ;   {optimized virtual_call}
  0x000002af18bf4eec: 6666 90e8 

  0x000002af18bf4ef0: ; ImmutableOopMap {[128]=Oop [248]=Oop }
                      ;*invokevirtual treeifyBin {reexecute=0 rethrow=0 return_oop=0}
                      ; - java.util.concurrent.ConcurrentHashMap::computeIfAbsent@547 (line 1768)
  0x000002af18bf4ef0: 8cc4 3f07 | 8bb4 24dc | 0000 0083 

  0x000002af18bf4efc: ;   {metadata(method data for {method} {0x000002af2a42c980} 'computeIfAbsent' '(Ljava/lang/Object;Ljava/util/function/Function;)Ljava/lang/Object;' in 'java/util/concurrent/ConcurrentHashMap')}
  0x000002af18bf4efc: fe00 49b8 | a0df 196c | af02 0000 | 49c7 c1e8 | 0900 000f | 8407 0000 | 0049 c7c1 | d809 0000 
  0x000002af18bf4f1c: 4b8b 1408 | 488d 5201 | 4b89 1408 | 0f84 b400 | 0000 8b9c | 24f0 0000 | 0048 8b84 | 24f8 0000 
  0x000002af18bf4f3c: 00e9 1400 

  0x000002af18bf4f40: ;   {metadata(method data for {method} {0x000002af2a42c980} 'computeIfAbsent' '(Ljava/lang/Object;Ljava/util/function/Function;)Ljava/lang/Object;' in 'java/util/concurrent/ConcurrentHashMap')}
  0x000002af18bf4f40: 0000 49b8 | a0df 196c | af02 0000 | 41ff 8080 | 0300 0048 | 8bc6 4883 

  0x000002af18bf4f58: ;   {metadata(method data for {method} {0x000002af2a42c980} 'computeIfAbsent' '(Ljava/lang/Object;Ljava/util/function/Function;)Ljava/lang/Object;' in 'java/util/concurrent/ConcurrentHashMap')}
  0x000002af18bf4f58: f800 49b8 | a0df 196c | af02 0000 | 49c7 c110 | 0a00 000f | 8407 0000 | 0049 c7c1 | 200a 0000 
  0x000002af18bf4f78: 4b8b 1408 | 488d 5201 | 4b89 1408 | 0f84 4200 | 0000 4889 | 8424 0001 | 0000 488b | 9424 8000 
  0x000002af18bf4f98: 0000 4c8b 

  0x000002af18bf4f9c: ;   {metadata(method data for {method} {0x000002af2a42c980} 'computeIfAbsent' '(Ljava/lang/Object;Ljava/util/function/Function;)Ljava/lang/Object;' in 'java/util/concurrent/ConcurrentHashMap')}
  0x000002af18bf4f9c: c249 b9a0 | df19 6caf | 0200 0049 | 8381 300a | 0000 0149 | c7c0 0100 | 0000 4c8b | cb66 0f1f 
  0x000002af18bf4fbc: ;   {optimized virtual_call}
  0x000002af18bf4fbc: 4400 00e8 

  0x000002af18bf4fc0: ; ImmutableOopMap {[256]=Oop }
                      ;*invokevirtual addCount {reexecute=0 rethrow=0 return_oop=0}
                      ; - java.util.concurrent.ConcurrentHashMap::computeIfAbsent@570 (line 1776)
  0x000002af18bf4fc0: bcc3 3f07 | 488b 8424 | 0001 0000 | 4881 c440 | 0100 005d 

  0x000002af18bf4fd4: ;   {poll_return}
  0x000002af18bf4fd4: 493b a748 | 0300 000f | 87bd 0600 | 00c3 488b | 8424 f800 | 0000 4881 | c440 0100 

  0x000002af18bf4ff0: ;   {poll_return}
  0x000002af18bf4ff0: 005d 493b | a748 0300 | 000f 87b5 | 0600 00c3 | 488b c648 | 81c4 4001 

  0x000002af18bf5008: ;   {poll_return}
  0x000002af18bf5008: 0000 5d49 | 3ba7 4803 | 0000 0f87 | b206 0000 | c30f 1f80 | 0000 0000 

  0x000002af18bf5020: ;   {no_reloc}
  0x000002af18bf5020: e9ca 0600 | 0000 0000 | 0000 80ba | 3301 0000 | 040f 85c7 | 0600 0049 | 8b87 0801 | 0000 488d 
  0x000002af18bf5040: 7828 493b | bf18 0100 | 000f 87af | 0600 0049 | 89bf 0801 | 0000 48c7 | 0001 0000 | 0048 8bca 
  0x000002af18bf5060: 49ba 0000 | 002a af02 | 0000 492b | ca89 4808 | 4833 c989 | 480c 4833 | c948 8948 | 1048 8948 
  0x000002af18bf5080: 1848 8948 | 204c 8bc0 

  0x000002af18bf5088: ;   {metadata(method data for {method} {0x000002af2a42c980} 'computeIfAbsent' '(Ljava/lang/Object;Ljava/util/function/Function;)Ljava/lang/Object;' in 'java/util/concurrent/ConcurrentHashMap')}
  0x000002af18bf5088: 48ba a0df | 196c af02 | 0000 4883 | 8238 0900 

  0x000002af18bf5098: ;   {oop("Recursive update"{0x00000000fc5c8f68})}
  0x000002af18bf5098: 0001 49b8 | 688f 5cfc | 0000 0000 | 488b d048 | 8984 2408 

  0x000002af18bf50ac: ;   {optimized virtual_call}
  0x000002af18bf50ac: 0100 00e8 

  0x000002af18bf50b0: ; ImmutableOopMap {[264]=Oop [200]=Oop [304]=Oop }
                      ;*invokespecial <init> {reexecute=0 rethrow=0 return_oop=0}
                      ; - java.util.concurrent.ConcurrentHashMap::computeIfAbsent@512 (line 1763)
  0x000002af18bf50b0: ccc2 3f07 | 488b 8424 

  0x000002af18bf50b8: ; ImmutableOopMap {[200]=Oop [304]=Oop rax=Oop }
                      ;*athrow {reexecute=1 rethrow=0 return_oop=0}
                      ; - (reexecute) java.util.concurrent.ConcurrentHashMap::computeIfAbsent@515 (line 1763)
  0x000002af18bf50b8: 0801 0000 

  0x000002af18bf50bc: ;   {section_word}
  0x000002af18bf50bc: 48ba bc50 | bf18 af02 

  0x000002af18bf50c4: ;   {runtime_call handle_exception_nofpu Runtime1 stub}
  0x000002af18bf50c4: 0000 e8b5 | 9c41 0790 | 0f1f 4000 

  0x000002af18bf50d0: ;   {no_reloc}
  0x000002af18bf50d0: e945 0600 | 0000 0000 | 0000 80ba | 3301 0000 | 040f 8542 | 0600 0049 | 8b87 0801 | 0000 488d 
  0x000002af18bf50f0: 7828 493b | bf18 0100 | 000f 872a | 0600 0049 | 89bf 0801 | 0000 48c7 | 0001 0000 | 0048 8bca 
  0x000002af18bf5110: 49ba 0000 | 002a af02 | 0000 492b | ca89 4808 | 4833 c989 | 480c 4833 | c948 8948 | 1048 8948 
  0x000002af18bf5130: 1848 8948 | 204c 8bc0 

  0x000002af18bf5138: ;   {metadata(method data for {method} {0x000002af2a42c980} 'computeIfAbsent' '(Ljava/lang/Object;Ljava/util/function/Function;)Ljava/lang/Object;' in 'java/util/concurrent/ConcurrentHashMap')}
  0x000002af18bf5138: 48ba a0df | 196c af02 | 0000 4883 | 82b0 0600 

  0x000002af18bf5148: ;   {oop("Recursive update"{0x00000000fc5c8f68})}
  0x000002af18bf5148: 0001 49b8 | 688f 5cfc | 0000 0000 | 488b d048 | 8984 2410 

  0x000002af18bf515c: ;   {optimized virtual_call}
  0x000002af18bf515c: 0100 00e8 

  0x000002af18bf5160: ; ImmutableOopMap {[200]=Oop [272]=Oop [304]=Oop }
                      ;*invokespecial <init> {reexecute=0 rethrow=0 return_oop=0}
                      ; - java.util.concurrent.ConcurrentHashMap::computeIfAbsent@381 (line 1742)
  0x000002af18bf5160: 1cc2 3f07 | 488b 8424 

  0x000002af18bf5168: ; ImmutableOopMap {[200]=Oop [304]=Oop rax=Oop }
                      ;*athrow {reexecute=1 rethrow=0 return_oop=0}
                      ; - (reexecute) java.util.concurrent.ConcurrentHashMap::computeIfAbsent@384 (line 1742)
  0x000002af18bf5168: 1001 0000 

  0x000002af18bf516c: ;   {section_word}
  0x000002af18bf516c: 48ba 6c51 | bf18 af02 

  0x000002af18bf5174: ;   {runtime_call handle_exception_nofpu Runtime1 stub}
  0x000002af18bf5174: 0000 e805 | 9c41 0790 | 0f1f 4000 

  0x000002af18bf5180: ;   {no_reloc}
  0x000002af18bf5180: e9c0 0500 | 0000 0000 | 0000 498b | 8708 0100 | 0048 8d78 | 3049 3bbf | 1801 0000 | 0f87 ad05 
  0x000002af18bf51a0: 0000 4989 | bf08 0100 | 0048 c700 | 0100 0000 | 488b ca49 | ba00 0000 | 2aaf 0200 | 0049 2bca 
  0x000002af18bf51c0: 8948 0848 | 33c9 8948 | 0c48 33c9 | 4889 4810 | 4889 4818 | 4889 4820 | 4889 4828 

  0x000002af18bf51dc: ;   {metadata(method data for {method} {0x000002af2a42c980} 'computeIfAbsent' '(Ljava/lang/Object;Ljava/util/function/Function;)Ljava/lang/Object;' in 'java/util/concurrent/ConcurrentHashMap')}
  0x000002af18bf51dc: 488b d048 | bea0 df19 | 6caf 0200 | 0048 8386 | 5001 0000 | 0148 8bd0 | 4889 8424 | 1801 0000 
  0x000002af18bf51fc: ;   {optimized virtual_call}
  0x000002af18bf51fc: 6666 90e8 

  0x000002af18bf5200: ; ImmutableOopMap {[280]=Oop }
                      ;*invokespecial <init> {reexecute=0 rethrow=0 return_oop=0}
                      ; - java.util.concurrent.ConcurrentHashMap::computeIfAbsent@12 (line 1693)
  0x000002af18bf5200: 7cc1 3f07 | 488b 8424 | 1801 0000 | e9bd 0500 | 0049 8b87 | d803 0000 | 4d33 d24d | 8997 d803 
  0x000002af18bf5220: 0000 4d33 | d24d 8997 | e003 0000 | 488b d048 | 8d84 2428 | 0100 004c | 8b00 4d85 | c00f 840f 
  0x000002af18bf5240: 0000 004c | 8b48 08f0 | 4d0f b101 | 0f85 0a05 | 0000 488b | c2e9 7405 | 0000 498b | 87d8 0300 
  0x000002af18bf5260: 004d 33d2 | 4d89 97d8 | 0300 004d | 33d2 4d89 | 97e0 0300 | 0048 8984 | 2420 0100 | 008b 8c24 
  0x000002af18bf5280: b000 0000 

  0x000002af18bf5284: ;   {metadata(method data for {method} {0x000002af2a42c980} 'computeIfAbsent' '(Ljava/lang/Object;Ljava/util/function/Function;)Ljava/lang/Object;' in 'java/util/concurrent/ConcurrentHashMap')}
  0x000002af18bf5284: 49b8 a0df | 196c af02 | 0000 4983 | 8038 0300 | 0001 4c8b 

  0x000002af18bf5298: ;   {oop(NULL)}
  0x000002af18bf5298: c149 b900 | 0000 0000 | 0000 000f 

  0x000002af18bf52a4: ;   {static_call}
  0x000002af18bf52a4: 1f40 00e8 

  0x000002af18bf52a8: ; ImmutableOopMap {[288]=Oop [184]=Oop [304]=Oop }
                      ;*invokestatic setTabAt {reexecute=0 rethrow=0 return_oop=0}
                      ; - java.util.concurrent.ConcurrentHashMap::computeIfAbsent@159 (line 1711)
  0x000002af18bf52a8: d4c6 3f07 | 488b 8424 

  0x000002af18bf52b0: ; ImmutableOopMap {[184]=Oop [304]=Oop rax=Oop }
                      ;*athrow {reexecute=1 rethrow=0 return_oop=0}
                      ; - (reexecute) java.util.concurrent.ConcurrentHashMap::computeIfAbsent@164 (line 1712)
  0x000002af18bf52b0: 2001 0000 

  0x000002af18bf52b4: ;   {section_word}
  0x000002af18bf52b4: 48ba b452 | bf18 af02 

  0x000002af18bf52bc: ;   {runtime_call handle_exception_nofpu Runtime1 stub}
  0x000002af18bf52bc: 0000 e8bd | 9a41 0790 | 498b 87d8 | 0300 004d | 33d2 4d89 | 97d8 0300 | 004d 33d2 | 4d89 97e0 
  0x000002af18bf52dc: 0300 0048 | 8bf0 488d | 8424 2801 | 0000 488b | 3848 85ff | 0f84 0f00 | 0000 488b | 5808 f048 
  0x000002af18bf52fc: 0fb1 3b0f | 856d 0400 | 0048 8bc6 | e9c1 0400 

  0x000002af18bf530c: ;   {metadata({method} {0x000002af2a42c980} 'computeIfAbsent' '(Ljava/lang/Object;Ljava/util/function/Function;)Ljava/lang/Object;' in 'java/util/concurrent/ConcurrentHashMap')}
  0x000002af18bf530c: 0049 ba78 | c942 2aaf | 0200 004c | 8954 2408 | 48c7 0424 | ffff ffff 

  0x000002af18bf5324: ;   {runtime_call counter_overflow Runtime1 stub}
  0x000002af18bf5324: e8d7 9a4a 

  0x000002af18bf5328: ; ImmutableOopMap {rdx=Oop [128]=Oop r8=Oop [144]=Oop r9=Oop [136]=Oop }
                      ;*synchronization entry
                      ; - java.util.concurrent.ConcurrentHashMap::computeIfAbsent@-1 (line 1692)
  0x000002af18bf5328: 07e9 81e3 

  0x000002af18bf532c: ;   {runtime_call throw_null_pointer_exception Runtime1 stub}
  0x000002af18bf532c: ffff e86d 

  0x000002af18bf5330: ; ImmutableOopMap {[128]=Oop [136]=Oop r8=Oop [144]=Oop }
                      ;*invokevirtual hashCode {reexecute=0 rethrow=0 return_oop=0}
                      ; - java.util.concurrent.ConcurrentHashMap::computeIfAbsent@17 (line 1694)
                      ;   {metadata({method} {0x000002af2a42d8b8} 'spread' '(I)I' in 'java/util/concurrent/ConcurrentHashMap')}
  0x000002af18bf5330: 7541 0749 | bab0 d842 | 2aaf 0200 | 004c 8954 | 2408 48c7 | 0424 ffff 

  0x000002af18bf5348: ;   {runtime_call counter_overflow Runtime1 stub}
  0x000002af18bf5348: ffff e8b1 

  0x000002af18bf534c: ; ImmutableOopMap {[144]=Oop [128]=Oop [136]=Oop }
                      ;*synchronization entry
                      ; - java.util.concurrent.ConcurrentHashMap::spread@-1 (line 697)
                      ; - java.util.concurrent.ConcurrentHashMap::computeIfAbsent@20 (line 1694)
  0x000002af18bf534c: 9a4a 07e9 | b2e4 ffff 

  0x000002af18bf5354: ;   {runtime_call throw_null_pointer_exception Runtime1 stub}
  0x000002af18bf5354: e847 7541 

  0x000002af18bf5358: ; ImmutableOopMap {rsi=Oop [128]=Oop [160]=Oop [144]=Oop [136]=Oop rdi=Oop }
                      ;*arraylength {reexecute=0 rethrow=0 return_oop=0}
                      ; - java.util.concurrent.ConcurrentHashMap::computeIfAbsent@43 (line 1699)
  0x000002af18bf5358: 0748 8bd2 

  0x000002af18bf535c: ;   {runtime_call fast_new_instance Runtime1 stub}
  0x000002af18bf535c: e81f 6c41 

  0x000002af18bf5360: ; ImmutableOopMap {[136]=Oop [144]=Oop [128]=Oop [160]=Oop [168]=Oop }
                      ;*new {reexecute=0 rethrow=0 return_oop=0}
                      ; - java.util.concurrent.ConcurrentHashMap::computeIfAbsent@79 (line 1702)
  0x000002af18bf5360: 07e9 5ee6 

  0x000002af18bf5364: ;   {metadata({method} {0x000002af2a19a6a0} '<init>' '()V' in 'java/util/concurrent/ConcurrentHashMap$ReservationNode')}
  0x000002af18bf5364: ffff 49ba | 98a6 192a | af02 0000 | 4c89 5424 | 0848 c704 | 24ff ffff 

  0x000002af18bf537c: ;   {runtime_call counter_overflow Runtime1 stub}
  0x000002af18bf537c: ffe8 7e9a 

  0x000002af18bf5380: ; ImmutableOopMap {[136]=Oop [144]=Oop [128]=Oop [160]=Oop [168]=Oop rax=Oop [184]=Oop }
                      ;*synchronization entry
                      ; - java.util.concurrent.ConcurrentHashMap$ReservationNode::<init>@-1 (line 2270)
                      ; - java.util.concurrent.ConcurrentHashMap::computeIfAbsent@83 (line 1702)
  0x000002af18bf5380: 4a07 e987 

  0x000002af18bf5384: ;   {metadata({method} {0x000002af2a19cf98} '<init>' '(ILjava/lang/Object;Ljava/lang/Object;)V' in 'java/util/concurrent/ConcurrentHashMap$Node')}
  0x000002af18bf5384: e6ff ff49 | ba90 cf19 | 2aaf 0200 | 004c 8954 | 2408 48c7 | 0424 ffff 

  0x000002af18bf539c: ;   {runtime_call counter_overflow Runtime1 stub}
  0x000002af18bf539c: ffff e85d 

  0x000002af18bf53a0: ; ImmutableOopMap {[136]=Oop [144]=Oop [128]=Oop [160]=Oop [168]=Oop rax=Oop [184]=Oop }
                      ;*synchronization entry
                      ; - java.util.concurrent.ConcurrentHashMap$Node::<init>@-1 (line 631)
                      ; - java.util.concurrent.ConcurrentHashMap$ReservationNode::<init>@5 (line 2270)
                      ; - java.util.concurrent.ConcurrentHashMap::computeIfAbsent@83 (line 1702)
  0x000002af18bf53a0: 9a4a 07e9 | a8e6 ffff 

  0x000002af18bf53a8: ;   {metadata({method} {0x000002af2a4415a8} '<init>' '()V' in 'java/lang/Object')}
  0x000002af18bf53a8: 49ba a015 | 442a af02 | 0000 4c89 | 5424 0848 | c704 24ff 

  0x000002af18bf53bc: ;   {runtime_call counter_overflow Runtime1 stub}
  0x000002af18bf53bc: ffff ffe8 

  0x000002af18bf53c0: ; ImmutableOopMap {[136]=Oop [144]=Oop [128]=Oop [160]=Oop [168]=Oop rax=Oop [184]=Oop }
                      ;*synchronization entry
                      ; - java.lang.Object::<init>@-1 (line 44)
                      ; - java.util.concurrent.ConcurrentHashMap$Node::<init>@1 (line 631)
                      ; - java.util.concurrent.ConcurrentHashMap$ReservationNode::<init>@5 (line 2270)
                      ; - java.util.concurrent.ConcurrentHashMap::computeIfAbsent@83 (line 1702)
  0x000002af18bf53c0: 3c9a 4a07 | e9c9 e6ff | ff48 8974 | 2408 4889 

  0x000002af18bf53d0: ;   {runtime_call monitorenter_nofpu Runtime1 stub}
  0x000002af18bf53d0: 1424 e829 

  0x000002af18bf53d4: ; ImmutableOopMap {[136]=Oop [144]=Oop [128]=Oop [160]=Oop [168]=Oop rsi=Oop [184]=Oop [304]=Oop }
                      ;*monitorenter {reexecute=0 rethrow=0 return_oop=0}
                      ; - java.util.concurrent.ConcurrentHashMap::computeIfAbsent@93 (line 1703)
  0x000002af18bf53d4: 794a 07e9 | f4e6 ffff 

  0x000002af18bf53dc: ;   {runtime_call throw_null_pointer_exception Runtime1 stub}
  0x000002af18bf53dc: e8bf 7441 

  0x000002af18bf53e0: ; ImmutableOopMap {[144]=Oop [128]=Oop [168]=Oop [184]=Oop r9=Oop [136]=Oop [304]=Oop }
                      ;*invokeinterface apply {reexecute=0 rethrow=0 return_oop=0}
                      ; - java.util.concurrent.ConcurrentHashMap::computeIfAbsent@115 (line 1708)
  0x000002af18bf53e0: 0748 8bd2 

  0x000002af18bf53e4: ;   {runtime_call fast_new_instance Runtime1 stub}
  0x000002af18bf53e4: e897 6b41 

  0x000002af18bf53e8: ; ImmutableOopMap {[128]=Oop [168]=Oop [184]=Oop [136]=Oop r8=Oop [144]=Oop r11=Oop [304]=Oop }
                      ;*new {reexecute=0 rethrow=0 return_oop=0}
                      ; - java.util.concurrent.ConcurrentHashMap::computeIfAbsent@126 (line 1709)
  0x000002af18bf53e8: 07e9 d2e8 

  0x000002af18bf53ec: ;   {metadata({method} {0x000002af2a19cf98} '<init>' '(ILjava/lang/Object;Ljava/lang/Object;)V' in 'java/util/concurrent/ConcurrentHashMap$Node')}
  0x000002af18bf53ec: ffff 49ba | 90cf 192a | af02 0000 | 4c89 5424 | 0848 c704 | 24ff ffff 

  0x000002af18bf5404: ;   {runtime_call counter_overflow Runtime1 stub}
  0x000002af18bf5404: ffe8 f699 

  0x000002af18bf5408: ; ImmutableOopMap {[128]=Oop [168]=Oop [184]=Oop [136]=Oop r8=Oop [144]=Oop r11=Oop rax=Oop [304]=Oop }
                      ;*synchronization entry
                      ; - java.util.concurrent.ConcurrentHashMap$Node::<init>@-1 (line 631)
                      ; - java.util.concurrent.ConcurrentHashMap::computeIfAbsent@134 (line 1709)
  0x000002af18bf5408: 4a07 e9f3 

  0x000002af18bf540c: ;   {metadata({method} {0x000002af2a4415a8} '<init>' '()V' in 'java/lang/Object')}
  0x000002af18bf540c: e8ff ff49 | baa0 1544 | 2aaf 0200 | 004c 8954 | 2408 48c7 | 0424 ffff 

  0x000002af18bf5424: ;   {runtime_call counter_overflow Runtime1 stub}
  0x000002af18bf5424: ffff e8d5 

  0x000002af18bf5428: ; ImmutableOopMap {[128]=Oop [168]=Oop [184]=Oop [136]=Oop r8=Oop [144]=Oop r11=Oop rax=Oop [304]=Oop }
                      ;*synchronization entry
                      ; - java.lang.Object::<init>@-1 (line 44)
                      ; - java.util.concurrent.ConcurrentHashMap$Node::<init>@1 (line 631)
                      ; - java.util.concurrent.ConcurrentHashMap::computeIfAbsent@134 (line 1709)
  0x000002af18bf5428: 994a 07e9 | 14e9 ffff | 8b50 1048 | 83fa 000f | 8418 e9ff | ff48 8914 

  0x000002af18bf5440: ;   {runtime_call g1_pre_barrier_slow}
  0x000002af18bf5440: 24e8 ba9f | 4a07 e90a | e9ff ff49 | 83f8 000f | 841b e9ff | ff48 8904 

  0x000002af18bf5458: ;   {runtime_call g1_post_barrier_slow}
  0x000002af18bf5458: 24e8 a2a2 | 4a07 e90d | e9ff ff8b | 5014 4883 | fa00 0f84 | 0ee9 ffff | 4889 1424 

  0x000002af18bf5474: ;   {runtime_call g1_pre_barrier_slow}
  0x000002af18bf5474: e887 9f4a | 07e9 00e9 | ffff 4983 | fb00 0f84 | 17e9 ffff | 4889 0424 

  0x000002af18bf548c: ;   {runtime_call g1_post_barrier_slow}
  0x000002af18bf548c: e86f a24a | 07e9 09e9 | ffff 488d | 8424 2801 | 0000 4889 

  0x000002af18bf54a0: ;   {runtime_call monitorexit_nofpu Runtime1 stub}
  0x000002af18bf54a0: 0424 e859 | 7e4a 07e9 | 68e9 ffff 

  0x000002af18bf54ac: ;   {runtime_call throw_null_pointer_exception Runtime1 stub}
  0x000002af18bf54ac: e8ef 7341 

  0x000002af18bf54b0: ; ImmutableOopMap {[128]=Oop [136]=Oop [144]=Oop rax=Oop [200]=Oop [160]=Oop [168]=Oop }
                      ;*getfield hash {reexecute=1 rethrow=0 return_oop=0}
                      ; - (reexecute) java.util.concurrent.ConcurrentHashMap::computeIfAbsent@192 (line 1718)
  0x000002af18bf54b0: 0748 8974 | 2408 4889 

  0x000002af18bf54b8: ;   {runtime_call monitorenter_nofpu Runtime1 stub}
  0x000002af18bf54b8: 1424 e841 

  0x000002af18bf54bc: ; ImmutableOopMap {[128]=Oop [136]=Oop [168]=Oop [160]=Oop [144]=Oop rsi=Oop [200]=Oop [304]=Oop }
                      ;*monitorenter {reexecute=0 rethrow=0 return_oop=0}
                      ; - java.util.concurrent.ConcurrentHashMap::computeIfAbsent@269 (line 1726)
  0x000002af18bf54bc: 784a 07e9 | 69ec ffff 

  0x000002af18bf54c4: ;   {runtime_call throw_null_pointer_exception Runtime1 stub}
  0x000002af18bf54c4: e8d7 7341 

  0x000002af18bf54c8: ; ImmutableOopMap {[128]=Oop [136]=Oop [168]=Oop rax=Oop [200]=Oop r8=Oop [144]=Oop [304]=Oop }
                      ;*getfield hash {reexecute=1 rethrow=0 return_oop=0}
                      ; - (reexecute) java.util.concurrent.ConcurrentHashMap::computeIfAbsent@296 (line 1732)
                      ;   {metadata({method} {0x000002af2a42c980} 'computeIfAbsent' '(Ljava/lang/Object;Ljava/util/function/Function;)Ljava/lang/Object;' in 'java/util/concurrent/ConcurrentHashMap')}
  0x000002af18bf54c8: 0749 ba78 | c942 2aaf | 0200 004c | 8954 2408 | 48c7 0424 | 9a01 0000 

  0x000002af18bf54e0: ;   {runtime_call counter_overflow Runtime1 stub}
  0x000002af18bf54e0: e81b 994a 

  0x000002af18bf54e4: ; ImmutableOopMap {[128]=Oop [136]=Oop [168]=Oop [200]=Oop [144]=Oop r8=Oop [304]=Oop }
                      ;*goto {reexecute=1 rethrow=0 return_oop=0}
                      ; - (reexecute) java.util.concurrent.ConcurrentHashMap::computeIfAbsent@410 (line 1730)
  0x000002af18bf54e4: 07e9 1eef 

  0x000002af18bf54e8: ;   {runtime_call throw_null_pointer_exception Runtime1 stub}
  0x000002af18bf54e8: ffff e8b1 

  0x000002af18bf54ec: ; ImmutableOopMap {[128]=Oop [168]=Oop [144]=Oop [208]=Oop r9=Oop [136]=Oop [200]=Oop [304]=Oop }
                      ;*invokeinterface apply {reexecute=0 rethrow=0 return_oop=0}
                      ; - java.util.concurrent.ConcurrentHashMap::computeIfAbsent@356 (line 1740)
  0x000002af18bf54ec: 7341 0748 

  0x000002af18bf54f0: ;   {runtime_call fast_new_instance Runtime1 stub}
  0x000002af18bf54f0: 8bd2 e889 

  0x000002af18bf54f4: ; ImmutableOopMap {[128]=Oop [168]=Oop [136]=Oop r9=Oop r8=Oop [200]=Oop r11=Oop [144]=Oop [304]=Oop }
                      ;*new {reexecute=0 rethrow=0 return_oop=0}
                      ; - java.util.concurrent.ConcurrentHashMap::computeIfAbsent@390 (line 1744)
  0x000002af18bf54f4: 6a41 07e9 | 2ef1 ffff 

  0x000002af18bf54fc: ;   {metadata({method} {0x000002af2a19cf98} '<init>' '(ILjava/lang/Object;Ljava/lang/Object;)V' in 'java/util/concurrent/ConcurrentHashMap$Node')}
  0x000002af18bf54fc: 49ba 90cf | 192a af02 | 0000 4c89 | 5424 0848 | c704 24ff 

  0x000002af18bf5510: ;   {runtime_call counter_overflow Runtime1 stub}
  0x000002af18bf5510: ffff ffe8 

  0x000002af18bf5514: ; ImmutableOopMap {[128]=Oop [168]=Oop [136]=Oop r9=Oop r8=Oop [200]=Oop r11=Oop [144]=Oop rax=Oop [304]=Oop }
                      ;*synchronization entry
                      ; - java.util.concurrent.ConcurrentHashMap$Node::<init>@-1 (line 631)
                      ; - java.util.concurrent.ConcurrentHashMap::computeIfAbsent@398 (line 1744)
  0x000002af18bf5514: e898 4a07 | e94a f1ff 

  0x000002af18bf551c: ;   {metadata({method} {0x000002af2a4415a8} '<init>' '()V' in 'java/lang/Object')}
  0x000002af18bf551c: ff49 baa0 | 1544 2aaf | 0200 004c | 8954 2408 | 48c7 0424 | ffff ffff 

  0x000002af18bf5534: ;   {runtime_call counter_overflow Runtime1 stub}
  0x000002af18bf5534: e8c7 984a 

  0x000002af18bf5538: ; ImmutableOopMap {[128]=Oop [168]=Oop [136]=Oop r9=Oop r8=Oop [200]=Oop r11=Oop [144]=Oop rax=Oop [304]=Oop }
                      ;*synchronization entry
                      ; - java.lang.Object::<init>@-1 (line 44)
                      ; - java.util.concurrent.ConcurrentHashMap$Node::<init>@1 (line 631)
                      ; - java.util.concurrent.ConcurrentHashMap::computeIfAbsent@398 (line 1744)
  0x000002af18bf5538: 07e9 66f1 | ffff 8b78 | 1048 83ff | 000f 846b | f1ff ff48 

  0x000002af18bf554c: ;   {runtime_call g1_pre_barrier_slow}
  0x000002af18bf554c: 893c 24e8 | ac9e 4a07 | e95d f1ff | ff49 83fb | 000f 846e | f1ff ff48 

  0x000002af18bf5564: ;   {runtime_call g1_post_barrier_slow}
  0x000002af18bf5564: 8904 24e8 | 94a1 4a07 | e960 f1ff | ff8b 7814 | 4883 ff00 | 0f84 61f1 | ffff 4889 

  0x000002af18bf5580: ;   {runtime_call g1_pre_barrier_slow}
  0x000002af18bf5580: 3c24 e879 | 9e4a 07e9 | 53f1 ffff | 4983 f800 | 0f84 6af1 | ffff 4889 

  0x000002af18bf5598: ;   {runtime_call g1_post_barrier_slow}
  0x000002af18bf5598: 0424 e861 | a14a 07e9 | 5cf1 ffff | 418b 7918 | 4883 ff00 | 0f84 5cf1 | ffff 4889 

  0x000002af18bf55b4: ;   {runtime_call g1_pre_barrier_slow}
  0x000002af18bf55b4: 3c24 e845 | 9e4a 07e9 | 4ef1 ffff | 4883 f800 | 0f84 65f1 | ffff 4c89 

  0x000002af18bf55cc: ;   {runtime_call g1_post_barrier_slow}
  0x000002af18bf55cc: 0c24 e82d | a14a 07e9 | 57f1 ffff 

  0x000002af18bf55d8: ;   {metadata(NULL)}
  0x000002af18bf55d8: 48ba 0000 | 0000 0000 | 0000 b800 

  0x000002af18bf55e4: ;   {runtime_call load_klass_patching Runtime1 stub}
  0x000002af18bf55e4: 0f05 0ae8 

  0x000002af18bf55e8: ; ImmutableOopMap {[128]=Oop [168]=Oop [136]=Oop r11=Oop [144]=Oop rax=Oop [200]=Oop [160]=Oop [304]=Oop }
                      ;*instanceof {reexecute=1 rethrow=0 return_oop=0}
                      ; - (reexecute) java.util.concurrent.ConcurrentHashMap::computeIfAbsent@418 (line 1750)
  0x000002af18bf55e8: 9487 4a07 | e9a7 f1ff 

  0x000002af18bf55f0: ;   {metadata(NULL)}
  0x000002af18bf55f0: ff48 bf00 | 0000 0000 | 0000 00b8 | 000f 050a 

  0x000002af18bf5600: ;   {runtime_call load_klass_patching Runtime1 stub}
  0x000002af18bf5600: e87b 874a 

  0x000002af18bf5604: ; ImmutableOopMap {[128]=Oop [168]=Oop [136]=Oop r11=Oop [144]=Oop rax=Oop [200]=Oop [304]=Oop }
                      ;*checkcast {reexecute=1 rethrow=0 return_oop=0}
                      ; - (reexecute) java.util.concurrent.ConcurrentHashMap::computeIfAbsent@429 (line 1752)
  0x000002af18bf5604: 07e9 eef2 | ffff 4889 

  0x000002af18bf560c: ;   {runtime_call throw_class_cast_exception Runtime1 stub}
  0x000002af18bf560c: 0424 e88d 

  0x000002af18bf5610: ; ImmutableOopMap {[128]=Oop [168]=Oop [136]=Oop r11=Oop [144]=Oop rax=Oop [200]=Oop [304]=Oop }
                      ;*checkcast {reexecute=0 rethrow=0 return_oop=0}
                      ; - java.util.concurrent.ConcurrentHashMap::computeIfAbsent@429 (line 1752)
  0x000002af18bf5610: 8b41 0748 | c704 24f7 

  0x000002af18bf5618: ;   {runtime_call deoptimize Runtime1 stub}
  0x000002af18bf5618: ffff ffe8 

  0x000002af18bf561c: ; ImmutableOopMap {[128]=Oop [168]=Oop [136]=Oop r11=Oop [144]=Oop rax=Oop [200]=Oop rsi=Oop [304]=Oop }
                      ;*getfield root {reexecute=1 rethrow=0 return_oop=0}
                      ; - (reexecute) java.util.concurrent.ConcurrentHashMap::computeIfAbsent@436 (line 1754)
  0x000002af18bf561c: e07f 4a07 

  0x000002af18bf5620: ;   {runtime_call throw_null_pointer_exception Runtime1 stub}
  0x000002af18bf5620: e87b 7241 

  0x000002af18bf5624: ; ImmutableOopMap {[128]=Oop [168]=Oop [136]=Oop r11=Oop [144]=Oop rax=Oop [200]=Oop rsi=Oop [304]=Oop }
                      ;*getfield root {reexecute=1 rethrow=0 return_oop=0}
                      ; - (reexecute) java.util.concurrent.ConcurrentHashMap::computeIfAbsent@436 (line 1754)
  0x000002af18bf5624: 078b 9600 | 0000 00b8 | 000b 0506 

  0x000002af18bf5630: ;   {runtime_call access_field_patching Runtime1 stub}
  0x000002af18bf5630: e8cb 824a 

  0x000002af18bf5634: ; ImmutableOopMap {[128]=Oop [168]=Oop [136]=Oop r11=Oop [144]=Oop rax=Oop [200]=Oop rsi=Oop [304]=Oop }
                      ;*getfield root {reexecute=1 rethrow=0 return_oop=0}
                      ; - (reexecute) java.util.concurrent.ConcurrentHashMap::computeIfAbsent@436 (line 1754)
  0x000002af18bf5634: 07e9 cef3 

  0x000002af18bf5638: ;   {runtime_call throw_null_pointer_exception Runtime1 stub}
  0x000002af18bf5638: ffff e861 

  0x000002af18bf563c: ; ImmutableOopMap {[128]=Oop [168]=Oop [224]=Oop [200]=Oop [144]=Oop r9=Oop [136]=Oop [304]=Oop }
                      ;*invokeinterface apply {reexecute=0 rethrow=0 return_oop=0}
                      ; - java.util.concurrent.ConcurrentHashMap::computeIfAbsent@471 (line 1757)
  0x000002af18bf563c: 7241 0748 | c704 24f7 

  0x000002af18bf5644: ;   {runtime_call deoptimize Runtime1 stub}
  0x000002af18bf5644: ffff ffe8 

  0x000002af18bf5648: ; ImmutableOopMap {[128]=Oop [168]=Oop [144]=Oop [136]=Oop rax=Oop [200]=Oop [304]=Oop }
                      ;*getfield val {reexecute=1 rethrow=0 return_oop=0}
                      ; - (reexecute) java.util.concurrent.ConcurrentHashMap::computeIfAbsent@461 (line 1756)
  0x000002af18bf5648: b47f 4a07 

  0x000002af18bf564c: ;   {runtime_call throw_null_pointer_exception Runtime1 stub}
  0x000002af18bf564c: e84f 7241 

  0x000002af18bf5650: ; ImmutableOopMap {[128]=Oop [168]=Oop [144]=Oop [136]=Oop rax=Oop [200]=Oop [304]=Oop }
                      ;*getfield val {reexecute=1 rethrow=0 return_oop=0}
                      ; - (reexecute) java.util.concurrent.ConcurrentHashMap::computeIfAbsent@461 (line 1756)
  0x000002af18bf5650: 0744 8b80 | 0000 0000 | b800 0c05 

  0x000002af18bf565c: ;   {runtime_call access_field_patching Runtime1 stub}
  0x000002af18bf565c: 07e8 9e82 

  0x000002af18bf5660: ; ImmutableOopMap {[128]=Oop [168]=Oop [144]=Oop [136]=Oop rax=Oop [200]=Oop [304]=Oop }
                      ;*getfield val {reexecute=1 rethrow=0 return_oop=0}
                      ; - (reexecute) java.util.concurrent.ConcurrentHashMap::computeIfAbsent@461 (line 1756)
  0x000002af18bf5660: 4a07 e991 | f5ff ff48 | 8d84 2428 | 0100 0048 

  0x000002af18bf5670: ;   {runtime_call monitorexit_nofpu Runtime1 stub}
  0x000002af18bf5670: 8904 24e8 | 887c 4a07 | e921 f7ff 

  0x000002af18bf567c: ;   {metadata({method} {0x000002af2a42c980} 'computeIfAbsent' '(Ljava/lang/Object;Ljava/util/function/Function;)Ljava/lang/Object;' in 'java/util/concurrent/ConcurrentHashMap')}
  0x000002af18bf567c: ff49 ba78 | c942 2aaf | 0200 004c | 8954 2408 | 48c7 0424 | 2e02 0000 

  0x000002af18bf5694: ;   {runtime_call counter_overflow Runtime1 stub}
  0x000002af18bf5694: e867 974a 

  0x000002af18bf5698: ; ImmutableOopMap {[128]=Oop [144]=Oop [136]=Oop rax=Oop rsi=Oop }
                      ;*goto {reexecute=1 rethrow=0 return_oop=0}
                      ; - (reexecute) java.util.concurrent.ConcurrentHashMap::computeIfAbsent@558 (line 1774)
  0x000002af18bf5698: 07e9 7cf7 

  0x000002af18bf569c: ;   {internal_word}
  0x000002af18bf569c: ffff 49ba | d44f bf18 | af02 0000 | 4d89 9760 

  0x000002af18bf56ac: ;   {runtime_call SafepointBlob}
  0x000002af18bf56ac: 0300 00e9 | 4c23 4007 

  0x000002af18bf56b4: ;   {internal_word}
  0x000002af18bf56b4: 49ba f24f | bf18 af02 | 0000 4d89 | 9760 0300 

  0x000002af18bf56c4: ;   {runtime_call SafepointBlob}
  0x000002af18bf56c4: 00e9 3623 

  0x000002af18bf56c8: ;   {internal_word}
  0x000002af18bf56c8: 4007 49ba | 0b50 bf18 | af02 0000 | 4d89 9760 

  0x000002af18bf56d8: ;   {runtime_call SafepointBlob}
  0x000002af18bf56d8: 0300 00e9 | 2023 4007 

  0x000002af18bf56e0: ;   {metadata(NULL)}
  0x000002af18bf56e0: 48ba 0000 | 0000 0000 | 0000 b800 

  0x000002af18bf56ec: ;   {runtime_call load_klass_patching Runtime1 stub}
  0x000002af18bf56ec: 0f05 0ae8 

  0x000002af18bf56f0: ; ImmutableOopMap {[200]=Oop [304]=Oop }
                      ;*new {reexecute=1 rethrow=0 return_oop=0}
                      ; - (reexecute) java.util.concurrent.ConcurrentHashMap::computeIfAbsent@506 (line 1763)
  0x000002af18bf56f0: 8c86 4a07 | e927 f9ff 

  0x000002af18bf56f8: ;   {runtime_call throw_null_pointer_exception Runtime1 stub}
  0x000002af18bf56f8: ffe8 a271 

  0x000002af18bf56fc: ; ImmutableOopMap {[200]=Oop [304]=Oop }
                      ;*new {reexecute=0 rethrow=0 return_oop=0}
                      ; - java.util.concurrent.ConcurrentHashMap::computeIfAbsent@506 (line 1763)
  0x000002af18bf56fc: 4107 488b 

  0x000002af18bf5700: ;   {runtime_call fast_new_instance_init_check Runtime1 stub}
  0x000002af18bf5700: d2e8 7a64 

  0x000002af18bf5704: ; ImmutableOopMap {[200]=Oop [304]=Oop }
                      ;*new {reexecute=0 rethrow=0 return_oop=0}
                      ; - java.util.concurrent.ConcurrentHashMap::computeIfAbsent@506 (line 1763)
  0x000002af18bf5704: 4107 e97a 

  0x000002af18bf5708: ;   {metadata(NULL)}
  0x000002af18bf5708: f9ff ff48 | ba00 0000 | 0000 0000 | 00b8 000f 

  0x000002af18bf5718: ;   {runtime_call load_klass_patching Runtime1 stub}
  0x000002af18bf5718: 050a e861 

  0x000002af18bf571c: ; ImmutableOopMap {[200]=Oop [304]=Oop }
                      ;*new {reexecute=1 rethrow=0 return_oop=0}
                      ; - (reexecute) java.util.concurrent.ConcurrentHashMap::computeIfAbsent@375 (line 1742)
  0x000002af18bf571c: 864a 07e9 | acf9 ffff 

  0x000002af18bf5724: ;   {runtime_call throw_null_pointer_exception Runtime1 stub}
  0x000002af18bf5724: e877 7141 

  0x000002af18bf5728: ; ImmutableOopMap {[200]=Oop [304]=Oop }
                      ;*new {reexecute=0 rethrow=0 return_oop=0}
                      ; - java.util.concurrent.ConcurrentHashMap::computeIfAbsent@375 (line 1742)
  0x000002af18bf5728: 0748 8bd2 

  0x000002af18bf572c: ;   {runtime_call fast_new_instance_init_check Runtime1 stub}
  0x000002af18bf572c: e84f 6441 

  0x000002af18bf5730: ; ImmutableOopMap {[200]=Oop [304]=Oop }
                      ;*new {reexecute=0 rethrow=0 return_oop=0}
                      ; - java.util.concurrent.ConcurrentHashMap::computeIfAbsent@375 (line 1742)
  0x000002af18bf5730: 07e9 fff9 

  0x000002af18bf5734: ;   {metadata(NULL)}
  0x000002af18bf5734: ffff 48ba | 0000 0000 | 0000 0000 | b800 0f05 

  0x000002af18bf5744: ;   {runtime_call load_klass_patching Runtime1 stub}
  0x000002af18bf5744: 0ae8 3686 

  0x000002af18bf5748: ; ImmutableOopMap {}
                      ;*new {reexecute=1 rethrow=0 return_oop=0}
                      ; - (reexecute) java.util.concurrent.ConcurrentHashMap::computeIfAbsent@8 (line 1693)
  0x000002af18bf5748: 4a07 e931 | faff ff48 

  0x000002af18bf5750: ;   {runtime_call fast_new_instance Runtime1 stub}
  0x000002af18bf5750: 8bd2 e829 

  0x000002af18bf5754: ; ImmutableOopMap {}
                      ;*new {reexecute=0 rethrow=0 return_oop=0}
                      ; - java.util.concurrent.ConcurrentHashMap::computeIfAbsent@8 (line 1693)
  0x000002af18bf5754: 6841 07e9 | 80fa ffff | 488d 8424 | 2801 0000 | 4889 0424 

  0x000002af18bf5768: ;   {runtime_call monitorexit_nofpu Runtime1 stub}
  0x000002af18bf5768: e893 7b4a | 07e9 e0fa | ffff 488d | 8424 2801 | 0000 4889 

  0x000002af18bf577c: ;   {runtime_call monitorexit_nofpu Runtime1 stub}
  0x000002af18bf577c: 0424 e87d | 7b4a 07e9 | 7dfb ffff | 488b 9424 | a800 0000 | e9c5 faff | ff48 8b94 | 24a8 0000 
  0x000002af18bf579c: 00e9 b8fa | ffff 488b | 9424 a800 | 0000 e9ab | faff ff90 | 9049 8b87 | d803 0000 | 49c7 87d8 
  0x000002af18bf57bc: 0300 0000 | 0000 0049 | c787 e003 | 0000 0000 | 0000 4881 | c440 0100 

  0x000002af18bf57d4: ;   {runtime_call unwind_exception Runtime1 stub}
  0x000002af18bf57d4: 005d e925 | 2e41 07f4 | f4f4 f4f4 
[Stub Code]
  0x000002af18bf57e0: ;   {no_reloc}
  0x000002af18bf57e0: 0f1f 4400 

  0x000002af18bf57e4: ;   {static_stub}
  0x000002af18bf57e4: 0048 bb00 | 0000 0000 

  0x000002af18bf57ec: ;   {runtime_call}
  0x000002af18bf57ec: 0000 00e9 | fbff ffff 

  0x000002af18bf57f4: ;   {static_stub}
  0x000002af18bf57f4: 9048 bb00 | 0000 0000 

  0x000002af18bf57fc: ;   {runtime_call}
  0x000002af18bf57fc: 0000 00e9 | fbff ffff 

  0x000002af18bf5804: ;   {static_stub}
  0x000002af18bf5804: 9048 bb00 | 0000 0000 

  0x000002af18bf580c: ;   {runtime_call}
  0x000002af18bf580c: 0000 00e9 | fbff ffff 

  0x000002af18bf5814: ;   {static_stub}
  0x000002af18bf5814: 9048 bb00 | 0000 0000 

  0x000002af18bf581c: ;   {runtime_call}
  0x000002af18bf581c: 0000 00e9 | fbff ffff 

  0x000002af18bf5824: ;   {static_stub}
  0x000002af18bf5824: 9048 bb00 | 0000 0000 

  0x000002af18bf582c: ;   {runtime_call}
  0x000002af18bf582c: 0000 00e9 | fbff ffff 

  0x000002af18bf5834: ;   {static_stub}
  0x000002af18bf5834: 9048 bb00 | 0000 0000 

  0x000002af18bf583c: ;   {runtime_call}
  0x000002af18bf583c: 0000 00e9 | fbff ffff 

  0x000002af18bf5844: ;   {static_stub}
  0x000002af18bf5844: 9048 bb00 | 0000 0000 

  0x000002af18bf584c: ;   {runtime_call}
  0x000002af18bf584c: 0000 00e9 | fbff ffff 

  0x000002af18bf5854: ;   {static_stub}
  0x000002af18bf5854: 9048 bb00 | 0000 0000 

  0x000002af18bf585c: ;   {runtime_call}
  0x000002af18bf585c: 0000 00e9 | fbff ffff 

  0x000002af18bf5864: ;   {static_stub}
  0x000002af18bf5864: 9048 bb00 | 0000 0000 

  0x000002af18bf586c: ;   {runtime_call}
  0x000002af18bf586c: 0000 00e9 | fbff ffff 

  0x000002af18bf5874: ;   {static_stub}
  0x000002af18bf5874: 9048 bb00 | 0000 0000 

  0x000002af18bf587c: ;   {runtime_call}
  0x000002af18bf587c: 0000 00e9 | fbff ffff 

  0x000002af18bf5884: ;   {static_stub}
  0x000002af18bf5884: 9048 bb00 | 0000 0000 

  0x000002af18bf588c: ;   {runtime_call}
  0x000002af18bf588c: 0000 00e9 | fbff ffff 

  0x000002af18bf5894: ;   {static_stub}
  0x000002af18bf5894: 9048 bb00 | 0000 0000 

  0x000002af18bf589c: ;   {runtime_call}
  0x000002af18bf589c: 0000 00e9 | fbff ffff 

  0x000002af18bf58a4: ;   {static_stub}
  0x000002af18bf58a4: 9048 bb00 | 0000 0000 

  0x000002af18bf58ac: ;   {runtime_call}
  0x000002af18bf58ac: 0000 00e9 | fbff ffff 

  0x000002af18bf58b4: ;   {static_stub}
  0x000002af18bf58b4: 9048 bb00 | 0000 0000 

  0x000002af18bf58bc: ;   {runtime_call}
  0x000002af18bf58bc: 0000 00e9 | fbff ffff 

  0x000002af18bf58c4: ;   {static_stub}
  0x000002af18bf58c4: 9048 bb00 | 0000 0000 

  0x000002af18bf58cc: ;   {runtime_call}
  0x000002af18bf58cc: 0000 00e9 | fbff ffff 

  0x000002af18bf58d4: ;   {static_stub}
  0x000002af18bf58d4: 9048 bb00 | 0000 0000 

  0x000002af18bf58dc: ;   {runtime_call}
  0x000002af18bf58dc: 0000 00e9 | fbff ffff 

  0x000002af18bf58e4: ;   {static_stub}
  0x000002af18bf58e4: 9048 bb00 | 0000 0000 

  0x000002af18bf58ec: ;   {runtime_call}
  0x000002af18bf58ec: 0000 00e9 | fbff ffff 

  0x000002af18bf58f4: ;   {static_stub}
  0x000002af18bf58f4: 9048 bb00 | 0000 0000 

  0x000002af18bf58fc: ;   {runtime_call}
  0x000002af18bf58fc: 0000 00e9 | fbff ffff 

  0x000002af18bf5904: ;   {static_stub}
  0x000002af18bf5904: 9048 bb00 | 0000 0000 

  0x000002af18bf590c: ;   {runtime_call}
  0x000002af18bf590c: 0000 00e9 | fbff ffff 

  0x000002af18bf5914: ;   {static_stub}
  0x000002af18bf5914: 9048 bb00 | 0000 0000 

  0x000002af18bf591c: ;   {runtime_call}
  0x000002af18bf591c: 0000 00e9 | fbff ffff 
[Exception Handler]
  0x000002af18bf5924: ;   {runtime_call handle_exception_from_callee Runtime1 stub}
  0x000002af18bf5924: e857 8e41 

  0x000002af18bf5928: ;   {external_word}
  0x000002af18bf5928: 0748 b940 | ba06 d8fc | 7f00 0048 

  0x000002af18bf5934: ;   {runtime_call}
  0x000002af18bf5934: 83e4 f049 | ba40 34cf | d7fc 7f00 | 0041 ffd2 

  0x000002af18bf5944: ;   {section_word}
  0x000002af18bf5944: f449 ba45 | 59bf 18af | 0200 0041 

  0x000002af18bf5950: ;   {runtime_call DeoptimizationBlob}
  0x000002af18bf5950: 52e9 4a13 | 4007 f4f4 
[/MachCode]


---------------  P R O C E S S  ---------------

Threads class SMR info:
_java_thread_list=0x000002af70458030, length=13, elements={
0x000002af10f1d090, 0x000002af10fb22e0, 0x000002af10fb2f60, 0x000002af10fc8a00,
0x000002af10fca3d0, 0x000002af10fcad90, 0x000002af10fcb750, 0x000002af10fcc440,
0x000002af6b1223b0, 0x000002af6b1510e0, 0x000002af6b27c890, 0x000002af6b281030,
0x000002af703414a0
}

Java Threads: ( => current thread )
  0x000002af10f1d090 JavaThread "main" [_thread_blocked, id=15724, stack(0x000000bc1b400000,0x000000bc1b500000)]
  0x000002af10fb22e0 JavaThread "Reference Handler" daemon [_thread_blocked, id=12860, stack(0x000000bc1bb00000,0x000000bc1bc00000)]
  0x000002af10fb2f60 JavaThread "Finalizer" daemon [_thread_blocked, id=2904, stack(0x000000bc1bc00000,0x000000bc1bd00000)]
  0x000002af10fc8a00 JavaThread "Signal Dispatcher" daemon [_thread_blocked, id=13244, stack(0x000000bc1bd00000,0x000000bc1be00000)]
  0x000002af10fca3d0 JavaThread "Attach Listener" daemon [_thread_blocked, id=10584, stack(0x000000bc1be00000,0x000000bc1bf00000)]
  0x000002af10fcad90 JavaThread "Service Thread" daemon [_thread_blocked, id=12688, stack(0x000000bc1bf00000,0x000000bc1c000000)]
  0x000002af10fcb750 JavaThread "Monitor Deflation Thread" daemon [_thread_blocked, id=6756, stack(0x000000bc1c000000,0x000000bc1c100000)]
  0x000002af10fcc440 JavaThread "C2 CompilerThread0" daemon [_thread_blocked, id=7472, stack(0x000000bc1c100000,0x000000bc1c200000)]
  0x000002af6b1223b0 JavaThread "C1 CompilerThread0" daemon [_thread_blocked, id=14808, stack(0x000000bc1c200000,0x000000bc1c300000)]
  0x000002af6b1510e0 JavaThread "Sweeper thread" daemon [_thread_blocked, id=7892, stack(0x000000bc1c300000,0x000000bc1c400000)]
  0x000002af6b27c890 JavaThread "Notification Thread" daemon [_thread_blocked, id=7056, stack(0x000000bc1c400000,0x000000bc1c500000)]
  0x000002af6b281030 JavaThread "Common-Cleaner" daemon [_thread_blocked, id=10800, stack(0x000000bc1c600000,0x000000bc1c700000)]
=>0x000002af703414a0 JavaThread "pool-1-thread-1" [_thread_in_vm, id=17308, stack(0x000000bc1ca00000,0x000000bc1cb00000)]

Other Threads:
  0x000002af10fadd40 VMThread "VM Thread" [stack: 0x000000bc1ba00000,0x000000bc1bb00000] [id=11100] _threads_hazard_ptr=0x000002af70458030
  0x000002af6b280d90 WatcherThread [stack: 0x000000bc1c500000,0x000000bc1c600000] [id=19372]
  0x000002af10f3c750 GCTaskThread "GC Thread#0" [stack: 0x000000bc1b500000,0x000000bc1b600000] [id=4720]
  0x000002af6b404d20 GCTaskThread "GC Thread#1" [stack: 0x000000bc1c700000,0x000000bc1c800000] [id=19472]
  0x000002af6b519bb0 GCTaskThread "GC Thread#2" [stack: 0x000000bc1c800000,0x000000bc1c900000] [id=11384]
  0x000002af6b519e70 GCTaskThread "GC Thread#3" [stack: 0x000000bc1c900000,0x000000bc1ca00000] [id=8396]
  0x000002af10f3dea0 ConcurrentGCThread "G1 Main Marker" [stack: 0x000000bc1b600000,0x000000bc1b700000] [id=16860]
  0x000002af10f3e8c0 ConcurrentGCThread "G1 Conc#0" [stack: 0x000000bc1b700000,0x000000bc1b800000] [id=13720]
  0x000002af10f92190 ConcurrentGCThread "G1 Refine#0" [stack: 0x000000bc1b800000,0x000000bc1b900000] [id=17148]
  0x000002af10f94ad0 ConcurrentGCThread "G1 Service" [stack: 0x000000bc1b900000,0x000000bc1ba00000] [id=20628]

Threads with active compile tasks:

VM state: synchronizing (normal execution)

VM Mutex/Monitor currently owned by a thread:  ([mutex/lock_event])
[0x000002af10f18fb0] Metaspace_lock - owner thread: 0x000002af703414a0
[0x000002af10f18110] Threads_lock - owner thread: 0x000002af10fadd40

Heap address: 0x00000000fc000000, size: 64 MB, Compressed Oops mode: 32-bit

CDS archive(s) mapped at: [0x000002af2a000000-0x000002af2abb0000-0x000002af2abb0000), size 12255232, SharedBaseAddress: 0x000002af2a000000, ArchiveRelocationMode: 1.
Compressed class space mapped at: 0x000002af2b000000-0x000002af6b000000, reserved size: 1073741824
Narrow klass base: 0x000002af2a000000, Narrow klass shift: 0, Narrow klass range: 0x100000000

GC Precious Log:
 CPUs: 4 total, 4 available
 Memory: 10116M
 Large Page Support: Disabled
 NUMA Support: Disabled
 Compressed Oops: Enabled (32-bit)
 Heap Region Size: 1M
 Heap Min Capacity: 64M
 Heap Initial Capacity: 64M
 Heap Max Capacity: 64M
 Pre-touch: Disabled
 Parallel Workers: 4
 Concurrent Workers: 1
 Concurrent Refinement Workers: 4
 Periodic GC: Disabled

Heap:
 garbage-first heap   total 65536K, used 41005K [0x00000000fc000000, 0x0000000100000000)
  region size 1024K, 35 young (35840K), 3 survivors (3072K)
 Metaspace       used 9967K, committed 10112K, reserved 1114112K
  class space    used 1287K, committed 1344K, reserved 1048576K

Heap Regions: E=young(eden), S=young(survivor), O=old, HS=humongous(starts), HC=humongous(continues), CS=collection set, F=free, OA=open archive, CA=closed archive, TAMS=top-at-mark-start (previous, next)
|   0|0x00000000fc000000, 0x00000000fc100000, 0x00000000fc100000|100%|HS|  |TAMS 0x00000000fc000000, 0x00000000fc000000| Complete 
|   1|0x00000000fc100000, 0x00000000fc200000, 0x00000000fc200000|100%|HC|  |TAMS 0x00000000fc100000, 0x00000000fc100000| Complete 
|   2|0x00000000fc200000, 0x00000000fc300000, 0x00000000fc300000|100%|HC|  |TAMS 0x00000000fc200000, 0x00000000fc200000| Complete 
|   3|0x00000000fc300000, 0x00000000fc400000, 0x00000000fc400000|100%| O|  |TAMS 0x00000000fc300000, 0x00000000fc300000| Untracked 
|   4|0x00000000fc400000, 0x00000000fc500000, 0x00000000fc500000|100%| O|  |TAMS 0x00000000fc400000, 0x00000000fc400000| Untracked 
|   5|0x00000000fc500000, 0x00000000fc600000, 0x00000000fc600000|100%| O|  |TAMS 0x00000000fc500000, 0x00000000fc500000| Untracked 
|   6|0x00000000fc600000, 0x00000000fc60b400, 0x00000000fc700000|  4%| O|  |TAMS 0x00000000fc600000, 0x00000000fc600000| Untracked 
|   7|0x00000000fc700000, 0x00000000fc700000, 0x00000000fc800000|  0%| F|  |TAMS 0x00000000fc700000, 0x00000000fc700000| Untracked 
|   8|0x00000000fc800000, 0x00000000fc800000, 0x00000000fc900000|  0%| F|  |TAMS 0x00000000fc800000, 0x00000000fc800000| Untracked 
|   9|0x00000000fc900000, 0x00000000fc900000, 0x00000000fca00000|  0%| F|  |TAMS 0x00000000fc900000, 0x00000000fc900000| Untracked 
|  10|0x00000000fca00000, 0x00000000fca00000, 0x00000000fcb00000|  0%| F|  |TAMS 0x00000000fca00000, 0x00000000fca00000| Untracked 
|  11|0x00000000fcb00000, 0x00000000fcb00000, 0x00000000fcc00000|  0%| F|  |TAMS 0x00000000fcb00000, 0x00000000fcb00000| Untracked 
|  12|0x00000000fcc00000, 0x00000000fcc00000, 0x00000000fcd00000|  0%| F|  |TAMS 0x00000000fcc00000, 0x00000000fcc00000| Untracked 
|  13|0x00000000fcd00000, 0x00000000fcd00000, 0x00000000fce00000|  0%| F|  |TAMS 0x00000000fcd00000, 0x00000000fcd00000| Untracked 
|  14|0x00000000fce00000, 0x00000000fce00000, 0x00000000fcf00000|  0%| F|  |TAMS 0x00000000fce00000, 0x00000000fce00000| Untracked 
|  15|0x00000000fcf00000, 0x00000000fcf00000, 0x00000000fd000000|  0%| F|  |TAMS 0x00000000fcf00000, 0x00000000fcf00000| Untracked 
|  16|0x00000000fd000000, 0x00000000fd000000, 0x00000000fd100000|  0%| F|  |TAMS 0x00000000fd000000, 0x00000000fd000000| Untracked 
|  17|0x00000000fd100000, 0x00000000fd100000, 0x00000000fd200000|  0%| F|  |TAMS 0x00000000fd100000, 0x00000000fd100000| Untracked 
|  18|0x00000000fd200000, 0x00000000fd200000, 0x00000000fd300000|  0%| F|  |TAMS 0x00000000fd200000, 0x00000000fd200000| Untracked 
|  19|0x00000000fd300000, 0x00000000fd300000, 0x00000000fd400000|  0%| F|  |TAMS 0x00000000fd300000, 0x00000000fd300000| Untracked 
|  20|0x00000000fd400000, 0x00000000fd400000, 0x00000000fd500000|  0%| F|  |TAMS 0x00000000fd400000, 0x00000000fd400000| Untracked 
|  21|0x00000000fd500000, 0x00000000fd500000, 0x00000000fd600000|  0%| F|  |TAMS 0x00000000fd500000, 0x00000000fd500000| Untracked 
|  22|0x00000000fd600000, 0x00000000fd600000, 0x00000000fd700000|  0%| F|  |TAMS 0x00000000fd600000, 0x00000000fd600000| Untracked 
|  23|0x00000000fd700000, 0x00000000fd700000, 0x00000000fd800000|  0%| F|  |TAMS 0x00000000fd700000, 0x00000000fd700000| Untracked 
|  24|0x00000000fd800000, 0x00000000fd800000, 0x00000000fd900000|  0%| F|  |TAMS 0x00000000fd800000, 0x00000000fd800000| Untracked 
|  25|0x00000000fd900000, 0x00000000fd900000, 0x00000000fda00000|  0%| F|  |TAMS 0x00000000fd900000, 0x00000000fd900000| Untracked 
|  26|0x00000000fda00000, 0x00000000fda00000, 0x00000000fdb00000|  0%| F|  |TAMS 0x00000000fda00000, 0x00000000fda00000| Untracked 
|  27|0x00000000fdb00000, 0x00000000fdb00000, 0x00000000fdc00000|  0%| F|  |TAMS 0x00000000fdb00000, 0x00000000fdb00000| Untracked 
|  28|0x00000000fdc00000, 0x00000000fdc00000, 0x00000000fdd00000|  0%| F|  |TAMS 0x00000000fdc00000, 0x00000000fdc00000| Untracked 
|  29|0x00000000fdd00000, 0x00000000fde00000, 0x00000000fde00000|100%| E|  |TAMS 0x00000000fdd00000, 0x00000000fdd00000| Complete 
|  30|0x00000000fde00000, 0x00000000fdf00000, 0x00000000fdf00000|100%| E|CS|TAMS 0x00000000fde00000, 0x00000000fde00000| Complete 
|  31|0x00000000fdf00000, 0x00000000fe000000, 0x00000000fe000000|100%| E|CS|TAMS 0x00000000fdf00000, 0x00000000fdf00000| Complete 
|  32|0x00000000fe000000, 0x00000000fe100000, 0x00000000fe100000|100%| E|CS|TAMS 0x00000000fe000000, 0x00000000fe000000| Complete 
|  33|0x00000000fe100000, 0x00000000fe200000, 0x00000000fe200000|100%| E|CS|TAMS 0x00000000fe100000, 0x00000000fe100000| Complete 
|  34|0x00000000fe200000, 0x00000000fe300000, 0x00000000fe300000|100%| E|CS|TAMS 0x00000000fe200000, 0x00000000fe200000| Complete 
|  35|0x00000000fe300000, 0x00000000fe400000, 0x00000000fe400000|100%| E|CS|TAMS 0x00000000fe300000, 0x00000000fe300000| Complete 
|  36|0x00000000fe400000, 0x00000000fe500000, 0x00000000fe500000|100%| E|CS|TAMS 0x00000000fe400000, 0x00000000fe400000| Complete 
|  37|0x00000000fe500000, 0x00000000fe600000, 0x00000000fe600000|100%| E|CS|TAMS 0x00000000fe500000, 0x00000000fe500000| Complete 
|  38|0x00000000fe600000, 0x00000000fe700000, 0x00000000fe700000|100%| E|CS|TAMS 0x00000000fe600000, 0x00000000fe600000| Complete 
|  39|0x00000000fe700000, 0x00000000fe800000, 0x00000000fe800000|100%| E|CS|TAMS 0x00000000fe700000, 0x00000000fe700000| Complete 
|  40|0x00000000fe800000, 0x00000000fe900000, 0x00000000fe900000|100%| E|CS|TAMS 0x00000000fe800000, 0x00000000fe800000| Complete 
|  41|0x00000000fe900000, 0x00000000fea00000, 0x00000000fea00000|100%| S|CS|TAMS 0x00000000fe900000, 0x00000000fe900000| Complete 
|  42|0x00000000fea00000, 0x00000000feb00000, 0x00000000feb00000|100%| S|CS|TAMS 0x00000000fea00000, 0x00000000fea00000| Complete 
|  43|0x00000000feb00000, 0x00000000fec00000, 0x00000000fec00000|100%| S|CS|TAMS 0x00000000feb00000, 0x00000000feb00000| Complete 
|  44|0x00000000fec00000, 0x00000000fed00000, 0x00000000fed00000|100%| E|CS|TAMS 0x00000000fec00000, 0x00000000fec00000| Complete 
|  45|0x00000000fed00000, 0x00000000fee00000, 0x00000000fee00000|100%| E|CS|TAMS 0x00000000fed00000, 0x00000000fed00000| Complete 
|  46|0x00000000fee00000, 0x00000000fef00000, 0x00000000fef00000|100%| E|CS|TAMS 0x00000000fee00000, 0x00000000fee00000| Complete 
|  47|0x00000000fef00000, 0x00000000ff000000, 0x00000000ff000000|100%| E|CS|TAMS 0x00000000fef00000, 0x00000000fef00000| Complete 
|  48|0x00000000ff000000, 0x00000000ff100000, 0x00000000ff100000|100%| E|CS|TAMS 0x00000000ff000000, 0x00000000ff000000| Complete 
|  49|0x00000000ff100000, 0x00000000ff200000, 0x00000000ff200000|100%| E|CS|TAMS 0x00000000ff100000, 0x00000000ff100000| Complete 
|  50|0x00000000ff200000, 0x00000000ff300000, 0x00000000ff300000|100%| E|CS|TAMS 0x00000000ff200000, 0x00000000ff200000| Complete 
|  51|0x00000000ff300000, 0x00000000ff400000, 0x00000000ff400000|100%| E|CS|TAMS 0x00000000ff300000, 0x00000000ff300000| Complete 
|  52|0x00000000ff400000, 0x00000000ff500000, 0x00000000ff500000|100%| E|CS|TAMS 0x00000000ff400000, 0x00000000ff400000| Complete 
|  53|0x00000000ff500000, 0x00000000ff600000, 0x00000000ff600000|100%| E|CS|TAMS 0x00000000ff500000, 0x00000000ff500000| Complete 
|  54|0x00000000ff600000, 0x00000000ff700000, 0x00000000ff700000|100%| E|CS|TAMS 0x00000000ff600000, 0x00000000ff600000| Complete 
|  55|0x00000000ff700000, 0x00000000ff800000, 0x00000000ff800000|100%| E|CS|TAMS 0x00000000ff700000, 0x00000000ff700000| Complete 
|  56|0x00000000ff800000, 0x00000000ff900000, 0x00000000ff900000|100%| E|CS|TAMS 0x00000000ff800000, 0x00000000ff800000| Complete 
|  57|0x00000000ff900000, 0x00000000ffa00000, 0x00000000ffa00000|100%| E|CS|TAMS 0x00000000ff900000, 0x00000000ff900000| Complete 
|  58|0x00000000ffa00000, 0x00000000ffb00000, 0x00000000ffb00000|100%| E|CS|TAMS 0x00000000ffa00000, 0x00000000ffa00000| Complete 
|  59|0x00000000ffb00000, 0x00000000ffc00000, 0x00000000ffc00000|100%| E|CS|TAMS 0x00000000ffb00000, 0x00000000ffb00000| Complete 
|  60|0x00000000ffc00000, 0x00000000ffd00000, 0x00000000ffd00000|100%| E|CS|TAMS 0x00000000ffc00000, 0x00000000ffc00000| Complete 
|  61|0x00000000ffd00000, 0x00000000ffe00000, 0x00000000ffe00000|100%| E|CS|TAMS 0x00000000ffd00000, 0x00000000ffd00000| Complete 
|  62|0x00000000ffe00000, 0x00000000fff00000, 0x00000000fff00000|100%| E|CS|TAMS 0x00000000ffe00000, 0x00000000ffe00000| Complete 
|  63|0x00000000fff00000, 0x0000000100000000, 0x0000000100000000|100%| E|CS|TAMS 0x00000000fff00000, 0x00000000fff00000| Complete 

Card table byte_map: [0x000002af10cf0000,0x000002af10d10000] _byte_map_base: 0x000002af10510000

Marking Bits (Prev, Next): (CMBitMap*) 0x000002af10f3cd70, (CMBitMap*) 0x000002af10f3cdb0
 Prev Bits: [0x000002af10d30000, 0x000002af10e30000)
 Next Bits: [0x000002af27a70000, 0x000002af27b70000)

Polling page: 0x000002af0edc0000

Metaspace:

Usage:
  Non-class:      8.48 MB used.
      Class:      1.26 MB used.
       Both:      9.73 MB used.

Virtual space:
  Non-class space:       64.00 MB reserved,       8.56 MB ( 13%) committed,  1 nodes.
      Class space:        1.00 GB reserved,       1.31 MB ( <1%) committed,  1 nodes.
             Both:        1.06 GB reserved,       9.88 MB ( <1%) committed. 

Chunk freelists:
   Non-Class:  6.58 MB
       Class:  14.50 MB
        Both:  21.08 MB

MaxMetaspaceSize: unlimited
CompressedClassSpaceSize: 1.00 GB
Initial GC threshold: 21.00 MB
Current GC threshold: 21.00 MB
CDS: on
MetaspaceReclaimPolicy: balanced
 - commit_granule_bytes: 65536.
 - commit_granule_words: 8192.
 - virtual_space_node_default_size: 8388608.
 - enlarge_chunks_in_place: 1.
 - new_chunks_are_fully_committed: 0.
 - uncommit_free_chunks: 1.
 - use_allocation_guard: 0.
 - handle_deallocations: 1.


Internal statistics:

num_allocs_failed_limit: 0.
num_arena_births: 106.
num_arena_deaths: 0.
num_vsnodes_births: 2.
num_vsnodes_deaths: 0.
num_space_committed: 158.
num_space_uncommitted: 0.
num_chunks_returned_to_freelist: 0.
num_chunks_taken_from_freelist: 383.
num_chunk_merges: 0.
num_chunk_splits: 247.
num_chunks_enlarged: 186.
num_inconsistent_stats: 0.

CodeHeap 'non-profiled nmethods': size=120000Kb used=824Kb max_used=824Kb free=119175Kb
 bounds [0x000002af20540000, 0x000002af207b0000, 0x000002af27a70000]
CodeHeap 'profiled nmethods': size=120000Kb used=3770Kb max_used=3770Kb free=116229Kb
 bounds [0x000002af18a70000, 0x000002af18e20000, 0x000002af1ffa0000]
CodeHeap 'non-nmethods': size=5760Kb used=1176Kb max_used=1192Kb free=4583Kb
 bounds [0x000002af1ffa0000, 0x000002af20210000, 0x000002af20540000]
 total_blobs=2482 nmethods=2015 adapters=379
 compilation: enabled
              stopped_count=0, restarted_count=0
 full_count=0

Compilation events (20 events):
Event: 226.856 Thread 0x000002af6b1223b0 2000       1       jdk.internal.reflect.ClassFileAssembler::getStack (5 bytes)
Event: 226.856 Thread 0x000002af6b1223b0 nmethod 2000 0x000002af20609d10 code [0x000002af20609ea0, 0x000002af20609f78]
Event: 226.859 Thread 0x000002af10fcc440 2001   !   4       java.lang.ref.ReferenceQueue::poll (28 bytes)
Event: 226.860 Thread 0x000002af6b1223b0 2002       3       org.gradle.internal.serialize.ExceptionReplacingObjectInputStream::resolveObject (11 bytes)
Event: 226.861 Thread 0x000002af6b1223b0 nmethod 2002 0x000002af18e1a390 code [0x000002af18e1a540, 0x000002af18e1a748]
Event: 226.861 Thread 0x000002af6b1223b0 2003       3       java.io.ObjectStreamClass$FieldReflector::setObjFieldValues (259 bytes)
Event: 226.861 Thread 0x000002af10fcc440 nmethod 2001 0x000002af2060a010 code [0x000002af2060a1a0, 0x000002af2060a468]
Event: 226.862 Thread 0x000002af6b1223b0 nmethod 2003 0x000002af18e1a810 code [0x000002af18e1ac00, 0x000002af18e1c218]
Event: 226.863 Thread 0x000002af6b1223b0 2004       3       java.lang.reflect.Constructor::newInstanceWithCaller (75 bytes)
Event: 226.864 Thread 0x000002af6b1223b0 nmethod 2004 0x000002af18e1cb90 code [0x000002af18e1cd80, 0x000002af18e1d178]
Event: 226.864 Thread 0x000002af6b1223b0 2005       3       org.gradle.internal.serialize.ExceptionPlaceholder$3::transform (80 bytes)
Event: 226.864 Thread 0x000002af6b1223b0 nmethod 2005 0x000002af18e1d310 code [0x000002af18e1d540, 0x000002af18e1dd88]
Event: 227.303 Thread 0x000002af6b1223b0 2006       3       org.gradle.internal.logging.text.AbstractLineChoppingStyledTextOutput$SeenFromEol::copy (28 bytes)
Event: 227.304 Thread 0x000002af6b1223b0 nmethod 2006 0x000002af18e1df90 code [0x000002af18e1e160, 0x000002af18e1e4a8]
Event: 227.416 Thread 0x000002af6b1223b0 2007       3       java.lang.invoke.MethodHandles$Lookup::in (283 bytes)
Event: 227.417 Thread 0x000002af10fcc440 2012       4       jdk.internal.org.objectweb.asm.ByteVector::putShort (52 bytes)
Event: 227.418 Thread 0x000002af6b1223b0 nmethod 2007 0x000002af2060ae90 code [0x000002af2060b2c0, 0x000002af2060cd08]
Event: 227.418 Thread 0x000002af6b1223b0 2011       3       java.lang.invoke.LambdaForm$Name::<init> (54 bytes)
Event: 227.418 Thread 0x000002af10fcc440 nmethod 2012 0x000002af2060d590 code [0x000002af2060d720, 0x000002af2060d858]
Event: 227.419 Thread 0x000002af6b1223b0 nmethod 2011 0x000002af18e1e610 code [0x000002af18e1e7c0, 0x000002af18e1ea78]

GC Heap History (4 events):
Event: 0.924 GC heap before
{Heap before GC invocations=0 (full 0):
 garbage-first heap   total 65536K, used 12288K [0x00000000fc000000, 0x0000000100000000)
  region size 1024K, 13 young (13312K), 0 survivors (0K)
 Metaspace       used 1662K, committed 1792K, reserved 1114112K
  class space    used 157K, committed 192K, reserved 1048576K
}
Event: 0.930 GC heap after
{Heap after GC invocations=1 (full 0):
 garbage-first heap   total 65536K, used 1504K [0x00000000fc000000, 0x0000000100000000)
  region size 1024K, 2 young (2048K), 2 survivors (2048K)
 Metaspace       used 1662K, committed 1792K, reserved 1114112K
  class space    used 157K, committed 192K, reserved 1048576K
}
Event: 1.819 GC heap before
{Heap before GC invocations=1 (full 0):
 garbage-first heap   total 65536K, used 21984K [0x00000000fc000000, 0x0000000100000000)
  region size 1024K, 20 young (20480K), 2 survivors (2048K)
 Metaspace       used 2245K, committed 2368K, reserved 1114112K
  class space    used 215K, committed 256K, reserved 1048576K
}
Event: 1.828 GC heap after
{Heap after GC invocations=2 (full 0):
 garbage-first heap   total 65536K, used 9261K [0x00000000fc000000, 0x0000000100000000)
  region size 1024K, 3 young (3072K), 3 survivors (3072K)
 Metaspace       used 2245K, committed 2368K, reserved 1114112K
  class space    used 215K, committed 256K, reserved 1048576K
}

Dll operation events (13 events):
Event: 0.048 Loaded shared library C:\Program Files\Microsoft\jdk-17.0.16.8-hotspot\bin\java.dll
Event: 0.094 Loaded shared library C:\Program Files\Microsoft\jdk-17.0.16.8-hotspot\bin\jsvml.dll
Event: 0.166 Loaded shared library C:\Program Files\Microsoft\jdk-17.0.16.8-hotspot\bin\net.dll
Event: 0.169 Loaded shared library C:\Program Files\Microsoft\jdk-17.0.16.8-hotspot\bin\nio.dll
Event: 0.175 Loaded shared library C:\Program Files\Microsoft\jdk-17.0.16.8-hotspot\bin\zip.dll
Event: 1.169 Loaded shared library C:\Program Files\Microsoft\jdk-17.0.16.8-hotspot\bin\jimage.dll
Event: 2.304 Loaded shared library C:\Program Files\Microsoft\jdk-17.0.16.8-hotspot\bin\management.dll
Event: 2.309 Loaded shared library C:\Program Files\Microsoft\jdk-17.0.16.8-hotspot\bin\management_ext.dll
Event: 2.415 Loaded shared library C:\Program Files\Microsoft\jdk-17.0.16.8-hotspot\bin\verify.dll
Event: 2.439 Loaded shared library C:\Users\Likitha\.gradle\native\1def1411415f61bf3af743bc5b6707747c0891f09f0c88961ee8f79bc544acac\windows-amd64\native-platform.dll
Event: 2.550 Loaded shared library C:\Users\Likitha\.gradle\native\jansi\1.18\windows64\jansi.dll
Event: 3.140 Loaded shared library C:\Program Files\Microsoft\jdk-17.0.16.8-hotspot\bin\extnet.dll
Event: 3.589 Loaded shared library C:\Program Files\Microsoft\jdk-17.0.16.8-hotspot\bin\sunmscapi.dll

Deoptimization events (20 events):
Event: 2.887 Thread 0x000002af10f1d090 DEOPT PACKING pc=0x000002af18be1660 sp=0x000000bc1b4fb560
Event: 2.887 Thread 0x000002af10f1d090 DEOPT UNPACKING pc=0x000002af1fff7143 sp=0x000000bc1b4faa78 mode 0
Event: 3.453 Thread 0x000002af10f1d090 Uncommon trap: trap_request=0xffffff45 fr.pc=0x000002af205c5d80 relative=0x00000000000001c0
Event: 3.453 Thread 0x000002af10f1d090 Uncommon trap: reason=unstable_if action=reinterpret pc=0x000002af205c5d80 method=java.io.WinNTFileSystem.normalize(Ljava/lang/String;)Ljava/lang/String; @ 128 c2
Event: 3.453 Thread 0x000002af10f1d090 DEOPT PACKING pc=0x000002af205c5d80 sp=0x000000bc1b4fc970
Event: 3.453 Thread 0x000002af10f1d090 DEOPT UNPACKING pc=0x000002af1fff69a3 sp=0x000000bc1b4fc8e8 mode 2
Event: 3.453 Thread 0x000002af10f1d090 Uncommon trap: trap_request=0xffffff45 fr.pc=0x000002af205ae778 relative=0x0000000000001918
Event: 3.453 Thread 0x000002af10f1d090 Uncommon trap: reason=unstable_if action=reinterpret pc=0x000002af205ae778 method=java.io.WinNTFileSystem.normalize(Ljava/lang/String;II)Ljava/lang/String; @ 87 c2
Event: 3.453 Thread 0x000002af10f1d090 DEOPT PACKING pc=0x000002af205ae778 sp=0x000000bc1b4fc840
Event: 3.453 Thread 0x000002af10f1d090 DEOPT UNPACKING pc=0x000002af1fff69a3 sp=0x000000bc1b4fc840 mode 2
Event: 3.544 Thread 0x000002af10f1d090 Uncommon trap: trap_request=0xffffff45 fr.pc=0x000002af2057d404 relative=0x0000000000000064
Event: 3.544 Thread 0x000002af10f1d090 Uncommon trap: reason=unstable_if action=reinterpret pc=0x000002af2057d404 method=java.io.WinNTFileSystem.isSlash(C)Z @ 9 c2
Event: 3.544 Thread 0x000002af10f1d090 DEOPT PACKING pc=0x000002af2057d404 sp=0x000000bc1b4fd390
Event: 3.544 Thread 0x000002af10f1d090 DEOPT UNPACKING pc=0x000002af1fff69a3 sp=0x000000bc1b4fd318 mode 2
Event: 3.544 Thread 0x000002af10f1d090 Uncommon trap: trap_request=0xffffff45 fr.pc=0x000002af20587258 relative=0x0000000000000618
Event: 3.544 Thread 0x000002af10f1d090 Uncommon trap: reason=unstable_if action=reinterpret pc=0x000002af20587258 method=java.lang.AbstractStringBuilder.append(Ljava/lang/String;)Ljava/lang/AbstractStringBuilder; @ 1 c2
Event: 3.544 Thread 0x000002af10f1d090 DEOPT PACKING pc=0x000002af20587258 sp=0x000000bc1b4fd560
Event: 3.544 Thread 0x000002af10f1d090 DEOPT UNPACKING pc=0x000002af1fff69a3 sp=0x000000bc1b4fd4e0 mode 2
Event: 40.902 Thread 0x000002af10f1d090 DEOPT PACKING pc=0x000002af18cf5629 sp=0x000000bc1b4fc470
Event: 40.902 Thread 0x000002af10f1d090 DEOPT UNPACKING pc=0x000002af1fff7143 sp=0x000000bc1b4fb980 mode 0

Classes loaded (20 events):
Event: 226.797 Loading class java/io/ObjectInputStream$FieldValues
Event: 226.798 Loading class java/io/ObjectInputStream$GetField
Event: 226.798 Loading class java/io/ObjectInputStream$GetField done
Event: 226.798 Loading class java/io/ObjectInputStream$FieldValues done
Event: 226.799 Loading class java/util/function/UnaryOperator
Event: 226.800 Loading class java/util/function/UnaryOperator done
Event: 226.803 Loading class java/io/ObjectStreamClass$ExceptionInfo
Event: 226.803 Loading class java/io/ObjectStreamClass$ExceptionInfo done
Event: 226.805 Loading class java/io/SerialCallbackContext
Event: 226.805 Loading class java/io/SerialCallbackContext done
Event: 226.833 Loading class java/io/PrintWriter
Event: 226.834 Loading class java/io/PrintWriter done
Event: 226.834 Loading class java/lang/Throwable$PrintStreamOrWriter
Event: 226.834 Loading class java/lang/Throwable$PrintStreamOrWriter done
Event: 226.850 Loading class java/rmi/ConnectException
Event: 226.851 Loading class java/rmi/RemoteException
Event: 226.852 Loading class java/rmi/RemoteException done
Event: 226.852 Loading class java/rmi/ConnectException done
Event: 227.415 Loading class java/lang/Throwable$WrappedPrintWriter
Event: 227.415 Loading class java/lang/Throwable$WrappedPrintWriter done

Classes unloaded (0 events):
No events

Classes redefined (0 events):
No events

Internal exceptions (18 events):
Event: 0.361 Thread 0x000002af10f1d090 Exception <a 'java/lang/NoSuchMethodError'{0x00000000ffded758}: 'int java.lang.invoke.DirectMethodHandle$Holder.invokeStaticInit(java.lang.Object, java.lang.Object)'> (0x00000000ffded758) 
thrown [s\src\hotspot\share\interpreter\linkResolver.cpp, line 759]
Event: 2.043 Thread 0x000002af10f1d090 Exception <a 'java/lang/NoSuchMethodError'{0x00000000ffdddc10}: 'int java.lang.invoke.DirectMethodHandle$Holder.invokeStatic(java.lang.Object, java.lang.Object, int)'> (0x00000000ffdddc10) 
thrown [s\src\hotspot\share\interpreter\linkResolver.cpp, line 759]
Event: 2.301 Thread 0x000002af10f1d090 Exception <a 'java/lang/NoSuchMethodError'{0x00000000ff984ca8}: 'java.lang.Object java.lang.invoke.DirectMethodHandle$Holder.invokeStaticInit(java.lang.Object)'> (0x00000000ff984ca8) 
thrown [s\src\hotspot\share\interpreter\linkResolver.cpp, line 759]
Event: 2.327 Thread 0x000002af10f1d090 Exception <a 'java/lang/NoSuchMethodError'{0x00000000ff99f998}: 'int java.lang.invoke.DirectMethodHandle$Holder.invokeSpecial(java.lang.Object, java.lang.Object, java.lang.Object)'> (0x00000000ff99f998) 
thrown [s\src\hotspot\share\interpreter\linkResolver.cpp, line 759]
Event: 2.343 Thread 0x000002af10f1d090 Exception <a 'java/lang/NoSuchMethodError'{0x00000000ff9dc900}: 'void java.lang.invoke.DirectMethodHandle$Holder.invokeStatic(java.lang.Object, java.lang.Object)'> (0x00000000ff9dc900) 
thrown [s\src\hotspot\share\interpreter\linkResolver.cpp, line 759]
Event: 2.348 Thread 0x000002af10f1d090 Implicit null exception at 0x000002af205a460a to 0x000002af205a4b50
Event: 2.460 Thread 0x000002af10f1d090 Exception <a 'java/lang/NoSuchMethodError'{0x00000000ff78af50}: 'java.lang.Object java.lang.invoke.Invokers$Holder.invoker(java.lang.Object, java.lang.Object, java.lang.Object)'> (0x00000000ff78af50) 
thrown [s\src\hotspot\share\interpreter\linkResolver.cpp, line 759]
Event: 2.463 Thread 0x000002af10f1d090 Exception <a 'java/lang/NoSuchMethodError'{0x00000000ff7940a8}: 'java.lang.Object java.lang.invoke.DirectMethodHandle$Holder.invokeStatic(java.lang.Object, java.lang.Object, int)'> (0x00000000ff7940a8) 
thrown [s\src\hotspot\share\interpreter\linkResolver.cpp, line 759]
Event: 2.474 Thread 0x000002af10f1d090 Exception <a 'java/lang/NoSuchMethodError'{0x00000000ff79fd98}: 'void java.lang.invoke.DelegatingMethodHandle$Holder.delegate(java.lang.Object, java.lang.Object, int, java.lang.Object)'> (0x00000000ff79fd98) 
thrown [s\src\hotspot\share\interpreter\linkResolver.cpp, line 759]
Event: 2.491 Thread 0x000002af10f1d090 Exception <a 'java/lang/NoSuchMethodError'{0x00000000ff7b33e0}: 'java.lang.Object java.lang.invoke.Invokers$Holder.invokeExact_MT(java.lang.Object, java.lang.Object, java.lang.Object, java.lang.Object)'> (0x00000000ff7b33e0) 
thrown [s\src\hotspot\share\interpreter\linkResolver.cpp, line 759]
Event: 2.501 Thread 0x000002af10f1d090 Exception <a 'java/lang/NoSuchMethodError'{0x00000000ff7da340}: 'java.lang.Object java.lang.invoke.DirectMethodHandle$Holder.invokeVirtual(java.lang.Object, java.lang.Object, java.lang.Object)'> (0x00000000ff7da340) 
thrown [s\src\hotspot\share\interpreter\linkResolver.cpp, line 759]
Event: 2.707 Thread 0x000002af10f1d090 Exception <a 'java/lang/NoSuchMethodError'{0x00000000ff3d9b28}: 'java.lang.Object java.lang.invoke.DirectMethodHandle$Holder.newInvokeSpecial(java.lang.Object, java.lang.Object, java.lang.Object, java.lang.Object, java.lang.Object)'> (0x00000000ff3d9b28) 
thrown [s\src\hotspot\share\interpreter\linkResolver.cpp, line 759]
Event: 2.770 Thread 0x000002af10f1d090 Exception <a 'java/lang/NoSuchMethodError'{0x00000000ff16e6e8}: 'void java.lang.invoke.DirectMethodHandle$Holder.invokeSpecial(java.lang.Object, java.lang.Object, java.lang.Object)'> (0x00000000ff16e6e8) 
thrown [s\src\hotspot\share\interpreter\linkResolver.cpp, line 759]
Event: 2.777 Thread 0x000002af10f1d090 Implicit null exception at 0x000002af2058970f to 0x000002af20589c50
Event: 3.145 Thread 0x000002af10f1d090 Exception <a 'java/lang/NoSuchMethodError'{0x00000000fef88cb8}: 'void java.lang.invoke.DirectMethodHandle$Holder.invokeStatic(java.lang.Object, java.lang.Object, java.lang.Object)'> (0x00000000fef88cb8) 
thrown [s\src\hotspot\share\interpreter\linkResolver.cpp, line 759]
Event: 3.394 Thread 0x000002af10f1d090 Exception <a 'java/lang/NoSuchMethodError'{0x00000000fe76d8b8}: 'java.lang.Object java.lang.invoke.DirectMethodHandle$Holder.invokeStaticInit(java.lang.Object, int, int, int, int)'> (0x00000000fe76d8b8) 
thrown [s\src\hotspot\share\interpreter\linkResolver.cpp, line 759]
Event: 3.484 Thread 0x000002af10f1d090 Exception <a 'java/lang/NoSuchMethodError'{0x00000000fe643c78}: 'java.lang.Object java.lang.invoke.DirectMethodHandle$Holder.invokeStaticInit(java.lang.Object, java.lang.Object, int, int, int, int)'> (0x00000000fe643c78) 
thrown [s\src\hotspot\share\interpreter\linkResolver.cpp, line 759]
Event: 3.544 Thread 0x000002af10f1d090 Implicit null exception at 0x000002af20586c72 to 0x000002af20587240

VM Operations (20 events):
Event: 141.534 Executing VM operation: Cleanup
Event: 141.534 Executing VM operation: Cleanup done
Event: 152.581 Executing VM operation: Cleanup
Event: 152.581 Executing VM operation: Cleanup done
Event: 155.610 Executing VM operation: Cleanup
Event: 155.610 Executing VM operation: Cleanup done
Event: 166.662 Executing VM operation: Cleanup
Event: 166.662 Executing VM operation: Cleanup done
Event: 171.689 Executing VM operation: Cleanup
Event: 171.689 Executing VM operation: Cleanup done
Event: 179.732 Executing VM operation: Cleanup
Event: 179.732 Executing VM operation: Cleanup done
Event: 194.819 Executing VM operation: Cleanup
Event: 194.819 Executing VM operation: Cleanup done
Event: 195.825 Executing VM operation: Cleanup
Event: 195.825 Executing VM operation: Cleanup done
Event: 226.997 Executing VM operation: Cleanup
Event: 226.997 Executing VM operation: Cleanup done
Event: 227.415 Executing VM operation: HandshakeAllThreads
Event: 227.415 Executing VM operation: HandshakeAllThreads done

Memory protections (0 events):
No events

Nmethod flushes (0 events):
No events

Events (15 events):
Event: 0.095 Thread 0x000002af10f1d090 Thread added: 0x000002af10f1d090
Event: 0.100 Thread 0x000002af10f1d090 Thread added: 0x000002af10fb22e0
Event: 0.100 Thread 0x000002af10f1d090 Thread added: 0x000002af10fb2f60
Event: 0.118 Thread 0x000002af10f1d090 Thread added: 0x000002af10fc8a00
Event: 0.118 Thread 0x000002af10f1d090 Thread added: 0x000002af10fca3d0
Event: 0.118 Thread 0x000002af10f1d090 Thread added: 0x000002af10fcad90
Event: 0.119 Thread 0x000002af10f1d090 Thread added: 0x000002af10fcb750
Event: 0.119 Thread 0x000002af10f1d090 Thread added: 0x000002af10fcc440
Event: 0.123 Thread 0x000002af10f1d090 Thread added: 0x000002af6b1223b0
Event: 0.124 Thread 0x000002af10f1d090 Thread added: 0x000002af6b1510e0
Event: 0.158 Thread 0x000002af10f1d090 Thread added: 0x000002af6b27c890
Event: 0.160 Thread 0x000002af10f1d090 Thread added: 0x000002af6b281030
Event: 1.162 Thread 0x000002af6b1223b0 Thread added: 0x000002af6b51fd40
Event: 2.173 Thread 0x000002af6b51fd40 Thread exited: 0x000002af6b51fd40
Event: 2.611 Thread 0x000002af10f1d090 Thread added: 0x000002af703414a0


Dynamic libraries:
0x00007ff7cdd00000 - 0x00007ff7cdd0e000 	C:\Program Files\Microsoft\jdk-17.0.16.8-hotspot\bin\java.exe
0x00007ffd22270000 - 0x00007ffd22488000 	C:\WINDOWS\SYSTEM32\ntdll.dll
0x00007ffd20aa0000 - 0x00007ffd20b64000 	C:\WINDOWS\System32\KERNEL32.DLL
0x00007ffd1f5b0000 - 0x00007ffd1f983000 	C:\WINDOWS\System32\KERNELBASE.dll
0x00007ffd1f990000 - 0x00007ffd1faa1000 	C:\WINDOWS\System32\ucrtbase.dll
0x00007ffd05140000 - 0x00007ffd0515e000 	C:\Program Files\Microsoft\jdk-17.0.16.8-hotspot\bin\VCRUNTIME140.dll
0x00007ffd08520000 - 0x00007ffd08538000 	C:\Program Files\Microsoft\jdk-17.0.16.8-hotspot\bin\jli.dll
0x00007ffd0c7c0000 - 0x00007ffd0ca5c000 	C:\WINDOWS\WinSxS\amd64_microsoft.windows.common-controls_6595b64144ccf1df_6.0.22621.6060_none_2712eda17382d24b\COMCTL32.dll
0x00007ffd20830000 - 0x00007ffd209e2000 	C:\WINDOWS\System32\USER32.dll
0x00007ffd20570000 - 0x00007ffd20617000 	C:\WINDOWS\System32\msvcrt.dll
0x00007ffd21b60000 - 0x00007ffd21b89000 	C:\WINDOWS\System32\GDI32.dll
0x00007ffd1fae0000 - 0x00007ffd1fbfb000 	C:\WINDOWS\System32\gdi32full.dll
0x00007ffd1fe70000 - 0x00007ffd1ff0a000 	C:\WINDOWS\System32\msvcp_win.dll
0x00007ffd1f4c0000 - 0x00007ffd1f4e6000 	C:\WINDOWS\System32\win32u.dll
0x00007ffd20630000 - 0x00007ffd20661000 	C:\WINDOWS\System32\IMM32.DLL
0x00007ffd14520000 - 0x00007ffd1452c000 	C:\Program Files\Microsoft\jdk-17.0.16.8-hotspot\bin\vcruntime140_1.dll
0x00007ffcf5ff0000 - 0x00007ffcf6079000 	C:\Program Files\Microsoft\jdk-17.0.16.8-hotspot\bin\msvcp140.dll
0x00007ffcd7730000 - 0x00007ffcd83aa000 	C:\Program Files\Microsoft\jdk-17.0.16.8-hotspot\bin\server\jvm.dll
0x00007ffd201e0000 - 0x00007ffd20291000 	C:\WINDOWS\System32\ADVAPI32.dll
0x00007ffd209f0000 - 0x00007ffd20a98000 	C:\WINDOWS\System32\sechost.dll
0x00007ffd1fab0000 - 0x00007ffd1fad8000 	C:\WINDOWS\System32\bcrypt.dll
0x00007ffd21a40000 - 0x00007ffd21b58000 	C:\WINDOWS\System32\RPCRT4.dll
0x00007ffd1ff10000 - 0x00007ffd1ff81000 	C:\WINDOWS\System32\WS2_32.dll
0x00007ffd1f260000 - 0x00007ffd1f2ad000 	C:\WINDOWS\SYSTEM32\POWRPROF.dll
0x00007ffd1b600000 - 0x00007ffd1b634000 	C:\WINDOWS\SYSTEM32\WINMM.dll
0x00007ffd16990000 - 0x00007ffd1699a000 	C:\WINDOWS\SYSTEM32\VERSION.dll
0x00007ffd1f230000 - 0x00007ffd1f243000 	C:\WINDOWS\SYSTEM32\UMPDC.dll
0x00007ffd1e360000 - 0x00007ffd1e378000 	C:\WINDOWS\SYSTEM32\kernel.appcore.dll
0x00007ffd08600000 - 0x00007ffd0860a000 	C:\Program Files\Microsoft\jdk-17.0.16.8-hotspot\bin\jimage.dll
0x00007ffd18670000 - 0x00007ffd188a3000 	C:\WINDOWS\SYSTEM32\DBGHELP.DLL
0x00007ffd21c60000 - 0x00007ffd21ff1000 	C:\WINDOWS\System32\combase.dll
0x00007ffd202c0000 - 0x00007ffd20398000 	C:\WINDOWS\System32\OLEAUT32.dll
0x00007ffd17dc0000 - 0x00007ffd17df2000 	C:\WINDOWS\SYSTEM32\dbgcore.DLL
0x00007ffd1fd70000 - 0x00007ffd1fdeb000 	C:\WINDOWS\System32\bcryptPrimitives.dll
0x00007ffd03f00000 - 0x00007ffd03f26000 	C:\Program Files\Microsoft\jdk-17.0.16.8-hotspot\bin\java.dll
0x00007ffcecc10000 - 0x00007ffcecce6000 	C:\Program Files\Microsoft\jdk-17.0.16.8-hotspot\bin\jsvml.dll
0x00007ffd211a0000 - 0x00007ffd21a3c000 	C:\WINDOWS\System32\SHELL32.dll
0x00007ffd1f380000 - 0x00007ffd1f4bf000 	C:\WINDOWS\System32\wintypes.dll
0x00007ffd1d280000 - 0x00007ffd1db9a000 	C:\WINDOWS\SYSTEM32\windows.storage.dll
0x00007ffd200d0000 - 0x00007ffd201d4000 	C:\WINDOWS\System32\SHCORE.dll
0x00007ffd221c0000 - 0x00007ffd22229000 	C:\WINDOWS\System32\shlwapi.dll
0x00007ffd1f2b0000 - 0x00007ffd1f2d5000 	C:\WINDOWS\SYSTEM32\profapi.dll
0x00007ffd03ee0000 - 0x00007ffd03efb000 	C:\Program Files\Microsoft\jdk-17.0.16.8-hotspot\bin\net.dll
0x00007ffd1b0c0000 - 0x00007ffd1b1ec000 	C:\WINDOWS\SYSTEM32\WINHTTP.dll
0x00007ffd1e840000 - 0x00007ffd1e8a9000 	C:\WINDOWS\system32\mswsock.dll
0x00007ffd03ec0000 - 0x00007ffd03ed6000 	C:\Program Files\Microsoft\jdk-17.0.16.8-hotspot\bin\nio.dll
0x00007ffd03e10000 - 0x00007ffd03e28000 	C:\Program Files\Microsoft\jdk-17.0.16.8-hotspot\bin\zip.dll
0x00007ffd08150000 - 0x00007ffd0815a000 	C:\Program Files\Microsoft\jdk-17.0.16.8-hotspot\bin\management.dll
0x00007ffd075c0000 - 0x00007ffd075cc000 	C:\Program Files\Microsoft\jdk-17.0.16.8-hotspot\bin\management_ext.dll
0x00007ffd220a0000 - 0x00007ffd220a8000 	C:\WINDOWS\System32\PSAPI.DLL
0x00007ffd07070000 - 0x00007ffd07080000 	C:\Program Files\Microsoft\jdk-17.0.16.8-hotspot\bin\verify.dll
0x00007ffd03db0000 - 0x00007ffd03dd7000 	C:\Users\Likitha\.gradle\native\1def1411415f61bf3af743bc5b6707747c0891f09f0c88961ee8f79bc544acac\windows-amd64\native-platform.dll
0x00007ffd11db0000 - 0x00007ffd11dba000 	C:\Users\Likitha\.gradle\native\jansi\1.18\windows64\jansi.dll
0x00007ffd1de00000 - 0x00007ffd1de2d000 	C:\WINDOWS\SYSTEM32\IPHLPAPI.DLL
0x00007ffd20620000 - 0x00007ffd20629000 	C:\WINDOWS\System32\NSI.dll
0x00007ffd1af20000 - 0x00007ffd1af39000 	C:\WINDOWS\SYSTEM32\dhcpcsvc6.DLL
0x00007ffd1aec0000 - 0x00007ffd1aedf000 	C:\WINDOWS\SYSTEM32\dhcpcsvc.DLL
0x00007ffd1de70000 - 0x00007ffd1df68000 	C:\WINDOWS\SYSTEM32\DNSAPI.dll
0x00007ffd06710000 - 0x00007ffd06719000 	C:\Program Files\Microsoft\jdk-17.0.16.8-hotspot\bin\extnet.dll
0x00007ffd1ea90000 - 0x00007ffd1eaab000 	C:\WINDOWS\SYSTEM32\CRYPTSP.dll
0x00007ffd1e2c0000 - 0x00007ffd1e2f7000 	C:\WINDOWS\system32\rsaenh.dll
0x00007ffd1e930000 - 0x00007ffd1e958000 	C:\WINDOWS\SYSTEM32\USERENV.dll
0x00007ffd1eab0000 - 0x00007ffd1eabc000 	C:\WINDOWS\SYSTEM32\CRYPTBASE.dll
0x00007ffd111d0000 - 0x00007ffd111de000 	C:\Program Files\Microsoft\jdk-17.0.16.8-hotspot\bin\sunmscapi.dll
0x00007ffd1fc00000 - 0x00007ffd1fd68000 	C:\WINDOWS\System32\CRYPT32.dll
0x00007ffd1ec50000 - 0x00007ffd1ec7e000 	C:\WINDOWS\SYSTEM32\ncrypt.dll
0x00007ffd1ec10000 - 0x00007ffd1ec47000 	C:\WINDOWS\SYSTEM32\NTASN1.dll
0x00007ffcdc0d0000 - 0x00007ffcdc0d8000 	C:\WINDOWS\system32\wshunix.dll

dbghelp: loaded successfully - version: 4.0.5 - missing functions: none
symbol engine: initialized successfully - sym options: 0x614 - pdb path: .;C:\Program Files\Microsoft\jdk-17.0.16.8-hotspot\bin;C:\WINDOWS\SYSTEM32;C:\WINDOWS\WinSxS\amd64_microsoft.windows.common-controls_6595b64144ccf1df_6.0.22621.6060_none_2712eda17382d24b;C:\Program Files\Microsoft\jdk-17.0.16.8-hotspot\bin\server;C:\Users\Likitha\.gradle\native\1def1411415f61bf3af743bc5b6707747c0891f09f0c88961ee8f79bc544acac\windows-amd64;C:\Users\Likitha\.gradle\native\jansi\1.18\windows64

VM Arguments:
jvm_args: -Xmx64m -Xms64m -Dorg.gradle.appname=gradlew 
java_command: C:\Users\Likitha\Desktop\medicalll\hospital-frontend-app\android\\gradle\wrapper\gradle-wrapper.jar app:installDebug -PreactNativeDevServerPort=8081
java_class_path (initial): C:\Users\Likitha\Desktop\medicalll\hospital-frontend-app\android\\gradle\wrapper\gradle-wrapper.jar
Launcher Type: SUN_STANDARD

[Global flags]
     intx CICompilerCount                          = 3                                         {product} {ergonomic}
     uint ConcGCThreads                            = 1                                         {product} {ergonomic}
     uint G1ConcRefinementThreads                  = 4                                         {product} {ergonomic}
   size_t G1HeapRegionSize                         = 1048576                                   {product} {ergonomic}
    uintx GCDrainStackTargetSize                   = 64                                        {product} {ergonomic}
   size_t InitialHeapSize                          = 67108864                                  {product} {command line}
   size_t MarkStackSize                            = 4194304                                   {product} {ergonomic}
   size_t MaxHeapSize                              = 67108864                                  {product} {command line}
   size_t MaxNewSize                               = 39845888                                  {product} {ergonomic}
   size_t MinHeapDeltaBytes                        = 1048576                                   {product} {ergonomic}
   size_t MinHeapSize                              = 67108864                                  {product} {command line}
    uintx NonNMethodCodeHeapSize                   = 5832780                                {pd product} {ergonomic}
    uintx NonProfiledCodeHeapSize                  = 122912730                              {pd product} {ergonomic}
    uintx ProfiledCodeHeapSize                     = 122912730                              {pd product} {ergonomic}
    uintx ReservedCodeCacheSize                    = 251658240                              {pd product} {ergonomic}
     bool SegmentedCodeCache                       = true                                      {product} {ergonomic}
   size_t SoftMaxHeapSize                          = 67108864                               {manageable} {ergonomic}
     bool UseCompressedClassPointers               = true                           {product lp64_product} {ergonomic}
     bool UseCompressedOops                        = true                           {product lp64_product} {ergonomic}
     bool UseG1GC                                  = true                                      {product} {ergonomic}
     bool UseLargePagesIndividualAllocation        = false                                  {pd product} {ergonomic}

Logging:
Log output configuration:
 #0: stdout all=warning uptime,level,tags
 #1: stderr all=off uptime,level,tags

Environment Variables:
JAVA_HOME=C:\Program Files\Microsoft\jdk-17.0.16.8-hotspot\
PATH=C:\Users\Likitha\Desktop\medicalll\hospital-frontend-app\node_modules\.bin;C:\Users\Likitha\Desktop\medicalll\hospital-frontend-app\node_modules\.bin;C:\Users\Likitha\Desktop\medicalll\node_modules\.bin;C:\Users\Likitha\Desktop\node_modules\.bin;C:\Users\Likitha\node_modules\.bin;C:\Users\node_modules\.bin;C:\node_modules\.bin;C:\Program Files\nodejs\node_modules\npm\node_modules\@npmcli\run-script\lib\node-gyp-bin;C:\Program Files\Microsoft\jdk-17.0.16.8-hotspot\bin;C:\WINDOWS\system32;C:\WINDOWS;C:\WINDOWS\System32\Wbem;C:\WINDOWS\System32\WindowsPowerShell\v1.0\;C:\WINDOWS\System32\OpenSSH\;C:\ProgramData\chocolatey\bin;C:\Program Files\nodejs\;C:\Program Files\Git\cmd;C:\Users\Likitha\AppData\Local\Android\Sdk\emulator;C:\Users\Likitha\AppData\Local\Microsoft\WindowsApps;C:\Users\Likitha\AppData\Roaming\npm;C:\Users\Likitha\AppData\Local\Android\Sdk\platform-tools;C:\Users\Likitha\AppData\Local\Programs\Microsoft VS Code\bin;C:\Users\Likitha\AppData\Local\GitHubDesktop\bin;
USERNAME=Likitha
LANG=en_US.UTF-8
OS=Windows_NT
PROCESSOR_IDENTIFIER=AMD64 Family 23 Model 24 Stepping 1, AuthenticAMD
TMP=C:\Users\Likitha\AppData\Local\Temp
TEMP=C:\Users\Likitha\AppData\Local\Temp



Periodic native trim disabled


---------------  S Y S T E M  ---------------

OS:
 Windows 11 , 64 bit Build 22621 (10.0.22621.5415)
OS uptime: 14 days 20:22 hours

CPU: total 4 (initial active 4) (4 cores per cpu, 2 threads per core) family 23 model 24 stepping 1 microcode 0x0, cx8, cmov, fxsr, ht, mmx, 3dnowpref, sse, sse2, sse3, ssse3, sse4a, sse4.1, sse4.2, popcnt, lzcnt, tsc, tscinvbit, avx, avx2, aes, clmul, bmi1, bmi2, adx, sha, fma, vzeroupper, clflush, clflushopt
Processor Information for the first 4 processors :
  Max Mhz: 2600, Current Mhz: 2600, Mhz Limit: 2600

Memory: 4k page, system-wide physical 10116M (379M free)
TotalPageFile size 28760M (AvailPageFile size 14M)
current process WorkingSet (physical memory assigned to process): 101M, peak: 101M
current process commit charge ("private bytes"): 157M, peak: 161M

vm_info: OpenJDK 64-Bit Server VM (17.0.16+8-LTS) for windows-amd64 JRE (17.0.16+8-LTS), built on Jul 10 2025 00:24:24 by "MicrosoftCorporation" with unknown MS VC++:1944

END.
