#
# There is insufficient memory for the Java Runtime Environment to continue.
# Native memory allocation (mmap) failed to map 439353344 bytes. Error detail: G1 virtual space
# Possible reasons:
#   The system is out of physical RAM or swap space
#   This process is running with CompressedOops enabled, and the Java Heap may be blocking the growth of the native heap
# Possible solutions:
#   Reduce memory load on the system
#   Increase physical memory or swap space
#   Check if swap backing store is full
#   Decrease Java heap size (-Xmx/-Xms)
#   Decrease number of Java threads
#   Decrease Java thread stack sizes (-Xss)
#   Set larger code cache with -XX:ReservedCodeCacheSize=
#   JVM is running with Unscaled Compressed Oops mode in which the Java heap is
#     placed in the first 4GB address space. The Java Heap base address is the
#     maximum limit for the native heap growth. Please use -XX:HeapBaseMinAddress
#     to set the Java Heap base and to place the Java Heap above 4GB virtual address.
# This output file may be truncated or incomplete.
#
#  Out of Memory Error (os_windows.cpp:3710), pid=9724, tid=19264
#
# JRE version: OpenJDK Runtime Environment Microsoft-11926163 (17.0.16+8) (build 17.0.16+8-LTS)
# Java VM: OpenJDK 64-Bit Server VM Microsoft-11926163 (17.0.16+8-LTS, mixed mode, sharing, tiered, compressed oops, compressed class ptrs, g1 gc, windows-amd64)
# No core dump will be written. Minidumps are not enabled by default on client versions of Windows
#

---------------  S U M M A R Y ------------

Command Line: --add-opens=java.base/java.lang=ALL-UNNAMED --add-opens=java.base/java.lang.invoke=ALL-UNNAMED --add-opens=java.base/java.util=ALL-UNNAMED --add-opens=java.prefs/java.util.prefs=ALL-UNNAMED --add-exports=jdk.compiler/com.sun.tools.javac.api=ALL-UNNAMED --add-exports=jdk.compiler/com.sun.tools.javac.util=ALL-UNNAMED --add-opens=java.base/java.util=ALL-UNNAMED --add-opens=java.prefs/java.util.prefs=ALL-UNNAMED --add-opens=java.base/java.nio.charset=ALL-UNNAMED --add-opens=java.base/java.net=ALL-UNNAMED --add-opens=java.base/java.util.concurrent=ALL-UNNAMED --add-opens=java.base/java.util.concurrent.atomic=ALL-UNNAMED --add-opens=java.xml/javax.xml.namespace=ALL-UNNAMED -XX:MaxMetaspaceSize=512m -Xmx2048m -Dfile.encoding=windows-1252 -Duser.country=US -Duser.language=en -Duser.variant -javaagent:C:\Users\Likitha\.gradle\wrapper\dists\gradle-9.0.0-bin\d6wjpkvcgsg3oed0qlfss3wgl\gradle-9.0.0\lib\agents\gradle-instrumentation-agent-9.0.0.jar org.gradle.launcher.daemon.bootstrap.GradleDaemon 9.0.0

Host: AMD Ryzen 3 3250U with Radeon Graphics         , 4 cores, 9G,  Windows 11 , 64 bit Build 22621 (10.0.22621.5415)
Time: Wed Dec  3 09:58:03 2025 India Standard Time elapsed time: 85.529216 seconds (0d 0h 1m 25s)

---------------  T H R E A D  ---------------

Current thread (0x0000026352f61320):  VMThread "VM Thread" [stack: 0x000000c521800000,0x000000c521900000] [id=19264]

Stack: [0x000000c521800000,0x000000c521900000]
Native frames: (J=compiled Java code, j=interpreted, Vv=VM code, C=native code)
V  [jvm.dll+0x68ee19]
V  [jvm.dll+0x846249]
V  [jvm.dll+0x847fb8]
V  [jvm.dll+0x848643]
V  [jvm.dll+0x24cf6f]
V  [jvm.dll+0x68bde9]
V  [jvm.dll+0x6803aa]
V  [jvm.dll+0x30ffc0]
V  [jvm.dll+0x30fe62]
V  [jvm.dll+0x3173b9]
V  [jvm.dll+0x3695e9]
V  [jvm.dll+0x36981d]
V  [jvm.dll+0x2e683a]
V  [jvm.dll+0x2e4c31]
V  [jvm.dll+0x2e43cc]
V  [jvm.dll+0x328ceb]
V  [jvm.dll+0x84cecd]
V  [jvm.dll+0x84dbe3]
V  [jvm.dll+0x84e114]
V  [jvm.dll+0x84e4f8]
V  [jvm.dll+0x84e5ee]
V  [jvm.dll+0x7f5e9c]
V  [jvm.dll+0x68dd27]
C  [ucrtbase.dll+0x29333]
C  [KERNEL32.DLL+0x1259d]
C  [ntdll.dll+0x5af78]

VM_Operation (0x000000c5257f9070): G1CollectForAllocation, mode: safepoint, requested by thread 0x0000026374c5ae60


---------------  P R O C E S S  ---------------

Threads class SMR info:
_java_thread_list=0x00000263790d3ec0, length=95, elements={
0x0000026335351670, 0x0000026352f6a690, 0x0000026352f6bbc0, 0x0000026352f815b0,
0x0000026352f84150, 0x0000026352f87a40, 0x0000026352f88310, 0x0000026352f88f10,
0x00000263720300d0, 0x000002637203d3e0, 0x0000026352f52150, 0x00000263721854e0,
0x00000263734a3db0, 0x0000026372fe9da0, 0x0000026373b78760, 0x0000026373bb9a30,
0x0000026373a7f580, 0x0000026373a9d350, 0x0000026373a9a0b0, 0x0000026373a9c420,
0x0000026373a9ce40, 0x0000026373a9c930, 0x0000026373a9aad0, 0x0000026373a9d860,
0x0000026373a9a5c0, 0x0000026373a9afe0, 0x0000026373a9b4f0, 0x0000026373a9ba00,
0x0000026373a9bf10, 0x0000026375398350, 0x0000026375398d70, 0x0000026375396f10,
0x0000026375398860, 0x0000026375397420, 0x0000026375397930, 0x0000026375397e40,
0x0000026375395ad0, 0x0000026375393c70, 0x0000026375393760, 0x0000026375393250,
0x0000026375399280, 0x0000026375399790, 0x0000026375392320, 0x0000026375394690,
0x0000026375394ba0, 0x0000026375399ca0, 0x0000026375395fe0, 0x00000263753964f0,
0x0000026375392830, 0x0000026375392d40, 0x0000026374c57bc0, 0x0000026374c571a0,
0x0000026374c5a950, 0x0000026374c5dbf0, 0x0000026374c5a440, 0x0000026374c59510,
0x0000026374c5c7b0, 0x0000026374c5b370, 0x0000026374c5ae60, 0x0000026374c580d0,
0x0000026374c58af0, 0x0000026374c5c2a0, 0x0000026374c5bd90, 0x0000026374c585e0,
0x0000026374c59a20, 0x0000026374c5e610, 0x0000026374c59f30, 0x0000026374c5d1d0,
0x0000026374c5d6e0, 0x0000026375deb750, 0x0000026375de98f0, 0x0000026375de7fa0,
0x0000026375de84b0, 0x0000026375dee9f0, 0x0000026375de7a90, 0x0000026375dec680,
0x0000026375de89c0, 0x0000026375deef00, 0x0000026375decb90, 0x0000026375de9e00,
0x0000026375dea310, 0x0000026375de8ed0, 0x0000026375dea820, 0x0000026375ded0a0,
0x0000026375dedac0, 0x0000026375ded5b0, 0x0000026375de93e0, 0x0000026375dedfd0,
0x0000026375dee4e0, 0x0000026375dec170, 0x0000026378b59e30, 0x0000026378b5b270,
0x0000026378b59410, 0x0000026378b5a340, 0x0000026377c63b00
}

Java Threads: ( => current thread )
  0x0000026335351670 JavaThread "main" [_thread_blocked, id=20544, stack(0x000000c521200000,0x000000c521300000)]
  0x0000026352f6a690 JavaThread "Reference Handler" daemon [_thread_blocked, id=10160, stack(0x000000c521900000,0x000000c521a00000)]
  0x0000026352f6bbc0 JavaThread "Finalizer" daemon [_thread_blocked, id=7472, stack(0x000000c521a00000,0x000000c521b00000)]
  0x0000026352f815b0 JavaThread "Signal Dispatcher" daemon [_thread_blocked, id=20716, stack(0x000000c521b00000,0x000000c521c00000)]
  0x0000026352f84150 JavaThread "Attach Listener" daemon [_thread_blocked, id=2648, stack(0x000000c521c00000,0x000000c521d00000)]
  0x0000026352f87a40 JavaThread "Service Thread" daemon [_thread_blocked, id=18252, stack(0x000000c521d00000,0x000000c521e00000)]
  0x0000026352f88310 JavaThread "Monitor Deflation Thread" daemon [_thread_blocked, id=3120, stack(0x000000c521e00000,0x000000c521f00000)]
  0x0000026352f88f10 JavaThread "C2 CompilerThread0" daemon [_thread_blocked, id=6792, stack(0x000000c521f00000,0x000000c522000000)]
  0x00000263720300d0 JavaThread "C1 CompilerThread0" daemon [_thread_blocked, id=10456, stack(0x000000c522000000,0x000000c522100000)]
  0x000002637203d3e0 JavaThread "Sweeper thread" daemon [_thread_blocked, id=5796, stack(0x000000c522100000,0x000000c522200000)]
  0x0000026352f52150 JavaThread "Common-Cleaner" daemon [_thread_blocked, id=3092, stack(0x000000c522200000,0x000000c522300000)]
  0x00000263721854e0 JavaThread "Notification Thread" daemon [_thread_blocked, id=15712, stack(0x000000c522300000,0x000000c522400000)]
  0x00000263734a3db0 JavaThread "Daemon health stats" [_thread_blocked, id=14044, stack(0x000000c522700000,0x000000c522800000)]
  0x0000026372fe9da0 JavaThread "Incoming local TCP Connector on port 49513" [_thread_in_native, id=7776, stack(0x000000c522900000,0x000000c522a00000)]
  0x0000026373b78760 JavaThread "Daemon periodic checks" [_thread_blocked, id=13904, stack(0x000000c522a00000,0x000000c522b00000)]
  0x0000026373bb9a30 JavaThread "Daemon" [_thread_blocked, id=16784, stack(0x000000c522b00000,0x000000c522c00000)]
  0x0000026373a7f580 JavaThread "Handler for socket connection from /127.0.0.1:49513 to /127.0.0.1:49514" [_thread_in_native, id=6348, stack(0x000000c522c00000,0x000000c522d00000)]
  0x0000026373a9d350 JavaThread "Cancel handler" [_thread_blocked, id=16652, stack(0x000000c522d00000,0x000000c522e00000)]
  0x0000026373a9a0b0 JavaThread "Daemon worker" [_thread_blocked, id=8128, stack(0x000000c522e00000,0x000000c522f00000)]
  0x0000026373a9c420 JavaThread "Asynchronous log dispatcher for DefaultDaemonConnection: socket connection from /127.0.0.1:49513 to /127.0.0.1:49514" [_thread_blocked, id=9740, stack(0x000000c522f00000,0x000000c523000000)]
  0x0000026373a9ce40 JavaThread "Stdin handler" [_thread_blocked, id=12632, stack(0x000000c523000000,0x000000c523100000)]
  0x0000026373a9c930 JavaThread "Daemon client event forwarder" [_thread_blocked, id=4180, stack(0x000000c523100000,0x000000c523200000)]
  0x0000026373a9aad0 JavaThread "Cache worker for journal cache (C:\Users\Likitha\.gradle\caches\journal-1)" [_thread_blocked, id=20460, stack(0x000000c523200000,0x000000c523300000)]
  0x0000026373a9d860 JavaThread "File lock request listener" [_thread_in_native, id=808, stack(0x000000c523300000,0x000000c523400000)]
  0x0000026373a9a5c0 JavaThread "Cache worker for file hash cache (C:\Users\Likitha\.gradle\caches\9.0.0\fileHashes)" [_thread_blocked, id=11448, stack(0x000000c523400000,0x000000c523500000)]
  0x0000026373a9afe0 JavaThread "Cache worker for file hash cache (C:\Users\Likitha\Desktop\medicalll\hospital-frontend-app\android\.gradle\9.0.0\fileHashes)" [_thread_blocked, id=2708, stack(0x000000c523600000,0x000000c523700000)]
  0x0000026373a9b4f0 JavaThread "Cache worker for Build Output Cleanup Cache (C:\Users\Likitha\Desktop\medicalll\hospital-frontend-app\android\.gradle\buildOutputCleanup)" [_thread_blocked, id=12256, stack(0x000000c523700000,0x000000c523800000)]
  0x0000026373a9ba00 JavaThread "File watcher server" daemon [_thread_blocked, id=6436, stack(0x000000c523800000,0x000000c523900000)]
  0x0000026373a9bf10 JavaThread "File watcher consumer" daemon [_thread_blocked, id=13112, stack(0x000000c523900000,0x000000c523a00000)]
  0x0000026375398350 JavaThread "Cache worker for checksums cache (C:\Users\Likitha\Desktop\medicalll\hospital-frontend-app\android\.gradle\9.0.0\checksums)" [_thread_blocked, id=7528, stack(0x000000c523500000,0x000000c523600000)]
  0x0000026375398d70 JavaThread "Cache worker for file content cache (C:\Users\Likitha\.gradle\caches\9.0.0\fileContent)" [_thread_blocked, id=5652, stack(0x000000c523a00000,0x000000c523b00000)]
  0x0000026375396f10 JavaThread "Cache worker for cache directory md-supplier (C:\Users\Likitha\.gradle\caches\9.0.0\md-supplier)" [_thread_blocked, id=20640, stack(0x000000c523d00000,0x000000c523e00000)]
  0x0000026375398860 JavaThread "Cache worker for cache directory md-rule (C:\Users\Likitha\.gradle\caches\9.0.0\md-rule)" [_thread_blocked, id=15660, stack(0x000000c523e00000,0x000000c523f00000)]
  0x0000026375397420 JavaThread "jar transforms" [_thread_blocked, id=17636, stack(0x000000c523f00000,0x000000c524000000)]
  0x0000026375397930 JavaThread "Cache worker for Build Output Cleanup Cache (C:\Users\Likitha\Desktop\medicalll\hospital-frontend-app\node_modules\@react-native\gradle-plugin\.gradle\buildOutputCleanup)" [_thread_blocked, id=18604, stack(0x000000c524000000,0x000000c524100000)]
  0x0000026375397e40 JavaThread "Unconstrained build operations" [_thread_blocked, id=9128, stack(0x000000c523b00000,0x000000c523c00000)]
  0x0000026375395ad0 JavaThread "Unconstrained build operations Thread 2" [_thread_blocked, id=6860, stack(0x000000c524100000,0x000000c524200000)]
  0x0000026375393c70 JavaThread "Unconstrained build operations Thread 3" [_thread_blocked, id=6636, stack(0x000000c524200000,0x000000c524300000)]
  0x0000026375393760 JavaThread "Unconstrained build operations Thread 4" [_thread_blocked, id=6456, stack(0x000000c524300000,0x000000c524400000)]
  0x0000026375393250 JavaThread "Unconstrained build operations Thread 5" [_thread_blocked, id=3376, stack(0x000000c524400000,0x000000c524500000)]
  0x0000026375399280 JavaThread "Unconstrained build operations Thread 6" [_thread_blocked, id=16596, stack(0x000000c524500000,0x000000c524600000)]
  0x0000026375399790 JavaThread "Unconstrained build operations Thread 7" [_thread_blocked, id=18360, stack(0x000000c524700000,0x000000c524800000)]
  0x0000026375392320 JavaThread "Unconstrained build operations Thread 8" [_thread_blocked, id=15620, stack(0x000000c524800000,0x000000c524900000)]
  0x0000026375394690 JavaThread "Unconstrained build operations Thread 9" [_thread_blocked, id=1648, stack(0x000000c524900000,0x000000c524a00000)]
  0x0000026375394ba0 JavaThread "Unconstrained build operations Thread 10" [_thread_blocked, id=13928, stack(0x000000c524a00000,0x000000c524b00000)]
  0x0000026375399ca0 JavaThread "Unconstrained build operations Thread 11" [_thread_blocked, id=16452, stack(0x000000c524b00000,0x000000c524c00000)]
  0x0000026375395fe0 JavaThread "Unconstrained build operations Thread 12" [_thread_blocked, id=15172, stack(0x000000c524c00000,0x000000c524d00000)]
  0x00000263753964f0 JavaThread "Unconstrained build operations Thread 13" [_thread_blocked, id=14912, stack(0x000000c524d00000,0x000000c524e00000)]
  0x0000026375392830 JavaThread "Unconstrained build operations Thread 14" [_thread_blocked, id=1600, stack(0x000000c524e00000,0x000000c524f00000)]
  0x0000026375392d40 JavaThread "Unconstrained build operations Thread 15" [_thread_blocked, id=17152, stack(0x000000c524f00000,0x000000c525000000)]
  0x0000026374c57bc0 JavaThread "build event listener" [_thread_blocked, id=11696, stack(0x000000c525000000,0x000000c525100000)]
  0x0000026374c571a0 JavaThread "Memory manager" [_thread_blocked, id=1368, stack(0x000000c524600000,0x000000c524700000)]
  0x0000026374c5a950 JavaThread "ForkJoinPool.commonPool-worker-1" daemon [_thread_blocked, id=20392, stack(0x000000c525100000,0x000000c525200000)]
  0x0000026374c5dbf0 JavaThread "ForkJoinPool.commonPool-worker-2" daemon [_thread_blocked, id=11228, stack(0x000000c525200000,0x000000c525300000)]
  0x0000026374c5a440 JavaThread "ForkJoinPool.commonPool-worker-3" daemon [_thread_blocked, id=656, stack(0x000000c525300000,0x000000c525400000)]
  0x0000026374c59510 JavaThread "included builds" [_thread_blocked, id=3104, stack(0x000000c525400000,0x000000c525500000)]
  0x0000026374c5c7b0 JavaThread "Execution worker" [_thread_blocked, id=20432, stack(0x000000c525500000,0x000000c525600000)]
  0x0000026374c5b370 JavaThread "Execution worker Thread 2" [_thread_blocked, id=7620, stack(0x000000c525600000,0x000000c525700000)]
  0x0000026374c5ae60 JavaThread "Execution worker Thread 3" [_thread_blocked, id=11660, stack(0x000000c525700000,0x000000c525800000)]
  0x0000026374c580d0 JavaThread "Cache worker for execution history cache (C:\Users\Likitha\Desktop\medicalll\hospital-frontend-app\node_modules\@react-native\gradle-plugin\.gradle\9.0.0\executionHistory)" [_thread_blocked, id=10856, stack(0x000000c525800000,0x000000c525900000)]
  0x0000026374c58af0 JavaThread "Unconstrained build operations Thread 16" [_thread_blocked, id=2188, stack(0x000000c525900000,0x000000c525a00000)]
  0x0000026374c5c2a0 JavaThread "Unconstrained build operations Thread 17" [_thread_blocked, id=18336, stack(0x000000c525a00000,0x000000c525b00000)]
  0x0000026374c5bd90 JavaThread "Unconstrained build operations Thread 18" [_thread_blocked, id=18556, stack(0x000000c525b00000,0x000000c525c00000)]
  0x0000026374c585e0 JavaThread "Unconstrained build operations Thread 19" [_thread_blocked, id=128, stack(0x000000c525c00000,0x000000c525d00000)]
  0x0000026374c59a20 JavaThread "Unconstrained build operations Thread 20" [_thread_blocked, id=13708, stack(0x000000c525d00000,0x000000c525e00000)]
  0x0000026374c5e610 JavaThread "Unconstrained build operations Thread 21" [_thread_blocked, id=12312, stack(0x000000c525e00000,0x000000c525f00000)]
  0x0000026374c59f30 JavaThread "Unconstrained build operations Thread 22" [_thread_blocked, id=15916, stack(0x000000c525f00000,0x000000c526000000)]
  0x0000026374c5d1d0 JavaThread "Unconstrained build operations Thread 23" [_thread_blocked, id=20596, stack(0x000000c526000000,0x000000c526100000)]
  0x0000026374c5d6e0 JavaThread "Unconstrained build operations Thread 24" [_thread_blocked, id=11256, stack(0x000000c526100000,0x000000c526200000)]
  0x0000026375deb750 JavaThread "Unconstrained build operations Thread 25" [_thread_blocked, id=14612, stack(0x000000c526200000,0x000000c526300000)]
  0x0000026375de98f0 JavaThread "Unconstrained build operations Thread 26" [_thread_blocked, id=5908, stack(0x000000c526300000,0x000000c526400000)]
  0x0000026375de7fa0 JavaThread "Unconstrained build operations Thread 27" [_thread_blocked, id=19396, stack(0x000000c526400000,0x000000c526500000)]
  0x0000026375de84b0 JavaThread "Unconstrained build operations Thread 28" [_thread_blocked, id=20680, stack(0x000000c526500000,0x000000c526600000)]
  0x0000026375dee9f0 JavaThread "Unconstrained build operations Thread 29" [_thread_blocked, id=10452, stack(0x000000c526600000,0x000000c526700000)]
  0x0000026375de7a90 JavaThread "Unconstrained build operations Thread 30" [_thread_blocked, id=19796, stack(0x000000c526700000,0x000000c526800000)]
  0x0000026375dec680 JavaThread "Unconstrained build operations Thread 31" [_thread_blocked, id=16292, stack(0x000000c526800000,0x000000c526900000)]
  0x0000026375de89c0 JavaThread "Unconstrained build operations Thread 32" [_thread_blocked, id=16320, stack(0x000000c526900000,0x000000c526a00000)]
  0x0000026375deef00 JavaThread "Unconstrained build operations Thread 33" [_thread_blocked, id=9004, stack(0x000000c526a00000,0x000000c526b00000)]
  0x0000026375decb90 JavaThread "Unconstrained build operations Thread 34" [_thread_blocked, id=19252, stack(0x000000c526b00000,0x000000c526c00000)]
  0x0000026375de9e00 JavaThread "Unconstrained build operations Thread 35" [_thread_blocked, id=16440, stack(0x000000c526c00000,0x000000c526d00000)]
  0x0000026375dea310 JavaThread "Unconstrained build operations Thread 36" [_thread_blocked, id=7252, stack(0x000000c526d00000,0x000000c526e00000)]
  0x0000026375de8ed0 JavaThread "Unconstrained build operations Thread 37" [_thread_blocked, id=14056, stack(0x000000c526e00000,0x000000c526f00000)]
  0x0000026375dea820 JavaThread "jar transforms Thread 2" [_thread_blocked, id=18148, stack(0x000000c527000000,0x000000c527100000)]
  0x0000026375ded0a0 JavaThread "jar transforms Thread 3" [_thread_blocked, id=8780, stack(0x000000c527100000,0x000000c527200000)]
  0x0000026375dedac0 JavaThread "Unconstrained build operations Thread 38" [_thread_blocked, id=20344, stack(0x000000c526f00000,0x000000c527000000)]
  0x0000026375ded5b0 JavaThread "Unconstrained build operations Thread 39" [_thread_blocked, id=15460, stack(0x000000c527200000,0x000000c527300000)]
  0x0000026375de93e0 JavaThread "Unconstrained build operations Thread 40" [_thread_blocked, id=21208, stack(0x000000c527300000,0x000000c527400000)]
  0x0000026375dedfd0 JavaThread "jar transforms Thread 4" [_thread_blocked, id=17756, stack(0x000000c527400000,0x000000c527500000)]
  0x0000026375dee4e0 JavaThread "build event listener" [_thread_blocked, id=14588, stack(0x000000c527700000,0x000000c527800000)]
  0x0000026375dec170 JavaThread "Problems report writer" [_thread_blocked, id=6640, stack(0x000000c527800000,0x000000c527900000)]
  0x0000026378b59e30 JavaThread "Cache worker for execution history cache (C:\Users\Likitha\Desktop\medicalll\hospital-frontend-app\android\.gradle\9.0.0\executionHistory)" [_thread_blocked, id=17140, stack(0x000000c521000000,0x000000c521100000)]
  0x0000026378b5b270 JavaThread "WorkerExecutor Queue" [_thread_blocked, id=13968, stack(0x000000c521100000,0x000000c521200000)]
  0x0000026378b59410 JavaThread "WorkerExecutor Queue Thread 2" [_thread_blocked, id=13016, stack(0x000000c527900000,0x000000c527a00000)]
  0x0000026378b5a340 JavaThread "WorkerExecutor Queue Thread 3" [_thread_blocked, id=12840, stack(0x000000c527a00000,0x000000c527b00000)]
  0x0000026377c63b00 JavaThread "WorkerExecutor Queue Thread 4" [_thread_blocked, id=20588, stack(0x000000c527b00000,0x000000c527c00000)]

Other Threads:
=>0x0000026352f61320 VMThread "VM Thread" [stack: 0x000000c521800000,0x000000c521900000] [id=19264]
  0x0000026335352400 WatcherThread [stack: 0x000000c522400000,0x000000c522500000] [id=10244]
  0x00000263353ac4a0 GCTaskThread "GC Thread#0" [stack: 0x000000c521300000,0x000000c521400000] [id=12520]
  0x0000026372208230 GCTaskThread "GC Thread#1" [stack: 0x000000c522500000,0x000000c522600000] [id=14244]
  0x0000026372298ff0 GCTaskThread "GC Thread#2" [stack: 0x000000c522600000,0x000000c522700000] [id=21124]
  0x0000026372827e30 GCTaskThread "GC Thread#3" [stack: 0x000000c522800000,0x000000c522900000] [id=18952]
  0x00000263353bd300 ConcurrentGCThread "G1 Main Marker" [stack: 0x000000c521400000,0x000000c521500000] [id=8676]
  0x00000263353bdc30 ConcurrentGCThread "G1 Conc#0" [stack: 0x000000c521500000,0x000000c521600000] [id=5188]
  0x00000263353ee540 ConcurrentGCThread "G1 Refine#0" [stack: 0x000000c521600000,0x000000c521700000] [id=17456]
  0x00000263753d2f20 ConcurrentGCThread "G1 Refine#1" [stack: 0x000000c523c00000,0x000000c523d00000] [id=8816]
  0x0000026352e1c130 ConcurrentGCThread "G1 Service" [stack: 0x000000c521700000,0x000000c521800000] [id=16112]

Threads with active compile tasks:
C2 CompilerThread0    85572 20143       4       org.gradle.internal.serialize.kryo.KryoBackedEncoder::writeBytes (11 bytes)

VM state: at safepoint (normal execution)

VM Mutex/Monitor currently owned by a thread:  ([mutex/lock_event])
[0x000002633534bc10] Threads_lock - owner thread: 0x0000026352f61320
[0x000002633534b5e0] Heap_lock - owner thread: 0x0000026374c5ae60

Heap address: 0x0000000080000000, size: 2048 MB, Compressed Oops mode: 32-bit

CDS archive(s) mapped at: [0x0000026353000000-0x0000026353bb0000-0x0000026353bb0000), size 12255232, SharedBaseAddress: 0x0000026353000000, ArchiveRelocationMode: 1.
Compressed class space mapped at: 0x0000026354000000-0x000002636e000000, reserved size: 436207616
Narrow klass base: 0x0000026353000000, Narrow klass shift: 0, Narrow klass range: 0x100000000

GC Precious Log:
 CPUs: 4 total, 4 available
 Memory: 10116M
 Large Page Support: Disabled
 NUMA Support: Disabled
 Compressed Oops: Enabled (32-bit)
 Heap Region Size: 1M
 Heap Min Capacity: 8M
 Heap Initial Capacity: 160M
 Heap Max Capacity: 2G
 Pre-touch: Disabled
 Parallel Workers: 4
 Concurrent Workers: 1
 Concurrent Refinement Workers: 4
 Periodic GC: Disabled

Heap:
 garbage-first heap   total 427008K, used 258095K [0x0000000080000000, 0x0000000100000000)
  region size 1024K, 5 young (5120K), 5 survivors (5120K)
 Metaspace       used 121403K, committed 123072K, reserved 557056K
  class space    used 16554K, committed 17408K, reserved 425984K

Heap Regions: E=young(eden), S=young(survivor), O=old, HS=humongous(starts), HC=humongous(continues), CS=collection set, F=free, OA=open archive, CA=closed archive, TAMS=top-at-mark-start (previous, next)
|   0|0x0000000080000000, 0x0000000080100000, 0x0000000080100000|100%|HS|  |TAMS 0x0000000080100000, 0x0000000080000000| Complete 
|   1|0x0000000080100000, 0x0000000080200000, 0x0000000080200000|100%|HC|  |TAMS 0x0000000080200000, 0x0000000080100000| Complete 
|   2|0x0000000080200000, 0x0000000080300000, 0x0000000080300000|100%|HC|  |TAMS 0x0000000080300000, 0x0000000080200000| Complete 
|   3|0x0000000080300000, 0x0000000080400000, 0x0000000080400000|100%| O|  |TAMS 0x0000000080400000, 0x0000000080300000| Untracked 
|   4|0x0000000080400000, 0x0000000080500000, 0x0000000080500000|100%| O|  |TAMS 0x0000000080500000, 0x0000000080400000| Untracked 
|   5|0x0000000080500000, 0x0000000080600000, 0x0000000080600000|100%| O|  |TAMS 0x0000000080600000, 0x0000000080500000| Untracked 
|   6|0x0000000080600000, 0x0000000080700000, 0x0000000080700000|100%| O|  |TAMS 0x0000000080700000, 0x0000000080600000| Untracked 
|   7|0x0000000080700000, 0x0000000080800000, 0x0000000080800000|100%|HS|  |TAMS 0x0000000080800000, 0x0000000080700000| Complete 
|   8|0x0000000080800000, 0x0000000080900000, 0x0000000080900000|100%| O|  |TAMS 0x0000000080900000, 0x0000000080800000| Untracked 
|   9|0x0000000080900000, 0x0000000080a00000, 0x0000000080a00000|100%| O|  |TAMS 0x0000000080a00000, 0x0000000080900000| Untracked 
|  10|0x0000000080a00000, 0x0000000080b00000, 0x0000000080b00000|100%| O|  |TAMS 0x0000000080b00000, 0x0000000080a00000| Untracked 
|  11|0x0000000080b00000, 0x0000000080c00000, 0x0000000080c00000|100%| O|  |TAMS 0x0000000080c00000, 0x0000000080b00000| Untracked 
|  12|0x0000000080c00000, 0x0000000080d00000, 0x0000000080d00000|100%| O|  |TAMS 0x0000000080d00000, 0x0000000080c00000| Untracked 
|  13|0x0000000080d00000, 0x0000000080e00000, 0x0000000080e00000|100%| O|  |TAMS 0x0000000080e00000, 0x0000000080d00000| Untracked 
|  14|0x0000000080e00000, 0x0000000080f00000, 0x0000000080f00000|100%| O|  |TAMS 0x0000000080f00000, 0x0000000080e00000| Untracked 
|  15|0x0000000080f00000, 0x0000000081000000, 0x0000000081000000|100%| O|  |TAMS 0x0000000081000000, 0x0000000080f00000| Untracked 
|  16|0x0000000081000000, 0x0000000081100000, 0x0000000081100000|100%| O|  |TAMS 0x0000000081100000, 0x0000000081000000| Untracked 
|  17|0x0000000081100000, 0x0000000081200000, 0x0000000081200000|100%| O|  |TAMS 0x0000000081200000, 0x0000000081100000| Untracked 
|  18|0x0000000081200000, 0x0000000081300000, 0x0000000081300000|100%| O|  |TAMS 0x0000000081300000, 0x0000000081200000| Untracked 
|  19|0x0000000081300000, 0x00000000813fdc00, 0x0000000081400000| 99%| O|  |TAMS 0x00000000813fdc00, 0x0000000081300000| Untracked 
|  20|0x0000000081400000, 0x0000000081500000, 0x0000000081500000|100%| O|  |TAMS 0x0000000081500000, 0x0000000081400000| Untracked 
|  21|0x0000000081500000, 0x0000000081600000, 0x0000000081600000|100%| O|  |TAMS 0x0000000081600000, 0x0000000081500000| Untracked 
|  22|0x0000000081600000, 0x0000000081700000, 0x0000000081700000|100%| O|  |TAMS 0x0000000081700000, 0x0000000081600000| Untracked 
|  23|0x0000000081700000, 0x0000000081800000, 0x0000000081800000|100%| O|  |TAMS 0x0000000081800000, 0x0000000081700000| Untracked 
|  24|0x0000000081800000, 0x0000000081900000, 0x0000000081900000|100%| O|  |TAMS 0x0000000081900000, 0x0000000081800000| Untracked 
|  25|0x0000000081900000, 0x0000000081a00000, 0x0000000081a00000|100%| O|  |TAMS 0x0000000081a00000, 0x0000000081900000| Untracked 
|  26|0x0000000081a00000, 0x0000000081b00000, 0x0000000081b00000|100%| O|  |TAMS 0x0000000081b00000, 0x0000000081a00000| Untracked 
|  27|0x0000000081b00000, 0x0000000081c00000, 0x0000000081c00000|100%| O|  |TAMS 0x0000000081c00000, 0x0000000081b00000| Untracked 
|  28|0x0000000081c00000, 0x0000000081d00000, 0x0000000081d00000|100%| O|  |TAMS 0x0000000081d00000, 0x0000000081c00000| Untracked 
|  29|0x0000000081d00000, 0x0000000081e00000, 0x0000000081e00000|100%| O|  |TAMS 0x0000000081e00000, 0x0000000081d00000| Untracked 
|  30|0x0000000081e00000, 0x0000000081f00000, 0x0000000081f00000|100%| O|  |TAMS 0x0000000081f00000, 0x0000000081e00000| Untracked 
|  31|0x0000000081f00000, 0x0000000082000000, 0x0000000082000000|100%| O|  |TAMS 0x0000000082000000, 0x0000000081f00000| Untracked 
|  32|0x0000000082000000, 0x0000000082100000, 0x0000000082100000|100%| O|  |TAMS 0x0000000082100000, 0x0000000082000000| Untracked 
|  33|0x0000000082100000, 0x0000000082200000, 0x0000000082200000|100%| O|  |TAMS 0x0000000082200000, 0x0000000082100000| Untracked 
|  34|0x0000000082200000, 0x0000000082300000, 0x0000000082300000|100%| O|  |TAMS 0x0000000082300000, 0x0000000082200000| Untracked 
|  35|0x0000000082300000, 0x0000000082400000, 0x0000000082400000|100%| O|  |TAMS 0x0000000082400000, 0x0000000082300000| Untracked 
|  36|0x0000000082400000, 0x0000000082500000, 0x0000000082500000|100%| O|  |TAMS 0x0000000082500000, 0x0000000082400000| Untracked 
|  37|0x0000000082500000, 0x0000000082600000, 0x0000000082600000|100%| O|  |TAMS 0x0000000082600000, 0x0000000082500000| Untracked 
|  38|0x0000000082600000, 0x0000000082700000, 0x0000000082700000|100%| O|  |TAMS 0x0000000082700000, 0x0000000082600000| Untracked 
|  39|0x0000000082700000, 0x0000000082800000, 0x0000000082800000|100%| O|  |TAMS 0x0000000082800000, 0x0000000082700000| Untracked 
|  40|0x0000000082800000, 0x0000000082900000, 0x0000000082900000|100%|HS|  |TAMS 0x0000000082900000, 0x0000000082800000| Complete 
|  41|0x0000000082900000, 0x0000000082a00000, 0x0000000082a00000|100%|HC|  |TAMS 0x0000000082a00000, 0x0000000082900000| Complete 
|  42|0x0000000082a00000, 0x0000000082b00000, 0x0000000082b00000|100%|HC|  |TAMS 0x0000000082b00000, 0x0000000082a00000| Complete 
|  43|0x0000000082b00000, 0x0000000082c00000, 0x0000000082c00000|100%|HS|  |TAMS 0x0000000082c00000, 0x0000000082b00000| Complete 
|  44|0x0000000082c00000, 0x0000000082d00000, 0x0000000082d00000|100%|HC|  |TAMS 0x0000000082d00000, 0x0000000082c00000| Complete 
|  45|0x0000000082d00000, 0x0000000082e00000, 0x0000000082e00000|100%|HC|  |TAMS 0x0000000082e00000, 0x0000000082d00000| Complete 
|  46|0x0000000082e00000, 0x0000000082f00000, 0x0000000082f00000|100%| O|  |TAMS 0x0000000082f00000, 0x0000000082e00000| Untracked 
|  47|0x0000000082f00000, 0x0000000083000000, 0x0000000083000000|100%| O|  |TAMS 0x0000000083000000, 0x0000000082f00000| Untracked 
|  48|0x0000000083000000, 0x0000000083100000, 0x0000000083100000|100%|HS|  |TAMS 0x0000000083100000, 0x0000000083000000| Complete 
|  49|0x0000000083100000, 0x0000000083200000, 0x0000000083200000|100%| O|  |TAMS 0x0000000083200000, 0x0000000083100000| Untracked 
|  50|0x0000000083200000, 0x0000000083300000, 0x0000000083300000|100%| O|  |TAMS 0x0000000083300000, 0x0000000083200000| Untracked 
|  51|0x0000000083300000, 0x0000000083400000, 0x0000000083400000|100%| O|  |TAMS 0x0000000083400000, 0x0000000083300000| Untracked 
|  52|0x0000000083400000, 0x0000000083500000, 0x0000000083500000|100%| O|  |TAMS 0x0000000083500000, 0x0000000083400000| Untracked 
|  53|0x0000000083500000, 0x0000000083600000, 0x0000000083600000|100%| O|  |TAMS 0x0000000083600000, 0x0000000083500000| Untracked 
|  54|0x0000000083600000, 0x0000000083700000, 0x0000000083700000|100%| O|  |TAMS 0x0000000083700000, 0x0000000083600000| Untracked 
|  55|0x0000000083700000, 0x0000000083800000, 0x0000000083800000|100%| O|  |TAMS 0x0000000083800000, 0x0000000083700000| Untracked 
|  56|0x0000000083800000, 0x0000000083900000, 0x0000000083900000|100%| O|  |TAMS 0x0000000083900000, 0x0000000083800000| Untracked 
|  57|0x0000000083900000, 0x0000000083a00000, 0x0000000083a00000|100%| O|  |TAMS 0x0000000083a00000, 0x0000000083900000| Untracked 
|  58|0x0000000083a00000, 0x0000000083b00000, 0x0000000083b00000|100%| O|  |TAMS 0x0000000083b00000, 0x0000000083a00000| Untracked 
|  59|0x0000000083b00000, 0x0000000083c00000, 0x0000000083c00000|100%| O|  |TAMS 0x0000000083c00000, 0x0000000083b00000| Untracked 
|  60|0x0000000083c00000, 0x0000000083d00000, 0x0000000083d00000|100%|HS|  |TAMS 0x0000000083d00000, 0x0000000083c00000| Complete 
|  61|0x0000000083d00000, 0x0000000083e00000, 0x0000000083e00000|100%| O|  |TAMS 0x0000000083e00000, 0x0000000083d00000| Untracked 
|  62|0x0000000083e00000, 0x0000000083f00000, 0x0000000083f00000|100%| O|  |TAMS 0x0000000083f00000, 0x0000000083e00000| Untracked 
|  63|0x0000000083f00000, 0x0000000084000000, 0x0000000084000000|100%| O|  |TAMS 0x0000000084000000, 0x0000000083f00000| Untracked 
|  64|0x0000000084000000, 0x0000000084100000, 0x0000000084100000|100%| O|  |TAMS 0x0000000084100000, 0x0000000084000000| Untracked 
|  65|0x0000000084100000, 0x0000000084200000, 0x0000000084200000|100%| O|  |TAMS 0x0000000084200000, 0x0000000084100000| Untracked 
|  66|0x0000000084200000, 0x0000000084300000, 0x0000000084300000|100%| O|  |TAMS 0x0000000084300000, 0x0000000084200000| Untracked 
|  67|0x0000000084300000, 0x0000000084400000, 0x0000000084400000|100%| O|  |TAMS 0x0000000084400000, 0x0000000084300000| Untracked 
|  68|0x0000000084400000, 0x0000000084500000, 0x0000000084500000|100%| O|  |TAMS 0x0000000084500000, 0x0000000084400000| Untracked 
|  69|0x0000000084500000, 0x0000000084600000, 0x0000000084600000|100%| O|  |TAMS 0x0000000084600000, 0x0000000084500000| Untracked 
|  70|0x0000000084600000, 0x0000000084700000, 0x0000000084700000|100%| O|  |TAMS 0x0000000084700000, 0x0000000084600000| Untracked 
|  71|0x0000000084700000, 0x0000000084800000, 0x0000000084800000|100%| O|  |TAMS 0x0000000084800000, 0x0000000084700000| Untracked 
|  72|0x0000000084800000, 0x0000000084900000, 0x0000000084900000|100%|HS|  |TAMS 0x0000000084900000, 0x0000000084800000| Complete 
|  73|0x0000000084900000, 0x0000000084a00000, 0x0000000084a00000|100%| O|  |TAMS 0x0000000084a00000, 0x0000000084900000| Untracked 
|  74|0x0000000084a00000, 0x0000000084b00000, 0x0000000084b00000|100%| O|  |TAMS 0x0000000084b00000, 0x0000000084a00000| Untracked 
|  75|0x0000000084b00000, 0x0000000084c00000, 0x0000000084c00000|100%|HS|  |TAMS 0x0000000084c00000, 0x0000000084b00000| Complete 
|  76|0x0000000084c00000, 0x0000000084d00000, 0x0000000084d00000|100%|HS|  |TAMS 0x0000000084d00000, 0x0000000084c00000| Complete 
|  77|0x0000000084d00000, 0x0000000084e00000, 0x0000000084e00000|100%|HS|  |TAMS 0x0000000084e00000, 0x0000000084d00000| Complete 
|  78|0x0000000084e00000, 0x0000000084f00000, 0x0000000084f00000|100%|HS|  |TAMS 0x0000000084f00000, 0x0000000084e00000| Complete 
|  79|0x0000000084f00000, 0x0000000085000000, 0x0000000085000000|100%|HS|  |TAMS 0x0000000085000000, 0x0000000084f00000| Complete 
|  80|0x0000000085000000, 0x0000000085100000, 0x0000000085100000|100%| O|  |TAMS 0x0000000085100000, 0x0000000085000000| Untracked 
|  81|0x0000000085100000, 0x0000000085200000, 0x0000000085200000|100%| O|  |TAMS 0x0000000085200000, 0x0000000085100000| Untracked 
|  82|0x0000000085200000, 0x0000000085300000, 0x0000000085300000|100%| O|  |TAMS 0x0000000085300000, 0x0000000085200000| Untracked 
|  83|0x0000000085300000, 0x0000000085400000, 0x0000000085400000|100%| O|  |TAMS 0x0000000085400000, 0x0000000085300000| Untracked 
|  84|0x0000000085400000, 0x0000000085500000, 0x0000000085500000|100%| O|  |TAMS 0x0000000085500000, 0x0000000085400000| Untracked 
|  85|0x0000000085500000, 0x0000000085600000, 0x0000000085600000|100%| O|  |TAMS 0x0000000085600000, 0x0000000085500000| Untracked 
|  86|0x0000000085600000, 0x0000000085700000, 0x0000000085700000|100%| O|  |TAMS 0x0000000085700000, 0x0000000085600000| Untracked 
|  87|0x0000000085700000, 0x0000000085800000, 0x0000000085800000|100%| O|  |TAMS 0x0000000085800000, 0x0000000085700000| Untracked 
|  88|0x0000000085800000, 0x0000000085900000, 0x0000000085900000|100%| O|  |TAMS 0x0000000085900000, 0x0000000085800000| Untracked 
|  89|0x0000000085900000, 0x0000000085a00000, 0x0000000085a00000|100%| O|  |TAMS 0x0000000085a00000, 0x0000000085900000| Untracked 
|  90|0x0000000085a00000, 0x0000000085b00000, 0x0000000085b00000|100%| O|  |TAMS 0x0000000085b00000, 0x0000000085a00000| Untracked 
|  91|0x0000000085b00000, 0x0000000085c00000, 0x0000000085c00000|100%| O|  |TAMS 0x0000000085c00000, 0x0000000085b00000| Untracked 
|  92|0x0000000085c00000, 0x0000000085d00000, 0x0000000085d00000|100%| O|  |TAMS 0x0000000085d00000, 0x0000000085c00000| Untracked 
|  93|0x0000000085d00000, 0x0000000085e00000, 0x0000000085e00000|100%| O|  |TAMS 0x0000000085e00000, 0x0000000085d00000| Untracked 
|  94|0x0000000085e00000, 0x0000000085f00000, 0x0000000085f00000|100%|HS|  |TAMS 0x0000000085f00000, 0x0000000085e00000| Complete 
|  95|0x0000000085f00000, 0x0000000086000000, 0x0000000086000000|100%| O|  |TAMS 0x0000000086000000, 0x0000000085f00000| Untracked 
|  96|0x0000000086000000, 0x0000000086100000, 0x0000000086100000|100%| O|  |TAMS 0x0000000086100000, 0x0000000086000000| Untracked 
|  97|0x0000000086100000, 0x0000000086200000, 0x0000000086200000|100%|HS|  |TAMS 0x0000000086200000, 0x0000000086100000| Complete 
|  98|0x0000000086200000, 0x0000000086300000, 0x0000000086300000|100%|HC|  |TAMS 0x0000000086300000, 0x0000000086200000| Complete 
|  99|0x0000000086300000, 0x0000000086400000, 0x0000000086400000|100%|HC|  |TAMS 0x0000000086400000, 0x0000000086300000| Complete 
| 100|0x0000000086400000, 0x0000000086500000, 0x0000000086500000|100%| O|  |TAMS 0x0000000086500000, 0x0000000086400000| Untracked 
| 101|0x0000000086500000, 0x0000000086600000, 0x0000000086600000|100%| O|  |TAMS 0x0000000086600000, 0x0000000086500000| Untracked 
| 102|0x0000000086600000, 0x0000000086700000, 0x0000000086700000|100%| O|  |TAMS 0x0000000086700000, 0x0000000086600000| Untracked 
| 103|0x0000000086700000, 0x0000000086800000, 0x0000000086800000|100%| O|  |TAMS 0x0000000086800000, 0x0000000086700000| Untracked 
| 104|0x0000000086800000, 0x0000000086900000, 0x0000000086900000|100%| O|  |TAMS 0x0000000086900000, 0x0000000086800000| Untracked 
| 105|0x0000000086900000, 0x0000000086a00000, 0x0000000086a00000|100%| O|  |TAMS 0x0000000086a00000, 0x0000000086900000| Untracked 
| 106|0x0000000086a00000, 0x0000000086b00000, 0x0000000086b00000|100%| O|  |TAMS 0x0000000086b00000, 0x0000000086a00000| Untracked 
| 107|0x0000000086b00000, 0x0000000086c00000, 0x0000000086c00000|100%| O|  |TAMS 0x0000000086c00000, 0x0000000086b00000| Untracked 
| 108|0x0000000086c00000, 0x0000000086d00000, 0x0000000086d00000|100%| O|  |TAMS 0x0000000086d00000, 0x0000000086c00000| Untracked 
| 109|0x0000000086d00000, 0x0000000086e00000, 0x0000000086e00000|100%| O|  |TAMS 0x0000000086e00000, 0x0000000086d00000| Untracked 
| 110|0x0000000086e00000, 0x0000000086f00000, 0x0000000086f00000|100%| O|  |TAMS 0x0000000086f00000, 0x0000000086e00000| Untracked 
| 111|0x0000000086f00000, 0x0000000087000000, 0x0000000087000000|100%| O|  |TAMS 0x0000000087000000, 0x0000000086f00000| Untracked 
| 112|0x0000000087000000, 0x0000000087100000, 0x0000000087100000|100%| O|  |TAMS 0x0000000087100000, 0x0000000087000000| Untracked 
| 113|0x0000000087100000, 0x0000000087200000, 0x0000000087200000|100%| O|  |TAMS 0x0000000087200000, 0x0000000087100000| Untracked 
| 114|0x0000000087200000, 0x0000000087300000, 0x0000000087300000|100%| O|  |TAMS 0x0000000087300000, 0x0000000087200000| Untracked 
| 115|0x0000000087300000, 0x0000000087400000, 0x0000000087400000|100%| O|  |TAMS 0x0000000087400000, 0x0000000087300000| Untracked 
| 116|0x0000000087400000, 0x0000000087500000, 0x0000000087500000|100%| O|  |TAMS 0x0000000087500000, 0x0000000087400000| Untracked 
| 117|0x0000000087500000, 0x0000000087600000, 0x0000000087600000|100%| O|  |TAMS 0x0000000087600000, 0x0000000087500000| Untracked 
| 118|0x0000000087600000, 0x0000000087700000, 0x0000000087700000|100%| O|  |TAMS 0x0000000087700000, 0x0000000087600000| Untracked 
| 119|0x0000000087700000, 0x0000000087800000, 0x0000000087800000|100%| O|  |TAMS 0x0000000087800000, 0x0000000087700000| Untracked 
| 120|0x0000000087800000, 0x0000000087900000, 0x0000000087900000|100%| O|  |TAMS 0x0000000087900000, 0x0000000087800000| Untracked 
| 121|0x0000000087900000, 0x0000000087a00000, 0x0000000087a00000|100%| O|  |TAMS 0x0000000087a00000, 0x0000000087900000| Untracked 
| 122|0x0000000087a00000, 0x0000000087b00000, 0x0000000087b00000|100%| O|  |TAMS 0x0000000087b00000, 0x0000000087a00000| Untracked 
| 123|0x0000000087b00000, 0x0000000087c00000, 0x0000000087c00000|100%| O|  |TAMS 0x0000000087c00000, 0x0000000087b00000| Untracked 
| 124|0x0000000087c00000, 0x0000000087d00000, 0x0000000087d00000|100%| O|  |TAMS 0x0000000087d00000, 0x0000000087c00000| Untracked 
| 125|0x0000000087d00000, 0x0000000087e00000, 0x0000000087e00000|100%| O|  |TAMS 0x0000000087e00000, 0x0000000087d00000| Untracked 
| 126|0x0000000087e00000, 0x0000000087f00000, 0x0000000087f00000|100%| O|  |TAMS 0x0000000087f00000, 0x0000000087e00000| Untracked 
| 127|0x0000000087f00000, 0x0000000088000000, 0x0000000088000000|100%| O|  |TAMS 0x0000000088000000, 0x0000000087f00000| Untracked 
| 128|0x0000000088000000, 0x0000000088100000, 0x0000000088100000|100%| O|  |TAMS 0x0000000088100000, 0x0000000088000000| Untracked 
| 129|0x0000000088100000, 0x0000000088200000, 0x0000000088200000|100%|HS|  |TAMS 0x0000000088200000, 0x0000000088100000| Complete 
| 130|0x0000000088200000, 0x0000000088300000, 0x0000000088300000|100%|HS|  |TAMS 0x0000000088300000, 0x0000000088200000| Complete 
| 131|0x0000000088300000, 0x0000000088400000, 0x0000000088400000|100%| O|  |TAMS 0x0000000088400000, 0x0000000088300000| Untracked 
| 132|0x0000000088400000, 0x0000000088500000, 0x0000000088500000|100%|HS|  |TAMS 0x0000000088500000, 0x0000000088400000| Complete 
| 133|0x0000000088500000, 0x0000000088600000, 0x0000000088600000|100%|HC|  |TAMS 0x0000000088600000, 0x0000000088500000| Complete 
| 134|0x0000000088600000, 0x0000000088700000, 0x0000000088700000|100%| O|  |TAMS 0x0000000088700000, 0x0000000088600000| Untracked 
| 135|0x0000000088700000, 0x0000000088800000, 0x0000000088800000|100%| O|  |TAMS 0x0000000088800000, 0x0000000088700000| Untracked 
| 136|0x0000000088800000, 0x0000000088900000, 0x0000000088900000|100%| O|  |TAMS 0x0000000088900000, 0x0000000088800000| Untracked 
| 137|0x0000000088900000, 0x0000000088a00000, 0x0000000088a00000|100%| O|  |TAMS 0x0000000088a00000, 0x0000000088900000| Untracked 
| 138|0x0000000088a00000, 0x0000000088b00000, 0x0000000088b00000|100%| O|  |TAMS 0x0000000088b00000, 0x0000000088a00000| Untracked 
| 139|0x0000000088b00000, 0x0000000088c00000, 0x0000000088c00000|100%| O|  |TAMS 0x0000000088c00000, 0x0000000088b00000| Untracked 
| 140|0x0000000088c00000, 0x0000000088d00000, 0x0000000088d00000|100%| O|  |TAMS 0x0000000088d00000, 0x0000000088c00000| Untracked 
| 141|0x0000000088d00000, 0x0000000088e00000, 0x0000000088e00000|100%| O|  |TAMS 0x0000000088e00000, 0x0000000088d00000| Untracked 
| 142|0x0000000088e00000, 0x0000000088f00000, 0x0000000088f00000|100%| O|  |TAMS 0x0000000088f00000, 0x0000000088e00000| Untracked 
| 143|0x0000000088f00000, 0x0000000089000000, 0x0000000089000000|100%| O|  |TAMS 0x0000000089000000, 0x0000000088f00000| Untracked 
| 144|0x0000000089000000, 0x0000000089100000, 0x0000000089100000|100%| O|  |TAMS 0x0000000089100000, 0x0000000089000000| Untracked 
| 145|0x0000000089100000, 0x0000000089200000, 0x0000000089200000|100%| O|  |TAMS 0x0000000089200000, 0x0000000089100000| Untracked 
| 146|0x0000000089200000, 0x0000000089300000, 0x0000000089300000|100%| O|  |TAMS 0x0000000089300000, 0x0000000089200000| Untracked 
| 147|0x0000000089300000, 0x0000000089400000, 0x0000000089400000|100%| O|  |TAMS 0x0000000089400000, 0x0000000089300000| Untracked 
| 148|0x0000000089400000, 0x0000000089500000, 0x0000000089500000|100%| O|  |TAMS 0x0000000089500000, 0x0000000089400000| Untracked 
| 149|0x0000000089500000, 0x0000000089600000, 0x0000000089600000|100%| O|  |TAMS 0x0000000089600000, 0x0000000089500000| Untracked 
| 150|0x0000000089600000, 0x0000000089700000, 0x0000000089700000|100%| O|  |TAMS 0x0000000089700000, 0x0000000089600000| Untracked 
| 151|0x0000000089700000, 0x0000000089700000, 0x0000000089800000|  0%| F|  |TAMS 0x0000000089700000, 0x0000000089700000| Untracked 
| 152|0x0000000089800000, 0x0000000089800000, 0x0000000089900000|  0%| F|  |TAMS 0x0000000089800000, 0x0000000089800000| Untracked 
| 153|0x0000000089900000, 0x0000000089900000, 0x0000000089a00000|  0%| F|  |TAMS 0x0000000089900000, 0x0000000089900000| Untracked 
| 154|0x0000000089a00000, 0x0000000089b00000, 0x0000000089b00000|100%| O|  |TAMS 0x0000000089b00000, 0x0000000089a00000| Untracked 
| 155|0x0000000089b00000, 0x0000000089c00000, 0x0000000089c00000|100%|HS|  |TAMS 0x0000000089c00000, 0x0000000089b00000| Complete 
| 156|0x0000000089c00000, 0x0000000089d00000, 0x0000000089d00000|100%|HS|  |TAMS 0x0000000089d00000, 0x0000000089c00000| Complete 
| 157|0x0000000089d00000, 0x0000000089e00000, 0x0000000089e00000|100%|HS|  |TAMS 0x0000000089e00000, 0x0000000089d00000| Complete 
| 158|0x0000000089e00000, 0x0000000089f00000, 0x0000000089f00000|100%| O|  |TAMS 0x0000000089f00000, 0x0000000089e00000| Untracked 
| 159|0x0000000089f00000, 0x000000008a000000, 0x000000008a000000|100%| O|  |TAMS 0x000000008a000000, 0x0000000089f00000| Untracked 
| 160|0x000000008a000000, 0x000000008a100000, 0x000000008a100000|100%| O|  |TAMS 0x000000008a100000, 0x000000008a000000| Untracked 
| 161|0x000000008a100000, 0x000000008a200000, 0x000000008a200000|100%| O|  |TAMS 0x000000008a200000, 0x000000008a100000| Untracked 
| 162|0x000000008a200000, 0x000000008a300000, 0x000000008a300000|100%| O|  |TAMS 0x000000008a300000, 0x000000008a200000| Untracked 
| 163|0x000000008a300000, 0x000000008a400000, 0x000000008a400000|100%| O|  |TAMS 0x000000008a400000, 0x000000008a300000| Untracked 
| 164|0x000000008a400000, 0x000000008a500000, 0x000000008a500000|100%| O|  |TAMS 0x000000008a500000, 0x000000008a400000| Untracked 
| 165|0x000000008a500000, 0x000000008a600000, 0x000000008a600000|100%| O|  |TAMS 0x000000008a600000, 0x000000008a500000| Untracked 
| 166|0x000000008a600000, 0x000000008a700000, 0x000000008a700000|100%| O|  |TAMS 0x000000008a700000, 0x000000008a600000| Untracked 
| 167|0x000000008a700000, 0x000000008a800000, 0x000000008a800000|100%| O|  |TAMS 0x000000008a800000, 0x000000008a700000| Untracked 
| 168|0x000000008a800000, 0x000000008a900000, 0x000000008a900000|100%| O|  |TAMS 0x000000008a900000, 0x000000008a800000| Untracked 
| 169|0x000000008a900000, 0x000000008aa00000, 0x000000008aa00000|100%| O|  |TAMS 0x000000008aa00000, 0x000000008a900000| Untracked 
| 170|0x000000008aa00000, 0x000000008ab00000, 0x000000008ab00000|100%| O|  |TAMS 0x000000008ab00000, 0x000000008aa00000| Untracked 
| 171|0x000000008ab00000, 0x000000008ac00000, 0x000000008ac00000|100%| O|  |TAMS 0x000000008ac00000, 0x000000008ab00000| Untracked 
| 172|0x000000008ac00000, 0x000000008ad00000, 0x000000008ad00000|100%| O|  |TAMS 0x000000008ad00000, 0x000000008ac00000| Untracked 
| 173|0x000000008ad00000, 0x000000008ae00000, 0x000000008ae00000|100%| O|  |TAMS 0x000000008ae00000, 0x000000008ad00000| Untracked 
| 174|0x000000008ae00000, 0x000000008ae00000, 0x000000008af00000|  0%| F|  |TAMS 0x000000008ae00000, 0x000000008ae00000| Untracked 
| 175|0x000000008af00000, 0x000000008b000000, 0x000000008b000000|100%| O|  |TAMS 0x000000008b000000, 0x000000008af00000| Untracked 
| 176|0x000000008b000000, 0x000000008b100000, 0x000000008b100000|100%| O|  |TAMS 0x000000008b100000, 0x000000008b000000| Untracked 
| 177|0x000000008b100000, 0x000000008b200000, 0x000000008b200000|100%| O|  |TAMS 0x000000008b200000, 0x000000008b100000| Untracked 
| 178|0x000000008b200000, 0x000000008b300000, 0x000000008b300000|100%| O|  |TAMS 0x000000008b300000, 0x000000008b200000| Untracked 
| 179|0x000000008b300000, 0x000000008b400000, 0x000000008b400000|100%| O|  |TAMS 0x000000008b400000, 0x000000008b300000| Untracked 
| 180|0x000000008b400000, 0x000000008b500000, 0x000000008b500000|100%| O|  |TAMS 0x000000008b500000, 0x000000008b400000| Untracked 
| 181|0x000000008b500000, 0x000000008b600000, 0x000000008b600000|100%| O|  |TAMS 0x000000008b600000, 0x000000008b500000| Untracked 
| 182|0x000000008b600000, 0x000000008b700000, 0x000000008b700000|100%| O|  |TAMS 0x000000008b700000, 0x000000008b600000| Untracked 
| 183|0x000000008b700000, 0x000000008b800000, 0x000000008b800000|100%| O|  |TAMS 0x000000008b800000, 0x000000008b700000| Untracked 
| 184|0x000000008b800000, 0x000000008b900000, 0x000000008b900000|100%| O|  |TAMS 0x000000008b900000, 0x000000008b800000| Untracked 
| 185|0x000000008b900000, 0x000000008ba00000, 0x000000008ba00000|100%| O|  |TAMS 0x000000008ba00000, 0x000000008b900000| Untracked 
| 186|0x000000008ba00000, 0x000000008bb00000, 0x000000008bb00000|100%| O|  |TAMS 0x000000008bb00000, 0x000000008ba00000| Untracked 
| 187|0x000000008bb00000, 0x000000008bb00000, 0x000000008bc00000|  0%| F|  |TAMS 0x000000008bb00000, 0x000000008bb00000| Untracked 
| 188|0x000000008bc00000, 0x000000008bd00000, 0x000000008bd00000|100%| O|  |TAMS 0x000000008bd00000, 0x000000008bc00000| Untracked 
| 189|0x000000008bd00000, 0x000000008be00000, 0x000000008be00000|100%| O|  |TAMS 0x000000008be00000, 0x000000008bd00000| Untracked 
| 190|0x000000008be00000, 0x000000008bf00000, 0x000000008bf00000|100%| O|  |TAMS 0x000000008bf00000, 0x000000008be00000| Untracked 
| 191|0x000000008bf00000, 0x000000008c000000, 0x000000008c000000|100%| O|  |TAMS 0x000000008c000000, 0x000000008bf00000| Untracked 
| 192|0x000000008c000000, 0x000000008c100000, 0x000000008c100000|100%| O|  |TAMS 0x000000008c100000, 0x000000008c000000| Untracked 
| 193|0x000000008c100000, 0x000000008c200000, 0x000000008c200000|100%| O|  |TAMS 0x000000008c200000, 0x000000008c100000| Untracked 
| 194|0x000000008c200000, 0x000000008c300000, 0x000000008c300000|100%| O|  |TAMS 0x000000008c300000, 0x000000008c200000| Untracked 
| 195|0x000000008c300000, 0x000000008c400000, 0x000000008c400000|100%| O|  |TAMS 0x000000008c400000, 0x000000008c300000| Untracked 
| 196|0x000000008c400000, 0x000000008c500000, 0x000000008c500000|100%| O|  |TAMS 0x000000008c500000, 0x000000008c400000| Untracked 
| 197|0x000000008c500000, 0x000000008c600000, 0x000000008c600000|100%| O|  |TAMS 0x000000008c600000, 0x000000008c500000| Untracked 
| 198|0x000000008c600000, 0x000000008c700000, 0x000000008c700000|100%| O|  |TAMS 0x000000008c700000, 0x000000008c600000| Untracked 
| 199|0x000000008c700000, 0x000000008c800000, 0x000000008c800000|100%| O|  |TAMS 0x000000008c800000, 0x000000008c700000| Untracked 
| 200|0x000000008c800000, 0x000000008c900000, 0x000000008c900000|100%| O|  |TAMS 0x000000008c900000, 0x000000008c800000| Untracked 
| 201|0x000000008c900000, 0x000000008ca00000, 0x000000008ca00000|100%| O|  |TAMS 0x000000008ca00000, 0x000000008c900000| Untracked 
| 202|0x000000008ca00000, 0x000000008cb00000, 0x000000008cb00000|100%| O|  |TAMS 0x000000008cb00000, 0x000000008ca00000| Untracked 
| 203|0x000000008cb00000, 0x000000008cc00000, 0x000000008cc00000|100%| O|  |TAMS 0x000000008cc00000, 0x000000008cb00000| Untracked 
| 204|0x000000008cc00000, 0x000000008cd00000, 0x000000008cd00000|100%|HS|  |TAMS 0x000000008cd00000, 0x000000008cc00000| Complete 
| 205|0x000000008cd00000, 0x000000008ce00000, 0x000000008ce00000|100%|HC|  |TAMS 0x000000008ce00000, 0x000000008cd00000| Complete 
| 206|0x000000008ce00000, 0x000000008cf00000, 0x000000008cf00000|100%| O|  |TAMS 0x000000008cf00000, 0x000000008ce00000| Untracked 
| 207|0x000000008cf00000, 0x000000008d000000, 0x000000008d000000|100%| O|  |TAMS 0x000000008d000000, 0x000000008cf00000| Untracked 
| 208|0x000000008d000000, 0x000000008d100000, 0x000000008d100000|100%| O|  |TAMS 0x000000008d100000, 0x000000008d000000| Untracked 
| 209|0x000000008d100000, 0x000000008d200000, 0x000000008d200000|100%| O|  |TAMS 0x000000008d200000, 0x000000008d100000| Untracked 
| 210|0x000000008d200000, 0x000000008d300000, 0x000000008d300000|100%| O|  |TAMS 0x000000008d300000, 0x000000008d200000| Untracked 
| 211|0x000000008d300000, 0x000000008d400000, 0x000000008d400000|100%| O|  |TAMS 0x000000008d400000, 0x000000008d300000| Untracked 
| 212|0x000000008d400000, 0x000000008d500000, 0x000000008d500000|100%| O|  |TAMS 0x000000008d500000, 0x000000008d400000| Untracked 
| 213|0x000000008d500000, 0x000000008d600000, 0x000000008d600000|100%| O|  |TAMS 0x000000008d600000, 0x000000008d500000| Untracked 
| 214|0x000000008d600000, 0x000000008d700000, 0x000000008d700000|100%| O|  |TAMS 0x000000008d700000, 0x000000008d600000| Untracked 
| 215|0x000000008d700000, 0x000000008d800000, 0x000000008d800000|100%| O|  |TAMS 0x000000008d800000, 0x000000008d700000| Untracked 
| 216|0x000000008d800000, 0x000000008d900000, 0x000000008d900000|100%| O|  |TAMS 0x000000008d900000, 0x000000008d800000| Untracked 
| 217|0x000000008d900000, 0x000000008da00000, 0x000000008da00000|100%| O|  |TAMS 0x000000008da00000, 0x000000008d900000| Untracked 
| 218|0x000000008da00000, 0x000000008db00000, 0x000000008db00000|100%| O|  |TAMS 0x000000008db00000, 0x000000008da00000| Untracked 
| 219|0x000000008db00000, 0x000000008dc00000, 0x000000008dc00000|100%| O|  |TAMS 0x000000008dc00000, 0x000000008db00000| Untracked 
| 220|0x000000008dc00000, 0x000000008dd00000, 0x000000008dd00000|100%| O|  |TAMS 0x000000008dd00000, 0x000000008dc00000| Untracked 
| 221|0x000000008dd00000, 0x000000008de00000, 0x000000008de00000|100%| O|  |TAMS 0x000000008de00000, 0x000000008dd00000| Untracked 
| 222|0x000000008de00000, 0x000000008df00000, 0x000000008df00000|100%| O|  |TAMS 0x000000008df00000, 0x000000008de00000| Untracked 
| 223|0x000000008df00000, 0x000000008e000000, 0x000000008e000000|100%| O|  |TAMS 0x000000008e000000, 0x000000008df00000| Untracked 
| 224|0x000000008e000000, 0x000000008e000000, 0x000000008e100000|  0%| F|  |TAMS 0x000000008e000000, 0x000000008e000000| Untracked 
| 225|0x000000008e100000, 0x000000008e100000, 0x000000008e200000|  0%| F|  |TAMS 0x000000008e100000, 0x000000008e100000| Untracked 
| 226|0x000000008e200000, 0x000000008e300000, 0x000000008e300000|100%| O|  |TAMS 0x000000008e300000, 0x000000008e200000| Untracked 
| 227|0x000000008e300000, 0x000000008e400000, 0x000000008e400000|100%| O|  |TAMS 0x000000008e400000, 0x000000008e300000| Untracked 
| 228|0x000000008e400000, 0x000000008e500000, 0x000000008e500000|100%| O|  |TAMS 0x000000008e500000, 0x000000008e400000| Untracked 
| 229|0x000000008e500000, 0x000000008e600000, 0x000000008e600000|100%| O|  |TAMS 0x000000008e600000, 0x000000008e500000| Untracked 
| 230|0x000000008e600000, 0x000000008e700000, 0x000000008e700000|100%| O|  |TAMS 0x000000008e700000, 0x000000008e600000| Untracked 
| 231|0x000000008e700000, 0x000000008e800000, 0x000000008e800000|100%| O|  |TAMS 0x000000008e800000, 0x000000008e700000| Untracked 
| 232|0x000000008e800000, 0x000000008e900000, 0x000000008e900000|100%| O|  |TAMS 0x000000008e900000, 0x000000008e800000| Untracked 
| 233|0x000000008e900000, 0x000000008ea00000, 0x000000008ea00000|100%| O|  |TAMS 0x000000008ea00000, 0x000000008e900000| Untracked 
| 234|0x000000008ea00000, 0x000000008eb00000, 0x000000008eb00000|100%| O|  |TAMS 0x000000008eb00000, 0x000000008ea00000| Untracked 
| 235|0x000000008eb00000, 0x000000008ec00000, 0x000000008ec00000|100%| O|  |TAMS 0x000000008ec00000, 0x000000008eb00000| Untracked 
| 236|0x000000008ec00000, 0x000000008ed00000, 0x000000008ed00000|100%| O|  |TAMS 0x000000008ed00000, 0x000000008ec00000| Untracked 
| 237|0x000000008ed00000, 0x000000008ed00000, 0x000000008ee00000|  0%| F|  |TAMS 0x000000008ed00000, 0x000000008ed00000| Untracked 
| 238|0x000000008ee00000, 0x000000008ef00000, 0x000000008ef00000|100%| O|  |TAMS 0x000000008ef00000, 0x000000008ee00000| Untracked 
| 239|0x000000008ef00000, 0x000000008f000000, 0x000000008f000000|100%| O|  |TAMS 0x000000008f000000, 0x000000008ef00000| Untracked 
| 240|0x000000008f000000, 0x000000008f100000, 0x000000008f100000|100%| O|  |TAMS 0x000000008f000000, 0x000000008f000000| Untracked 
| 241|0x000000008f100000, 0x000000008f200000, 0x000000008f200000|100%| O|  |TAMS 0x000000008f100000, 0x000000008f100000| Untracked 
| 242|0x000000008f200000, 0x000000008f300000, 0x000000008f300000|100%| O|  |TAMS 0x000000008f200000, 0x000000008f200000| Untracked 
| 243|0x000000008f300000, 0x000000008f400000, 0x000000008f400000|100%| O|  |TAMS 0x000000008f300000, 0x000000008f300000| Untracked 
| 244|0x000000008f400000, 0x000000008f500000, 0x000000008f500000|100%| O|  |TAMS 0x000000008f400000, 0x000000008f400000| Untracked 
| 245|0x000000008f500000, 0x000000008f600000, 0x000000008f600000|100%| O|  |TAMS 0x000000008f500000, 0x000000008f500000| Untracked 
| 246|0x000000008f600000, 0x000000008f700000, 0x000000008f700000|100%| O|  |TAMS 0x000000008f600000, 0x000000008f600000| Untracked 
| 247|0x000000008f700000, 0x000000008f800000, 0x000000008f800000|100%| O|  |TAMS 0x000000008f700000, 0x000000008f700000| Untracked 
| 248|0x000000008f800000, 0x000000008f900000, 0x000000008f900000|100%| O|  |TAMS 0x000000008f800000, 0x000000008f800000| Untracked 
| 249|0x000000008f900000, 0x000000008fa00000, 0x000000008fa00000|100%| O|  |TAMS 0x000000008fa00000, 0x000000008f900000| Untracked 
| 250|0x000000008fa00000, 0x000000008fa00000, 0x000000008fb00000|  0%| F|  |TAMS 0x000000008fa00000, 0x000000008fa00000| Untracked 
| 251|0x000000008fb00000, 0x000000008fc00000, 0x000000008fc00000|100%| O|  |TAMS 0x000000008fb00000, 0x000000008fb00000| Untracked 
| 252|0x000000008fc00000, 0x000000008fd00000, 0x000000008fd00000|100%| O|  |TAMS 0x000000008fc00000, 0x000000008fc00000| Untracked 
| 253|0x000000008fd00000, 0x000000008fe00000, 0x000000008fe00000|100%| O|  |TAMS 0x000000008fd00000, 0x000000008fd00000| Untracked 
| 254|0x000000008fe00000, 0x000000008ff00000, 0x000000008ff00000|100%| O|  |TAMS 0x000000008fe00000, 0x000000008fe00000| Untracked 
| 255|0x000000008ff00000, 0x0000000090000000, 0x0000000090000000|100%| O|  |TAMS 0x000000008ff00000, 0x000000008ff00000| Untracked 
| 256|0x0000000090000000, 0x00000000900f0e00, 0x0000000090100000| 94%| O|  |TAMS 0x0000000090000000, 0x0000000090000000| Untracked 
| 257|0x0000000090100000, 0x0000000090100000, 0x0000000090200000|  0%| F|  |TAMS 0x0000000090100000, 0x0000000090100000| Untracked 
| 258|0x0000000090200000, 0x0000000090200000, 0x0000000090300000|  0%| F|  |TAMS 0x0000000090200000, 0x0000000090200000| Untracked 
| 259|0x0000000090300000, 0x0000000090300000, 0x0000000090400000|  0%| F|  |TAMS 0x0000000090300000, 0x0000000090300000| Untracked 
| 260|0x0000000090400000, 0x0000000090400000, 0x0000000090500000|  0%| F|  |TAMS 0x0000000090400000, 0x0000000090400000| Untracked 
| 261|0x0000000090500000, 0x0000000090500000, 0x0000000090600000|  0%| F|  |TAMS 0x0000000090500000, 0x0000000090500000| Untracked 
| 262|0x0000000090600000, 0x0000000090600000, 0x0000000090700000|  0%| F|  |TAMS 0x0000000090600000, 0x0000000090600000| Untracked 
| 263|0x0000000090700000, 0x0000000090700000, 0x0000000090800000|  0%| F|  |TAMS 0x0000000090700000, 0x0000000090700000| Untracked 
| 264|0x0000000090800000, 0x0000000090800000, 0x0000000090900000|  0%| F|  |TAMS 0x0000000090800000, 0x0000000090800000| Untracked 
| 265|0x0000000090900000, 0x0000000090900000, 0x0000000090a00000|  0%| F|  |TAMS 0x0000000090900000, 0x0000000090900000| Untracked 
| 266|0x0000000090a00000, 0x0000000090a00000, 0x0000000090b00000|  0%| F|  |TAMS 0x0000000090a00000, 0x0000000090a00000| Untracked 
| 267|0x0000000090b00000, 0x0000000090b00000, 0x0000000090c00000|  0%| F|  |TAMS 0x0000000090b00000, 0x0000000090b00000| Untracked 
| 268|0x0000000090c00000, 0x0000000090c00000, 0x0000000090d00000|  0%| F|  |TAMS 0x0000000090c00000, 0x0000000090c00000| Untracked 
| 269|0x0000000090d00000, 0x0000000090d00000, 0x0000000090e00000|  0%| F|  |TAMS 0x0000000090d00000, 0x0000000090d00000| Untracked 
| 270|0x0000000090e00000, 0x0000000090e00000, 0x0000000090f00000|  0%| F|  |TAMS 0x0000000090e00000, 0x0000000090e00000| Untracked 
| 271|0x0000000090f00000, 0x0000000090f00000, 0x0000000091000000|  0%| F|  |TAMS 0x0000000090f00000, 0x0000000090f00000| Untracked 
| 272|0x0000000091000000, 0x0000000091000000, 0x0000000091100000|  0%| F|  |TAMS 0x0000000091000000, 0x0000000091000000| Untracked 
| 273|0x0000000091100000, 0x0000000091100000, 0x0000000091200000|  0%| F|  |TAMS 0x0000000091100000, 0x0000000091100000| Untracked 
| 274|0x0000000091200000, 0x0000000091200000, 0x0000000091300000|  0%| F|  |TAMS 0x0000000091200000, 0x0000000091200000| Untracked 
| 275|0x0000000091300000, 0x0000000091300000, 0x0000000091400000|  0%| F|  |TAMS 0x0000000091300000, 0x0000000091300000| Untracked 
| 276|0x0000000091400000, 0x0000000091400000, 0x0000000091500000|  0%| F|  |TAMS 0x0000000091400000, 0x0000000091400000| Untracked 
| 277|0x0000000091500000, 0x0000000091500000, 0x0000000091600000|  0%| F|  |TAMS 0x0000000091500000, 0x0000000091500000| Untracked 
| 278|0x0000000091600000, 0x0000000091600000, 0x0000000091700000|  0%| F|  |TAMS 0x0000000091600000, 0x0000000091600000| Untracked 
| 279|0x0000000091700000, 0x0000000091700000, 0x0000000091800000|  0%| F|  |TAMS 0x0000000091700000, 0x0000000091700000| Untracked 
| 280|0x0000000091800000, 0x0000000091800000, 0x0000000091900000|  0%| F|  |TAMS 0x0000000091800000, 0x0000000091800000| Untracked 
| 281|0x0000000091900000, 0x0000000091900000, 0x0000000091a00000|  0%| F|  |TAMS 0x0000000091900000, 0x0000000091900000| Untracked 
| 282|0x0000000091a00000, 0x0000000091a00000, 0x0000000091b00000|  0%| F|  |TAMS 0x0000000091a00000, 0x0000000091a00000| Untracked 
| 283|0x0000000091b00000, 0x0000000091b00000, 0x0000000091c00000|  0%| F|  |TAMS 0x0000000091b00000, 0x0000000091b00000| Untracked 
| 284|0x0000000091c00000, 0x0000000091c00000, 0x0000000091d00000|  0%| F|  |TAMS 0x0000000091c00000, 0x0000000091c00000| Untracked 
| 285|0x0000000091d00000, 0x0000000091d00000, 0x0000000091e00000|  0%| F|  |TAMS 0x0000000091d00000, 0x0000000091d00000| Untracked 
| 286|0x0000000091e00000, 0x0000000091e00000, 0x0000000091f00000|  0%| F|  |TAMS 0x0000000091e00000, 0x0000000091e00000| Untracked 
| 287|0x0000000091f00000, 0x0000000091f00000, 0x0000000092000000|  0%| F|  |TAMS 0x0000000091f00000, 0x0000000091f00000| Untracked 
| 288|0x0000000092000000, 0x0000000092000000, 0x0000000092100000|  0%| F|  |TAMS 0x0000000092000000, 0x0000000092000000| Untracked 
| 289|0x0000000092100000, 0x0000000092100000, 0x0000000092200000|  0%| F|  |TAMS 0x0000000092100000, 0x0000000092100000| Untracked 
| 290|0x0000000092200000, 0x0000000092200000, 0x0000000092300000|  0%| F|  |TAMS 0x0000000092200000, 0x0000000092200000| Untracked 
| 291|0x0000000092300000, 0x0000000092300000, 0x0000000092400000|  0%| F|  |TAMS 0x0000000092300000, 0x0000000092300000| Untracked 
| 292|0x0000000092400000, 0x0000000092400000, 0x0000000092500000|  0%| F|  |TAMS 0x0000000092400000, 0x0000000092400000| Untracked 
| 293|0x0000000092500000, 0x0000000092500000, 0x0000000092600000|  0%| F|  |TAMS 0x0000000092500000, 0x0000000092500000| Untracked 
| 294|0x0000000092600000, 0x0000000092600000, 0x0000000092700000|  0%| F|  |TAMS 0x0000000092600000, 0x0000000092600000| Untracked 
| 295|0x0000000092700000, 0x0000000092700000, 0x0000000092800000|  0%| F|  |TAMS 0x0000000092700000, 0x0000000092700000| Untracked 
| 296|0x0000000092800000, 0x0000000092800000, 0x0000000092900000|  0%| F|  |TAMS 0x0000000092800000, 0x0000000092800000| Untracked 
| 297|0x0000000092900000, 0x0000000092900000, 0x0000000092a00000|  0%| F|  |TAMS 0x0000000092900000, 0x0000000092900000| Untracked 
| 298|0x0000000092a00000, 0x0000000092a00000, 0x0000000092b00000|  0%| F|  |TAMS 0x0000000092a00000, 0x0000000092a00000| Untracked 
| 299|0x0000000092b00000, 0x0000000092b00000, 0x0000000092c00000|  0%| F|  |TAMS 0x0000000092b00000, 0x0000000092b00000| Untracked 
| 300|0x0000000092c00000, 0x0000000092c00000, 0x0000000092d00000|  0%| F|  |TAMS 0x0000000092c00000, 0x0000000092c00000| Untracked 
| 301|0x0000000092d00000, 0x0000000092d00000, 0x0000000092e00000|  0%| F|  |TAMS 0x0000000092d00000, 0x0000000092d00000| Untracked 
| 302|0x0000000092e00000, 0x0000000092e00000, 0x0000000092f00000|  0%| F|  |TAMS 0x0000000092e00000, 0x0000000092e00000| Untracked 
| 303|0x0000000092f00000, 0x0000000092f00000, 0x0000000093000000|  0%| F|  |TAMS 0x0000000092f00000, 0x0000000092f00000| Untracked 
| 304|0x0000000093000000, 0x0000000093000000, 0x0000000093100000|  0%| F|  |TAMS 0x0000000093000000, 0x0000000093000000| Untracked 
| 305|0x0000000093100000, 0x0000000093100000, 0x0000000093200000|  0%| F|  |TAMS 0x0000000093100000, 0x0000000093100000| Untracked 
| 306|0x0000000093200000, 0x0000000093200000, 0x0000000093300000|  0%| F|  |TAMS 0x0000000093200000, 0x0000000093200000| Untracked 
| 307|0x0000000093300000, 0x0000000093300000, 0x0000000093400000|  0%| F|  |TAMS 0x0000000093300000, 0x0000000093300000| Untracked 
| 308|0x0000000093400000, 0x0000000093400000, 0x0000000093500000|  0%| F|  |TAMS 0x0000000093400000, 0x0000000093400000| Untracked 
| 309|0x0000000093500000, 0x0000000093500000, 0x0000000093600000|  0%| F|  |TAMS 0x0000000093500000, 0x0000000093500000| Untracked 
| 310|0x0000000093600000, 0x0000000093600000, 0x0000000093700000|  0%| F|  |TAMS 0x0000000093600000, 0x0000000093600000| Untracked 
| 311|0x0000000093700000, 0x0000000093700000, 0x0000000093800000|  0%| F|  |TAMS 0x0000000093700000, 0x0000000093700000| Untracked 
| 312|0x0000000093800000, 0x0000000093800000, 0x0000000093900000|  0%| F|  |TAMS 0x0000000093800000, 0x0000000093800000| Untracked 
| 313|0x0000000093900000, 0x0000000093900000, 0x0000000093a00000|  0%| F|  |TAMS 0x0000000093900000, 0x0000000093900000| Untracked 
| 314|0x0000000093a00000, 0x0000000093a00000, 0x0000000093b00000|  0%| F|  |TAMS 0x0000000093a00000, 0x0000000093a00000| Untracked 
| 315|0x0000000093b00000, 0x0000000093b1d568, 0x0000000093c00000| 11%| S|CS|TAMS 0x0000000093b00000, 0x0000000093b00000| Complete 
| 316|0x0000000093c00000, 0x0000000093d00000, 0x0000000093d00000|100%| S|CS|TAMS 0x0000000093c00000, 0x0000000093c00000| Complete 
| 317|0x0000000093d00000, 0x0000000093e00000, 0x0000000093e00000|100%| S|CS|TAMS 0x0000000093d00000, 0x0000000093d00000| Complete 
| 318|0x0000000093e00000, 0x0000000093f00000, 0x0000000093f00000|100%| S|CS|TAMS 0x0000000093e00000, 0x0000000093e00000| Complete 
| 319|0x0000000093f00000, 0x0000000094000000, 0x0000000094000000|100%| S|CS|TAMS 0x0000000093f00000, 0x0000000093f00000| Complete 
| 320|0x0000000094000000, 0x0000000094000000, 0x0000000094100000|  0%| F|  |TAMS 0x0000000094000000, 0x0000000094000000| Untracked 
| 321|0x0000000094100000, 0x0000000094100000, 0x0000000094200000|  0%| F|  |TAMS 0x0000000094100000, 0x0000000094100000| Untracked 
| 322|0x0000000094200000, 0x0000000094200000, 0x0000000094300000|  0%| F|  |TAMS 0x0000000094200000, 0x0000000094200000| Untracked 
| 323|0x0000000094300000, 0x0000000094300000, 0x0000000094400000|  0%| F|  |TAMS 0x0000000094300000, 0x0000000094300000| Untracked 
| 324|0x0000000094400000, 0x0000000094400000, 0x0000000094500000|  0%| F|  |TAMS 0x0000000094400000, 0x0000000094400000| Untracked 
| 325|0x0000000094500000, 0x0000000094500000, 0x0000000094600000|  0%| F|  |TAMS 0x0000000094500000, 0x0000000094500000| Untracked 
| 326|0x0000000094600000, 0x0000000094600000, 0x0000000094700000|  0%| F|  |TAMS 0x0000000094600000, 0x0000000094600000| Untracked 
| 327|0x0000000094700000, 0x0000000094700000, 0x0000000094800000|  0%| F|  |TAMS 0x0000000094700000, 0x0000000094700000| Untracked 
| 328|0x0000000094800000, 0x0000000094800000, 0x0000000094900000|  0%| F|  |TAMS 0x0000000094800000, 0x0000000094800000| Untracked 
| 329|0x0000000094900000, 0x0000000094900000, 0x0000000094a00000|  0%| F|  |TAMS 0x0000000094900000, 0x0000000094900000| Untracked 
| 330|0x0000000094a00000, 0x0000000094a00000, 0x0000000094b00000|  0%| F|  |TAMS 0x0000000094a00000, 0x0000000094a00000| Untracked 
| 331|0x0000000094b00000, 0x0000000094b00000, 0x0000000094c00000|  0%| F|  |TAMS 0x0000000094b00000, 0x0000000094b00000| Untracked 
| 332|0x0000000094c00000, 0x0000000094c00000, 0x0000000094d00000|  0%| F|  |TAMS 0x0000000094c00000, 0x0000000094c00000| Untracked 
| 333|0x0000000094d00000, 0x0000000094d00000, 0x0000000094e00000|  0%| F|  |TAMS 0x0000000094d00000, 0x0000000094d00000| Untracked 
| 334|0x0000000094e00000, 0x0000000094e00000, 0x0000000094f00000|  0%| F|  |TAMS 0x0000000094e00000, 0x0000000094e00000| Untracked 
| 335|0x0000000094f00000, 0x0000000094f00000, 0x0000000095000000|  0%| F|  |TAMS 0x0000000094f00000, 0x0000000094f00000| Untracked 
| 336|0x0000000095000000, 0x0000000095000000, 0x0000000095100000|  0%| F|  |TAMS 0x0000000095000000, 0x0000000095000000| Untracked 
| 337|0x0000000095100000, 0x0000000095100000, 0x0000000095200000|  0%| F|  |TAMS 0x0000000095100000, 0x0000000095100000| Untracked 
| 338|0x0000000095200000, 0x0000000095200000, 0x0000000095300000|  0%| F|  |TAMS 0x0000000095200000, 0x0000000095200000| Untracked 
| 339|0x0000000095300000, 0x0000000095300000, 0x0000000095400000|  0%| F|  |TAMS 0x0000000095300000, 0x0000000095300000| Untracked 
| 340|0x0000000095400000, 0x0000000095400000, 0x0000000095500000|  0%| F|  |TAMS 0x0000000095400000, 0x0000000095400000| Untracked 
| 341|0x0000000095500000, 0x0000000095500000, 0x0000000095600000|  0%| F|  |TAMS 0x0000000095500000, 0x0000000095500000| Untracked 
| 342|0x0000000095600000, 0x0000000095600000, 0x0000000095700000|  0%| F|  |TAMS 0x0000000095600000, 0x0000000095600000| Untracked 
| 343|0x0000000095700000, 0x0000000095700000, 0x0000000095800000|  0%| F|  |TAMS 0x0000000095700000, 0x0000000095700000| Untracked 
| 344|0x0000000095800000, 0x0000000095800000, 0x0000000095900000|  0%| F|  |TAMS 0x0000000095800000, 0x0000000095800000| Untracked 
| 345|0x0000000095900000, 0x0000000095900000, 0x0000000095a00000|  0%| F|  |TAMS 0x0000000095900000, 0x0000000095900000| Untracked 
| 346|0x0000000095a00000, 0x0000000095a00000, 0x0000000095b00000|  0%| F|  |TAMS 0x0000000095a00000, 0x0000000095a00000| Untracked 
| 347|0x0000000095b00000, 0x0000000095b00000, 0x0000000095c00000|  0%| F|  |TAMS 0x0000000095b00000, 0x0000000095b00000| Untracked 
| 348|0x0000000095c00000, 0x0000000095c00000, 0x0000000095d00000|  0%| F|  |TAMS 0x0000000095c00000, 0x0000000095c00000| Untracked 
| 349|0x0000000095d00000, 0x0000000095d00000, 0x0000000095e00000|  0%| F|  |TAMS 0x0000000095d00000, 0x0000000095d00000| Untracked 
| 350|0x0000000095e00000, 0x0000000095e00000, 0x0000000095f00000|  0%| F|  |TAMS 0x0000000095e00000, 0x0000000095e00000| Untracked 
| 351|0x0000000095f00000, 0x0000000095f00000, 0x0000000096000000|  0%| F|  |TAMS 0x0000000095f00000, 0x0000000095f00000| Untracked 
| 352|0x0000000096000000, 0x0000000096000000, 0x0000000096100000|  0%| F|  |TAMS 0x0000000096000000, 0x0000000096000000| Untracked 
| 353|0x0000000096100000, 0x0000000096100000, 0x0000000096200000|  0%| F|  |TAMS 0x0000000096100000, 0x0000000096100000| Untracked 
| 354|0x0000000096200000, 0x0000000096200000, 0x0000000096300000|  0%| F|  |TAMS 0x0000000096200000, 0x0000000096200000| Untracked 
| 355|0x0000000096300000, 0x0000000096300000, 0x0000000096400000|  0%| F|  |TAMS 0x0000000096300000, 0x0000000096300000| Untracked 
| 356|0x0000000096400000, 0x0000000096400000, 0x0000000096500000|  0%| F|  |TAMS 0x0000000096400000, 0x0000000096400000| Untracked 
| 357|0x0000000096500000, 0x0000000096500000, 0x0000000096600000|  0%| F|  |TAMS 0x0000000096500000, 0x0000000096500000| Untracked 
| 358|0x0000000096600000, 0x0000000096600000, 0x0000000096700000|  0%| F|  |TAMS 0x0000000096600000, 0x0000000096600000| Untracked 
| 359|0x0000000096700000, 0x0000000096700000, 0x0000000096800000|  0%| F|  |TAMS 0x0000000096700000, 0x0000000096700000| Untracked 
| 360|0x0000000096800000, 0x0000000096800000, 0x0000000096900000|  0%| F|  |TAMS 0x0000000096800000, 0x0000000096800000| Untracked 
| 361|0x0000000096900000, 0x0000000096900000, 0x0000000096a00000|  0%| F|  |TAMS 0x0000000096900000, 0x0000000096900000| Untracked 
| 362|0x0000000096a00000, 0x0000000096a00000, 0x0000000096b00000|  0%| F|  |TAMS 0x0000000096a00000, 0x0000000096a00000| Untracked 
| 363|0x0000000096b00000, 0x0000000096b00000, 0x0000000096c00000|  0%| F|  |TAMS 0x0000000096b00000, 0x0000000096b00000| Untracked 
| 364|0x0000000096c00000, 0x0000000096c00000, 0x0000000096d00000|  0%| F|  |TAMS 0x0000000096c00000, 0x0000000096c00000| Untracked 
| 365|0x0000000096d00000, 0x0000000096d00000, 0x0000000096e00000|  0%| F|  |TAMS 0x0000000096d00000, 0x0000000096d00000| Untracked 
| 366|0x0000000096e00000, 0x0000000096e00000, 0x0000000096f00000|  0%| F|  |TAMS 0x0000000096e00000, 0x0000000096e00000| Untracked 
| 367|0x0000000096f00000, 0x0000000096f00000, 0x0000000097000000|  0%| F|  |TAMS 0x0000000096f00000, 0x0000000096f00000| Untracked 
| 368|0x0000000097000000, 0x0000000097000000, 0x0000000097100000|  0%| F|  |TAMS 0x0000000097000000, 0x0000000097000000| Untracked 
| 369|0x0000000097100000, 0x0000000097100000, 0x0000000097200000|  0%| F|  |TAMS 0x0000000097100000, 0x0000000097100000| Untracked 
| 370|0x0000000097200000, 0x0000000097200000, 0x0000000097300000|  0%| F|  |TAMS 0x0000000097200000, 0x0000000097200000| Untracked 
| 371|0x0000000097300000, 0x0000000097300000, 0x0000000097400000|  0%| F|  |TAMS 0x0000000097300000, 0x0000000097300000| Untracked 
| 372|0x0000000097400000, 0x0000000097400000, 0x0000000097500000|  0%| F|  |TAMS 0x0000000097400000, 0x0000000097400000| Untracked 
| 373|0x0000000097500000, 0x0000000097500000, 0x0000000097600000|  0%| F|  |TAMS 0x0000000097500000, 0x0000000097500000| Untracked 
| 374|0x0000000097600000, 0x0000000097600000, 0x0000000097700000|  0%| F|  |TAMS 0x0000000097600000, 0x0000000097600000| Untracked 
| 375|0x0000000097700000, 0x0000000097700000, 0x0000000097800000|  0%| F|  |TAMS 0x0000000097700000, 0x0000000097700000| Untracked 
| 376|0x0000000097800000, 0x0000000097800000, 0x0000000097900000|  0%| F|  |TAMS 0x0000000097800000, 0x0000000097800000| Untracked 
| 377|0x0000000097900000, 0x0000000097900000, 0x0000000097a00000|  0%| F|  |TAMS 0x0000000097900000, 0x0000000097900000| Untracked 
| 378|0x0000000097a00000, 0x0000000097a00000, 0x0000000097b00000|  0%| F|  |TAMS 0x0000000097a00000, 0x0000000097a00000| Untracked 
| 379|0x0000000097b00000, 0x0000000097b00000, 0x0000000097c00000|  0%| F|  |TAMS 0x0000000097b00000, 0x0000000097b00000| Untracked 
| 380|0x0000000097c00000, 0x0000000097c00000, 0x0000000097d00000|  0%| F|  |TAMS 0x0000000097c00000, 0x0000000097c00000| Untracked 
| 381|0x0000000097d00000, 0x0000000097d00000, 0x0000000097e00000|  0%| F|  |TAMS 0x0000000097d00000, 0x0000000097d00000| Untracked 
| 382|0x0000000097e00000, 0x0000000097e00000, 0x0000000097f00000|  0%| F|  |TAMS 0x0000000097e00000, 0x0000000097e00000| Untracked 
| 383|0x0000000097f00000, 0x0000000097f00000, 0x0000000098000000|  0%| F|  |TAMS 0x0000000097f00000, 0x0000000097f00000| Untracked 
| 384|0x0000000098000000, 0x0000000098000000, 0x0000000098100000|  0%| F|  |TAMS 0x0000000098000000, 0x0000000098000000| Untracked 
| 385|0x0000000098100000, 0x0000000098100000, 0x0000000098200000|  0%| F|  |TAMS 0x0000000098100000, 0x0000000098100000| Untracked 
| 386|0x0000000098200000, 0x0000000098200000, 0x0000000098300000|  0%| F|  |TAMS 0x0000000098200000, 0x0000000098200000| Untracked 
| 387|0x0000000098300000, 0x0000000098300000, 0x0000000098400000|  0%| F|  |TAMS 0x0000000098300000, 0x0000000098300000| Untracked 
| 388|0x0000000098400000, 0x0000000098400000, 0x0000000098500000|  0%| F|  |TAMS 0x0000000098400000, 0x0000000098400000| Untracked 
| 389|0x0000000098500000, 0x0000000098500000, 0x0000000098600000|  0%| F|  |TAMS 0x0000000098500000, 0x0000000098500000| Untracked 
| 390|0x0000000098600000, 0x0000000098600000, 0x0000000098700000|  0%| F|  |TAMS 0x0000000098600000, 0x0000000098600000| Untracked 
| 391|0x0000000098700000, 0x0000000098700000, 0x0000000098800000|  0%| F|  |TAMS 0x0000000098700000, 0x0000000098700000| Untracked 
| 392|0x0000000098800000, 0x0000000098800000, 0x0000000098900000|  0%| F|  |TAMS 0x0000000098800000, 0x0000000098800000| Untracked 
| 393|0x0000000098900000, 0x0000000098900000, 0x0000000098a00000|  0%| F|  |TAMS 0x0000000098900000, 0x0000000098900000| Untracked 
| 394|0x0000000098a00000, 0x0000000098a00000, 0x0000000098b00000|  0%| F|  |TAMS 0x0000000098a00000, 0x0000000098a00000| Untracked 
| 395|0x0000000098b00000, 0x0000000098b00000, 0x0000000098c00000|  0%| F|  |TAMS 0x0000000098b00000, 0x0000000098b00000| Untracked 
| 396|0x0000000098c00000, 0x0000000098c00000, 0x0000000098d00000|  0%| F|  |TAMS 0x0000000098c00000, 0x0000000098c00000| Untracked 
| 397|0x0000000098d00000, 0x0000000098d00000, 0x0000000098e00000|  0%| F|  |TAMS 0x0000000098d00000, 0x0000000098d00000| Untracked 
| 398|0x0000000098e00000, 0x0000000098e00000, 0x0000000098f00000|  0%| F|  |TAMS 0x0000000098e00000, 0x0000000098e00000| Untracked 
| 399|0x0000000098f00000, 0x0000000098f00000, 0x0000000099000000|  0%| F|  |TAMS 0x0000000098f00000, 0x0000000098f00000| Untracked 
| 400|0x0000000099000000, 0x0000000099000000, 0x0000000099100000|  0%| F|  |TAMS 0x0000000099000000, 0x0000000099000000| Untracked 
| 401|0x0000000099100000, 0x0000000099100000, 0x0000000099200000|  0%| F|  |TAMS 0x0000000099100000, 0x0000000099100000| Untracked 
| 402|0x0000000099200000, 0x0000000099200000, 0x0000000099300000|  0%| F|  |TAMS 0x0000000099200000, 0x0000000099200000| Untracked 
| 403|0x0000000099300000, 0x0000000099300000, 0x0000000099400000|  0%| F|  |TAMS 0x0000000099300000, 0x0000000099300000| Untracked 
| 404|0x0000000099400000, 0x0000000099400000, 0x0000000099500000|  0%| F|  |TAMS 0x0000000099400000, 0x0000000099400000| Untracked 
| 405|0x0000000099500000, 0x0000000099500000, 0x0000000099600000|  0%| F|  |TAMS 0x0000000099500000, 0x0000000099500000| Untracked 
| 406|0x0000000099600000, 0x0000000099600000, 0x0000000099700000|  0%| F|  |TAMS 0x0000000099600000, 0x0000000099600000| Untracked 
| 407|0x0000000099700000, 0x0000000099700000, 0x0000000099800000|  0%| F|  |TAMS 0x0000000099700000, 0x0000000099700000| Untracked 
| 408|0x0000000099800000, 0x0000000099800000, 0x0000000099900000|  0%| F|  |TAMS 0x0000000099800000, 0x0000000099800000| Untracked 
| 409|0x0000000099900000, 0x0000000099900000, 0x0000000099a00000|  0%| F|  |TAMS 0x0000000099900000, 0x0000000099900000| Untracked 
| 410|0x0000000099a00000, 0x0000000099a00000, 0x0000000099b00000|  0%| F|  |TAMS 0x0000000099a00000, 0x0000000099a00000| Untracked 
| 411|0x0000000099b00000, 0x0000000099b00000, 0x0000000099c00000|  0%| F|  |TAMS 0x0000000099b00000, 0x0000000099b00000| Untracked 
| 412|0x0000000099c00000, 0x0000000099c00000, 0x0000000099d00000|  0%| F|  |TAMS 0x0000000099c00000, 0x0000000099c00000| Untracked 
| 413|0x0000000099d00000, 0x0000000099d00000, 0x0000000099e00000|  0%| F|  |TAMS 0x0000000099d00000, 0x0000000099d00000| Untracked 
| 414|0x0000000099e00000, 0x0000000099e00000, 0x0000000099f00000|  0%| F|  |TAMS 0x0000000099e00000, 0x0000000099e00000| Untracked 
| 415|0x0000000099f00000, 0x0000000099f00000, 0x000000009a000000|  0%| F|  |TAMS 0x0000000099f00000, 0x0000000099f00000| Untracked 
| 416|0x000000009a000000, 0x000000009a000000, 0x000000009a100000|  0%| F|  |TAMS 0x000000009a000000, 0x000000009a000000| Untracked 

Card table byte_map: [0x000002634c290000,0x000002634c690000] _byte_map_base: 0x000002634be90000

Marking Bits (Prev, Next): (CMBitMap*) 0x00000263353ac9d0, (CMBitMap*) 0x00000263353aca10
 Prev Bits: [0x000002634ca90000, 0x000002634ea90000)
 Next Bits: [0x000002634ea90000, 0x0000026350a90000)

Polling page: 0x0000026334af0000

Metaspace:

Usage:
  Non-class:    102.39 MB used.
      Class:     16.17 MB used.
       Both:    118.56 MB used.

Virtual space:
  Non-class space:      128.00 MB reserved,     103.19 MB ( 81%) committed,  2 nodes.
      Class space:      416.00 MB reserved,      17.00 MB (  4%) committed,  1 nodes.
             Both:      544.00 MB reserved,     120.19 MB ( 22%) committed. 

Chunk freelists:
   Non-Class:  7.98 MB
       Class:  14.94 MB
        Both:  22.91 MB

MaxMetaspaceSize: 512.00 MB
CompressedClassSpaceSize: 416.00 MB
Initial GC threshold: 21.00 MB
Current GC threshold: 191.69 MB
CDS: on
MetaspaceReclaimPolicy: balanced
 - commit_granule_bytes: 65536.
 - commit_granule_words: 8192.
 - virtual_space_node_default_size: 8388608.
 - enlarge_chunks_in_place: 1.
 - new_chunks_are_fully_committed: 0.
 - uncommit_free_chunks: 1.
 - use_allocation_guard: 0.
 - handle_deallocations: 1.


Internal statistics:

num_allocs_failed_limit: 6.
num_arena_births: 2340.
num_arena_deaths: 0.
num_vsnodes_births: 3.
num_vsnodes_deaths: 0.
num_space_committed: 1921.
num_space_uncommitted: 0.
num_chunks_returned_to_freelist: 6.
num_chunks_taken_from_freelist: 8101.
num_chunk_merges: 6.
num_chunk_splits: 5139.
num_chunks_enlarged: 3077.
num_inconsistent_stats: 0.

CodeHeap 'non-profiled nmethods': size=120000Kb used=11126Kb max_used=11389Kb free=108873Kb
 bounds [0x0000026344960000, 0x0000026345480000, 0x000002634be90000]
CodeHeap 'profiled nmethods': size=120000Kb used=30348Kb max_used=32509Kb free=89651Kb
 bounds [0x000002633ce90000, 0x000002633ee50000, 0x00000263443c0000]
CodeHeap 'non-nmethods': size=5760Kb used=1794Kb max_used=1845Kb free=3965Kb
 bounds [0x00000263443c0000, 0x0000026344630000, 0x0000026344960000]
 total_blobs=17109 nmethods=16213 adapters=807
 compilation: enabled
              stopped_count=0, restarted_count=0
 full_count=0

Compilation events (20 events):
Event: 85.502 Thread 0x00000263720300d0 20156       3       org.gradle.internal.execution.history.impl.FileSystemSnapshotSerializer$1::visitEntry (19 bytes)
Event: 85.502 Thread 0x00000263720300d0 nmethod 20156 0x000002633ec23e10 code [0x000002633ec23fe0, 0x000002633ec24348]
Event: 85.502 Thread 0x00000263720300d0 20157       3       org.gradle.internal.execution.history.impl.FileSystemSnapshotSerializer::access$200 (7 bytes)
Event: 85.503 Thread 0x00000263720300d0 nmethod 20157 0x000002633d737490 code [0x000002633d737660, 0x000002633d737a88]
Event: 85.503 Thread 0x00000263720300d0 20158       3       org.gradle.internal.execution.history.impl.FileSystemSnapshotSerializer::writePath (26 bytes)
Event: 85.503 Thread 0x00000263720300d0 nmethod 20158 0x000002633d3f2010 code [0x000002633d3f21c0, 0x000002633d3f2588]
Event: 85.503 Thread 0x00000263720300d0 20159       3       org.gradle.internal.execution.history.impl.FileSystemSnapshotSerializer::access$300 (6 bytes)
Event: 85.504 Thread 0x00000263720300d0 nmethod 20159 0x000002633e527a90 code [0x000002633e527c40, 0x000002633e527e68]
Event: 85.504 Thread 0x00000263720300d0 20160       3       org.gradle.internal.execution.history.impl.FileSystemSnapshotSerializer::writeAccessType (12 bytes)
Event: 85.504 Thread 0x00000263720300d0 nmethod 20160 0x000002633d89f690 code [0x000002633d89f840, 0x000002633d89fa28]
Event: 85.504 Thread 0x00000263720300d0 20161       3       org.gradle.internal.execution.history.impl.FileSystemSnapshotSerializer::access$400 (6 bytes)
Event: 85.504 Thread 0x00000263720300d0 nmethod 20161 0x000002633d8a1c10 code [0x000002633d8a1e00, 0x000002633d8a23e8]
Event: 85.504 Thread 0x00000263720300d0 20162       3       org.gradle.internal.execution.history.impl.FileSystemSnapshotSerializer::writeHashCode (11 bytes)
Event: 85.504 Thread 0x00000263720300d0 nmethod 20162 0x000002633d8bf390 code [0x000002633d8bf580, 0x000002633d8bfb08]
Event: 85.504 Thread 0x00000263720300d0 20163   !   3       org.gradle.internal.execution.history.impl.FileSystemSnapshotSerializer$1$1::visitRegularFile (107 bytes)
Event: 85.505 Thread 0x00000263720300d0 nmethod 20163 0x000002633e2e6f90 code [0x000002633e2e7260, 0x000002633e2e83e8]
Event: 85.509 Thread 0x0000026352f88f10 nmethod 20140 0x0000026345430410 code [0x00000263454305e0, 0x0000026345430c70]
Event: 85.509 Thread 0x0000026352f88f10 20154       4       com.esotericsoftware.kryo.io.Output::writeBytes (90 bytes)
Event: 85.513 Thread 0x0000026352f88f10 nmethod 20154 0x00000263450e1390 code [0x00000263450e1520, 0x00000263450e1808]
Event: 85.513 Thread 0x0000026352f88f10 20143       4       org.gradle.internal.serialize.kryo.KryoBackedEncoder::writeBytes (11 bytes)

GC Heap History (20 events):
Event: 77.634 GC heap after
{Heap after GC invocations=109 (full 0):
 garbage-first heap   total 291840K, used 240062K [0x0000000080000000, 0x0000000100000000)
  region size 1024K, 2 young (2048K), 2 survivors (2048K)
 Metaspace       used 115692K, committed 117184K, reserved 557056K
  class space    used 16011K, committed 16768K, reserved 425984K
}
Event: 77.947 GC heap before
{Heap before GC invocations=109 (full 0):
 garbage-first heap   total 291840K, used 252350K [0x0000000080000000, 0x0000000100000000)
  region size 1024K, 14 young (14336K), 2 survivors (2048K)
 Metaspace       used 115769K, committed 117312K, reserved 557056K
  class space    used 16017K, committed 16768K, reserved 425984K
}
Event: 77.954 GC heap after
{Heap after GC invocations=110 (full 0):
 garbage-first heap   total 291840K, used 241776K [0x0000000080000000, 0x0000000100000000)
  region size 1024K, 2 young (2048K), 2 survivors (2048K)
 Metaspace       used 115769K, committed 117312K, reserved 557056K
  class space    used 16017K, committed 16768K, reserved 425984K
}
Event: 78.872 GC heap before
{Heap before GC invocations=110 (full 0):
 garbage-first heap   total 291840K, used 254064K [0x0000000080000000, 0x0000000100000000)
  region size 1024K, 14 young (14336K), 2 survivors (2048K)
 Metaspace       used 115795K, committed 117312K, reserved 557056K
  class space    used 16019K, committed 16768K, reserved 425984K
}
Event: 78.880 GC heap after
{Heap after GC invocations=111 (full 0):
 garbage-first heap   total 291840K, used 247441K [0x0000000080000000, 0x0000000100000000)
  region size 1024K, 2 young (2048K), 2 survivors (2048K)
 Metaspace       used 115795K, committed 117312K, reserved 557056K
  class space    used 16019K, committed 16768K, reserved 425984K
}
Event: 78.963 GC heap before
{Heap before GC invocations=111 (full 0):
 garbage-first heap   total 291840K, used 257681K [0x0000000080000000, 0x0000000100000000)
  region size 1024K, 5 young (5120K), 2 survivors (2048K)
 Metaspace       used 115795K, committed 117312K, reserved 557056K
  class space    used 16019K, committed 16768K, reserved 425984K
}
Event: 78.968 GC heap after
{Heap after GC invocations=112 (full 0):
 garbage-first heap   total 291840K, used 252273K [0x0000000080000000, 0x0000000100000000)
  region size 1024K, 1 young (1024K), 1 survivors (1024K)
 Metaspace       used 115795K, committed 117312K, reserved 557056K
  class space    used 16019K, committed 16768K, reserved 425984K
}
Event: 78.971 GC heap before
{Heap before GC invocations=112 (full 0):
 garbage-first heap   total 291840K, used 256369K [0x0000000080000000, 0x0000000100000000)
  region size 1024K, 2 young (2048K), 1 survivors (1024K)
 Metaspace       used 115795K, committed 117312K, reserved 557056K
  class space    used 16019K, committed 16768K, reserved 425984K
}
Event: 78.973 GC heap after
{Heap after GC invocations=113 (full 0):
 garbage-first heap   total 291840K, used 252119K [0x0000000080000000, 0x0000000100000000)
  region size 1024K, 1 young (1024K), 1 survivors (1024K)
 Metaspace       used 115795K, committed 117312K, reserved 557056K
  class space    used 16019K, committed 16768K, reserved 425984K
}
Event: 79.397 GC heap before
{Heap before GC invocations=113 (full 0):
 garbage-first heap   total 291840K, used 268503K [0x0000000080000000, 0x0000000100000000)
  region size 1024K, 14 young (14336K), 1 survivors (1024K)
 Metaspace       used 116169K, committed 117696K, reserved 557056K
  class space    used 16061K, committed 16832K, reserved 425984K
}
Event: 79.402 GC heap after
{Heap after GC invocations=114 (full 0):
 garbage-first heap   total 291840K, used 249997K [0x0000000080000000, 0x0000000100000000)
  region size 1024K, 2 young (2048K), 2 survivors (2048K)
 Metaspace       used 116169K, committed 117696K, reserved 557056K
  class space    used 16061K, committed 16832K, reserved 425984K
}
Event: 79.519 GC heap before
{Heap before GC invocations=114 (full 0):
 garbage-first heap   total 291840K, used 262285K [0x0000000080000000, 0x0000000100000000)
  region size 1024K, 14 young (14336K), 2 survivors (2048K)
 Metaspace       used 116198K, committed 117760K, reserved 557056K
  class space    used 16062K, committed 16832K, reserved 425984K
}
Event: 79.523 GC heap after
{Heap after GC invocations=115 (full 0):
 garbage-first heap   total 291840K, used 252497K [0x0000000080000000, 0x0000000100000000)
  region size 1024K, 2 young (2048K), 2 survivors (2048K)
 Metaspace       used 116198K, committed 117760K, reserved 557056K
  class space    used 16062K, committed 16832K, reserved 425984K
}
Event: 79.658 GC heap before
{Heap before GC invocations=115 (full 0):
 garbage-first heap   total 427008K, used 263761K [0x0000000080000000, 0x0000000100000000)
  region size 1024K, 14 young (14336K), 2 survivors (2048K)
 Metaspace       used 116228K, committed 117760K, reserved 557056K
  class space    used 16069K, committed 16832K, reserved 425984K
}
Event: 79.663 GC heap after
{Heap after GC invocations=116 (full 0):
 garbage-first heap   total 427008K, used 254916K [0x0000000080000000, 0x0000000100000000)
  region size 1024K, 2 young (2048K), 2 survivors (2048K)
 Metaspace       used 116228K, committed 117760K, reserved 557056K
  class space    used 16069K, committed 16832K, reserved 425984K
}
Event: 81.315 GC heap before
{Heap before GC invocations=117 (full 0):
 garbage-first heap   total 427008K, used 348100K [0x0000000080000000, 0x0000000100000000)
  region size 1024K, 94 young (96256K), 2 survivors (2048K)
 Metaspace       used 119605K, committed 121152K, reserved 557056K
  class space    used 16371K, committed 17152K, reserved 425984K
}
Event: 81.327 GC heap after
{Heap after GC invocations=118 (full 0):
 garbage-first heap   total 427008K, used 260208K [0x0000000080000000, 0x0000000100000000)
  region size 1024K, 8 young (8192K), 8 survivors (8192K)
 Metaspace       used 119605K, committed 121152K, reserved 557056K
  class space    used 16371K, committed 17152K, reserved 425984K
}
Event: 81.715 GC heap before
{Heap before GC invocations=118 (full 0):
 garbage-first heap   total 427008K, used 272496K [0x0000000080000000, 0x0000000100000000)
  region size 1024K, 20 young (20480K), 8 survivors (8192K)
 Metaspace       used 119751K, committed 121280K, reserved 557056K
  class space    used 16385K, committed 17152K, reserved 425984K
}
Event: 81.727 GC heap after
{Heap after GC invocations=119 (full 0):
 garbage-first heap   total 427008K, used 255762K [0x0000000080000000, 0x0000000100000000)
  region size 1024K, 2 young (2048K), 2 survivors (2048K)
 Metaspace       used 119751K, committed 121280K, reserved 557056K
  class space    used 16385K, committed 17152K, reserved 425984K
}
Event: 85.515 GC heap before
{Heap before GC invocations=119 (full 0):
 garbage-first heap   total 427008K, used 352018K [0x0000000080000000, 0x0000000100000000)
  region size 1024K, 97 young (99328K), 2 survivors (2048K)
 Metaspace       used 121403K, committed 123072K, reserved 557056K
  class space    used 16554K, committed 17408K, reserved 425984K
}

Dll operation events (15 events):
Event: 0.022 Loaded shared library C:\Program Files\Microsoft\jdk-17.0.16.8-hotspot\bin\java.dll
Event: 0.045 Loaded shared library C:\Program Files\Microsoft\jdk-17.0.16.8-hotspot\bin\jsvml.dll
Event: 0.154 Loaded shared library C:\Program Files\Microsoft\jdk-17.0.16.8-hotspot\bin\zip.dll
Event: 0.163 Loaded shared library C:\Program Files\Microsoft\jdk-17.0.16.8-hotspot\bin\instrument.dll
Event: 0.170 Loaded shared library C:\Program Files\Microsoft\jdk-17.0.16.8-hotspot\bin\net.dll
Event: 0.173 Loaded shared library C:\Program Files\Microsoft\jdk-17.0.16.8-hotspot\bin\nio.dll
Event: 0.178 Loaded shared library C:\Program Files\Microsoft\jdk-17.0.16.8-hotspot\bin\zip.dll
Event: 1.002 Loaded shared library C:\Program Files\Microsoft\jdk-17.0.16.8-hotspot\bin\jimage.dll
Event: 1.632 Loaded shared library C:\Program Files\Microsoft\jdk-17.0.16.8-hotspot\bin\verify.dll
Event: 1.706 Loaded shared library C:\Users\Likitha\.gradle\native\1def1411415f61bf3af743bc5b6707747c0891f09f0c88961ee8f79bc544acac\windows-amd64\native-platform.dll
Event: 1.735 Loaded shared library C:\Users\Likitha\.gradle\native\0.2.8\x86_64-windows-gnu\gradle-fileevents.dll
Event: 4.021 Loaded shared library C:\Program Files\Microsoft\jdk-17.0.16.8-hotspot\bin\management.dll
Event: 4.025 Loaded shared library C:\Program Files\Microsoft\jdk-17.0.16.8-hotspot\bin\management_ext.dll
Event: 4.483 Loaded shared library C:\Program Files\Microsoft\jdk-17.0.16.8-hotspot\bin\extnet.dll
Event: 4.952 Loaded shared library C:\Program Files\Microsoft\jdk-17.0.16.8-hotspot\bin\sunmscapi.dll

Deoptimization events (20 events):
Event: 85.504 Thread 0x0000026378b59e30 Uncommon trap: trap_request=0xffffffde fr.pc=0x0000026345182168 relative=0x0000000000003ee8
Event: 85.504 Thread 0x0000026378b59e30 Uncommon trap: reason=class_check action=maybe_recompile pc=0x0000026345182168 method=java.io.BufferedOutputStream.write([BII)V @ 20 c2
Event: 85.504 Thread 0x0000026378b59e30 DEOPT PACKING pc=0x0000026345182168 sp=0x000000c5210fecf0
Event: 85.504 Thread 0x0000026378b59e30 DEOPT UNPACKING pc=0x00000263444169a3 sp=0x000000c5210fe9c8 mode 2
Event: 85.510 Thread 0x0000026373a9aad0 Uncommon trap: trap_request=0xffffffbe fr.pc=0x0000026345430bbc relative=0x00000000000005dc
Event: 85.510 Thread 0x0000026373a9aad0 Uncommon trap: reason=profile_predicate action=maybe_recompile pc=0x0000026345430bbc method=com.esotericsoftware.kryo.io.Output.writeString(Ljava/lang/CharSequence;)V @ 67 c2
Event: 85.510 Thread 0x0000026373a9aad0 DEOPT PACKING pc=0x0000026345430bbc sp=0x000000c5232feed0
Event: 85.510 Thread 0x0000026373a9aad0 DEOPT UNPACKING pc=0x00000263444169a3 sp=0x000000c5232fee50 mode 2
Event: 85.510 Thread 0x0000026373a9aad0 Uncommon trap: trap_request=0xffffffbe fr.pc=0x0000026345430bbc relative=0x00000000000005dc
Event: 85.510 Thread 0x0000026373a9aad0 Uncommon trap: reason=profile_predicate action=maybe_recompile pc=0x0000026345430bbc method=com.esotericsoftware.kryo.io.Output.writeString(Ljava/lang/CharSequence;)V @ 67 c2
Event: 85.510 Thread 0x0000026373a9aad0 DEOPT PACKING pc=0x0000026345430bbc sp=0x000000c5232feed0
Event: 85.510 Thread 0x0000026373a9aad0 DEOPT UNPACKING pc=0x00000263444169a3 sp=0x000000c5232fee50 mode 2
Event: 85.513 Thread 0x0000026374c5ae60 Uncommon trap: trap_request=0xffffffbe fr.pc=0x0000026345430bbc relative=0x00000000000005dc
Event: 85.513 Thread 0x0000026374c5ae60 Uncommon trap: reason=profile_predicate action=maybe_recompile pc=0x0000026345430bbc method=com.esotericsoftware.kryo.io.Output.writeString(Ljava/lang/CharSequence;)V @ 67 c2
Event: 85.513 Thread 0x0000026374c5ae60 DEOPT PACKING pc=0x0000026345430bbc sp=0x000000c5257fa000
Event: 85.513 Thread 0x0000026374c5ae60 DEOPT UNPACKING pc=0x00000263444169a3 sp=0x000000c5257f9f80 mode 2
Event: 85.513 Thread 0x0000026374c5ae60 Uncommon trap: trap_request=0xffffffbe fr.pc=0x0000026345430bbc relative=0x00000000000005dc
Event: 85.513 Thread 0x0000026374c5ae60 Uncommon trap: reason=profile_predicate action=maybe_recompile pc=0x0000026345430bbc method=com.esotericsoftware.kryo.io.Output.writeString(Ljava/lang/CharSequence;)V @ 67 c2
Event: 85.513 Thread 0x0000026374c5ae60 DEOPT PACKING pc=0x0000026345430bbc sp=0x000000c5257f9e10
Event: 85.513 Thread 0x0000026374c5ae60 DEOPT UNPACKING pc=0x00000263444169a3 sp=0x000000c5257f9d90 mode 2

Classes loaded (20 events):
Event: 83.250 Loading class sun/net/ProgressMeteringPolicy done
Event: 83.250 Loading class sun/net/DefaultProgressMeteringPolicy done
Event: 83.250 Loading class com/sun/org/apache/xerces/internal/dom/DeferredDocumentImpl
Event: 83.251 Loading class com/sun/org/apache/xerces/internal/dom/DeferredNode
Event: 83.252 Loading class com/sun/org/apache/xerces/internal/dom/DeferredNode done
Event: 83.253 Loading class com/sun/org/apache/xerces/internal/dom/DeferredDocumentImpl done
Event: 83.259 Loading class com/sun/xml/internal/stream/util/ReadOnlyIterator
Event: 83.259 Loading class com/sun/org/apache/xerces/internal/dom/DeferredDocumentImpl$RefCount
Event: 83.259 Loading class com/sun/org/apache/xerces/internal/dom/DeferredDocumentImpl$RefCount done
Event: 83.259 Loading class com/sun/xml/internal/stream/util/ReadOnlyIterator done
Event: 83.261 Loading class com/sun/org/apache/xerces/internal/dom/DeferredElementImpl
Event: 83.261 Loading class com/sun/org/apache/xerces/internal/dom/DeferredElementImpl done
Event: 83.265 Loading class com/sun/org/apache/xerces/internal/dom/DeferredCommentImpl
Event: 83.265 Loading class com/sun/org/apache/xerces/internal/dom/DeferredCommentImpl done
Event: 83.272 Loading class com/sun/org/apache/xerces/internal/dom/DeferredAttrImpl
Event: 83.272 Loading class com/sun/org/apache/xerces/internal/dom/DeferredAttrImpl done
Event: 83.276 Loading class com/sun/org/apache/xerces/internal/dom/DeferredTextImpl
Event: 83.277 Loading class com/sun/org/apache/xerces/internal/dom/DeferredTextImpl done
Event: 83.427 Loading class java/nio/channels/Channels$1
Event: 83.429 Loading class java/nio/channels/Channels$1 done

Classes unloaded (0 events):
No events

Classes redefined (0 events):
No events

Internal exceptions (20 events):
Event: 79.176 Thread 0x0000026374c5b370 Exception <a 'java/lang/NoSuchMethodError'{0x0000000091997ad0}: static Lcom/android/ide/common/resources/CompileResourceRequest;.<clinit>()V> (0x0000000091997ad0) 
thrown [s\src\hotspot\share\prims\jni.cpp, line 1112]
Event: 79.180 Thread 0x0000026374c5b370 Exception <a 'java/lang/NoSuchMethodError'{0x00000000919bf578}: static Ljava/lang/Object;.<clinit>()V> (0x00000000919bf578) 
thrown [s\src\hotspot\share\prims\jni.cpp, line 1112]
Event: 79.181 Thread 0x0000026374c5b370 Exception <a 'java/lang/NoSuchMethodError'{0x00000000919d13e0}: static Ljava/lang/Object;.<clinit>()V> (0x00000000919d13e0) 
thrown [s\src\hotspot\share\prims\jni.cpp, line 1112]
Event: 79.182 Thread 0x0000026374c5b370 Exception <a 'java/lang/NoSuchMethodError'{0x00000000919e3090}: static Ljava/lang/Object;.<clinit>()V> (0x00000000919e3090) 
thrown [s\src\hotspot\share\prims\jni.cpp, line 1112]
Event: 79.274 Thread 0x0000026374c5b370 Exception <a 'java/lang/NoSuchMethodError'{0x00000000918fd0e0}: static Lkotlin/InitializedLazyImpl;.<clinit>()V> (0x00000000918fd0e0) 
thrown [s\src\hotspot\share\prims\jni.cpp, line 1112]
Event: 79.804 Thread 0x0000026378b5b270 Implicit null exception at 0x0000026345394c92 to 0x000002634539a08c
Event: 82.397 Thread 0x0000026374c5ae60 Implicit null exception at 0x000002634535b210 to 0x000002634535f4a4
Event: 82.662 Thread 0x0000026374c5ae60 Exception <a 'sun/nio/fs/WindowsException'{0x00000000981066b0}> (0x00000000981066b0) 
thrown [s\src\hotspot\share\prims\jni.cpp, line 516]
Event: 82.666 Thread 0x0000026374c5ae60 Exception <a 'sun/nio/fs/WindowsException'{0x0000000098107a78}> (0x0000000098107a78) 
thrown [s\src\hotspot\share\prims\jni.cpp, line 516]
Event: 82.669 Thread 0x0000026374c5ae60 Exception <a 'sun/nio/fs/WindowsException'{0x00000000981090e8}> (0x00000000981090e8) 
thrown [s\src\hotspot\share\prims\jni.cpp, line 516]
Event: 82.768 Thread 0x0000026374c5ae60 Exception <a 'sun/nio/fs/WindowsException'{0x000000009810a740}> (0x000000009810a740) 
thrown [s\src\hotspot\share\prims\jni.cpp, line 516]
Event: 82.836 Thread 0x0000026374c5ae60 Exception <a 'sun/nio/fs/WindowsException'{0x000000009810bdc8}> (0x000000009810bdc8) 
thrown [s\src\hotspot\share\prims\jni.cpp, line 516]
Event: 82.838 Thread 0x0000026374c5ae60 Exception <a 'sun/nio/fs/WindowsException'{0x000000009810d420}> (0x000000009810d420) 
thrown [s\src\hotspot\share\prims\jni.cpp, line 516]
Event: 82.840 Thread 0x0000026374c5ae60 Exception <a 'sun/nio/fs/WindowsException'{0x000000009810ea28}> (0x000000009810ea28) 
thrown [s\src\hotspot\share\prims\jni.cpp, line 516]
Event: 82.842 Thread 0x0000026374c5ae60 Exception <a 'sun/nio/fs/WindowsException'{0x0000000098110040}> (0x0000000098110040) 
thrown [s\src\hotspot\share\prims\jni.cpp, line 516]
Event: 82.844 Thread 0x0000026374c5ae60 Exception <a 'sun/nio/fs/WindowsException'{0x0000000098111600}> (0x0000000098111600) 
thrown [s\src\hotspot\share\prims\jni.cpp, line 516]
Event: 82.845 Thread 0x0000026374c5ae60 Exception <a 'sun/nio/fs/WindowsException'{0x0000000098112bf0}> (0x0000000098112bf0) 
thrown [s\src\hotspot\share\prims\jni.cpp, line 516]
Event: 82.896 Thread 0x0000026374c5ae60 Exception <a 'sun/nio/fs/WindowsException'{0x0000000098114248}> (0x0000000098114248) 
thrown [s\src\hotspot\share\prims\jni.cpp, line 516]
Event: 82.948 Thread 0x0000026374c5ae60 Exception <a 'sun/nio/fs/WindowsException'{0x0000000098115880}> (0x0000000098115880) 
thrown [s\src\hotspot\share\prims\jni.cpp, line 516]
Event: 84.817 Thread 0x0000026374c5ae60 Exception <a 'java/lang/NoSuchMethodError'{0x0000000094a873f8}: static Ljava/lang/Object;.<clinit>()V> (0x0000000094a873f8) 
thrown [s\src\hotspot\share\prims\jni.cpp, line 1112]

VM Operations (20 events):
Event: 83.271 Executing VM operation: HandshakeAllThreads done
Event: 83.275 Executing VM operation: HandshakeAllThreads
Event: 83.276 Executing VM operation: HandshakeAllThreads done
Event: 83.279 Executing VM operation: HandshakeAllThreads
Event: 83.280 Executing VM operation: HandshakeAllThreads done
Event: 83.352 Executing VM operation: HandshakeAllThreads
Event: 83.352 Executing VM operation: HandshakeAllThreads done
Event: 83.352 Executing VM operation: HandshakeAllThreads
Event: 83.352 Executing VM operation: HandshakeAllThreads done
Event: 83.390 Executing VM operation: ICBufferFull
Event: 83.390 Executing VM operation: ICBufferFull done
Event: 83.425 Executing VM operation: HandshakeAllThreads
Event: 83.425 Executing VM operation: HandshakeAllThreads done
Event: 84.043 Executing VM operation: HandshakeAllThreads
Event: 84.044 Executing VM operation: HandshakeAllThreads done
Event: 84.201 Executing VM operation: HandshakeAllThreads
Event: 84.201 Executing VM operation: HandshakeAllThreads done
Event: 85.192 Executing VM operation: Cleanup
Event: 85.192 Executing VM operation: Cleanup done
Event: 85.515 Executing VM operation: G1CollectForAllocation

Memory protections (0 events):
No events

Nmethod flushes (20 events):
Event: 84.235 Thread 0x000002637203d3e0 flushing  nmethod 0x000002633ed7e910
Event: 84.235 Thread 0x000002637203d3e0 flushing  nmethod 0x000002633edba010
Event: 84.235 Thread 0x000002637203d3e0 flushing  nmethod 0x000002633edc6f90
Event: 84.235 Thread 0x000002637203d3e0 flushing  nmethod 0x000002633edc9190
Event: 84.235 Thread 0x000002637203d3e0 flushing  nmethod 0x000002633edc9f90
Event: 84.235 Thread 0x000002637203d3e0 flushing  nmethod 0x000002633edccb90
Event: 84.235 Thread 0x000002637203d3e0 flushing  nmethod 0x000002633edcf690
Event: 84.235 Thread 0x000002637203d3e0 flushing  nmethod 0x000002633edd1010
Event: 84.235 Thread 0x000002637203d3e0 flushing  nmethod 0x000002633edd1d90
Event: 84.235 Thread 0x000002637203d3e0 flushing  nmethod 0x000002633edd6710
Event: 84.235 Thread 0x000002637203d3e0 flushing  nmethod 0x000002633eddc110
Event: 84.235 Thread 0x000002637203d3e0 flushing  nmethod 0x000002633ede2410
Event: 84.235 Thread 0x000002637203d3e0 flushing  nmethod 0x000002633ede2f90
Event: 84.235 Thread 0x000002637203d3e0 flushing  nmethod 0x000002633ede3f90
Event: 84.235 Thread 0x000002637203d3e0 flushing  nmethod 0x000002633ee22490
Event: 84.235 Thread 0x000002637203d3e0 flushing  nmethod 0x000002633ee23590
Event: 84.235 Thread 0x000002637203d3e0 flushing  nmethod 0x000002633ee23a90
Event: 84.235 Thread 0x000002637203d3e0 flushing  nmethod 0x000002633ee25e90
Event: 84.235 Thread 0x000002637203d3e0 flushing  nmethod 0x000002633ee26310
Event: 84.235 Thread 0x000002637203d3e0 flushing  nmethod 0x000002633ee2c690

Events (20 events):
Event: 27.631 Thread 0x0000026373a9a0b0 Thread added: 0x0000026375deef00
Event: 27.632 Thread 0x0000026373a9a0b0 Thread added: 0x0000026375decb90
Event: 27.738 Thread 0x0000026373a9a0b0 Thread added: 0x0000026375de9e00
Event: 27.738 Thread 0x0000026373a9a0b0 Thread added: 0x0000026375dea310
Event: 27.739 Thread 0x0000026373a9a0b0 Thread added: 0x0000026375de8ed0
Event: 27.804 Thread 0x00000263720300d0 Thread added: 0x0000026376b9a010
Event: 28.291 Thread 0x0000026373a9a0b0 Thread added: 0x0000026375dea820
Event: 28.879 Thread 0x0000026373a9a0b0 Thread added: 0x0000026375ded0a0
Event: 29.526 Thread 0x0000026376b9a010 Thread exited: 0x0000026376b9a010
Event: 30.627 Thread 0x0000026374c5c7b0 Thread added: 0x0000026375dedac0
Event: 30.627 Thread 0x0000026374c5c7b0 Thread added: 0x0000026375ded5b0
Event: 30.627 Thread 0x0000026374c5c7b0 Thread added: 0x0000026375de93e0
Event: 33.996 Thread 0x0000026373a9a0b0 Thread added: 0x0000026375dedfd0
Event: 39.795 Thread 0x0000026373a9a0b0 Thread added: 0x0000026375dee4e0
Event: 41.252 Thread 0x0000026373a9a0b0 Thread added: 0x0000026375dec170
Event: 67.430 Thread 0x0000026374c5b370 Thread added: 0x0000026378b59e30
Event: 79.333 Thread 0x0000026374c5b370 Thread added: 0x0000026378b5b270
Event: 79.379 Thread 0x0000026374c5b370 Thread added: 0x0000026378b59410
Event: 79.416 Thread 0x0000026374c5b370 Thread added: 0x0000026378b5a340
Event: 79.537 Thread 0x0000026374c5b370 Thread added: 0x0000026377c63b00


Dynamic libraries:
0x00007ff63e2c0000 - 0x00007ff63e2ce000 	C:\Program Files\Microsoft\jdk-17.0.16.8-hotspot\bin\java.exe
0x00007ffd22270000 - 0x00007ffd22488000 	C:\WINDOWS\SYSTEM32\ntdll.dll
0x00007ffd20aa0000 - 0x00007ffd20b64000 	C:\WINDOWS\System32\KERNEL32.DLL
0x00007ffd1f5b0000 - 0x00007ffd1f983000 	C:\WINDOWS\System32\KERNELBASE.dll
0x00007ffd1b2d0000 - 0x00007ffd1b367000 	C:\WINDOWS\SYSTEM32\apphelp.dll
0x00007ffd1f990000 - 0x00007ffd1faa1000 	C:\WINDOWS\System32\ucrtbase.dll
0x00007ffd11da0000 - 0x00007ffd11db8000 	C:\Program Files\Microsoft\jdk-17.0.16.8-hotspot\bin\jli.dll
0x00007ffd20830000 - 0x00007ffd209e2000 	C:\WINDOWS\System32\USER32.dll
0x00007ffd1f4c0000 - 0x00007ffd1f4e6000 	C:\WINDOWS\System32\win32u.dll
0x00007ffd21b60000 - 0x00007ffd21b89000 	C:\WINDOWS\System32\GDI32.dll
0x00007ffd1fae0000 - 0x00007ffd1fbfb000 	C:\WINDOWS\System32\gdi32full.dll
0x00007ffd1fe70000 - 0x00007ffd1ff0a000 	C:\WINDOWS\System32\msvcp_win.dll
0x00007ffd11c40000 - 0x00007ffd11c5e000 	C:\Program Files\Microsoft\jdk-17.0.16.8-hotspot\bin\VCRUNTIME140.dll
0x00007ffd0c7c0000 - 0x00007ffd0ca5c000 	C:\WINDOWS\WinSxS\amd64_microsoft.windows.common-controls_6595b64144ccf1df_6.0.22621.6060_none_2712eda17382d24b\COMCTL32.dll
0x00007ffd20570000 - 0x00007ffd20617000 	C:\WINDOWS\System32\msvcrt.dll
0x00007ffd20630000 - 0x00007ffd20661000 	C:\WINDOWS\System32\IMM32.DLL
0x00007ffd0b190000 - 0x00007ffd0b19c000 	C:\Program Files\Microsoft\jdk-17.0.16.8-hotspot\bin\vcruntime140_1.dll
0x00007ffd0e080000 - 0x00007ffd0e109000 	C:\Program Files\Microsoft\jdk-17.0.16.8-hotspot\bin\msvcp140.dll
0x00007ffce0980000 - 0x00007ffce15fa000 	C:\Program Files\Microsoft\jdk-17.0.16.8-hotspot\bin\server\jvm.dll
0x00007ffd201e0000 - 0x00007ffd20291000 	C:\WINDOWS\System32\ADVAPI32.dll
0x00007ffd209f0000 - 0x00007ffd20a98000 	C:\WINDOWS\System32\sechost.dll
0x00007ffd1fab0000 - 0x00007ffd1fad8000 	C:\WINDOWS\System32\bcrypt.dll
0x00007ffd21a40000 - 0x00007ffd21b58000 	C:\WINDOWS\System32\RPCRT4.dll
0x00007ffd1ff10000 - 0x00007ffd1ff81000 	C:\WINDOWS\System32\WS2_32.dll
0x00007ffd1f260000 - 0x00007ffd1f2ad000 	C:\WINDOWS\SYSTEM32\POWRPROF.dll
0x00007ffd1b600000 - 0x00007ffd1b634000 	C:\WINDOWS\SYSTEM32\WINMM.dll
0x00007ffd16990000 - 0x00007ffd1699a000 	C:\WINDOWS\SYSTEM32\VERSION.dll
0x00007ffd1f230000 - 0x00007ffd1f243000 	C:\WINDOWS\SYSTEM32\UMPDC.dll
0x00007ffd1e360000 - 0x00007ffd1e378000 	C:\WINDOWS\SYSTEM32\kernel.appcore.dll
0x00007ffd1c410000 - 0x00007ffd1c41a000 	C:\Program Files\Microsoft\jdk-17.0.16.8-hotspot\bin\jimage.dll
0x00007ffd18670000 - 0x00007ffd188a3000 	C:\WINDOWS\SYSTEM32\DBGHELP.DLL
0x00007ffd21c60000 - 0x00007ffd21ff1000 	C:\WINDOWS\System32\combase.dll
0x00007ffd202c0000 - 0x00007ffd20398000 	C:\WINDOWS\System32\OLEAUT32.dll
0x00007ffd17dc0000 - 0x00007ffd17df2000 	C:\WINDOWS\SYSTEM32\dbgcore.DLL
0x00007ffd1fd70000 - 0x00007ffd1fdeb000 	C:\WINDOWS\System32\bcryptPrimitives.dll
0x00007ffd0e050000 - 0x00007ffd0e05f000 	C:\Program Files\Microsoft\jdk-17.0.16.8-hotspot\bin\instrument.dll
0x00007ffd11bc0000 - 0x00007ffd11be6000 	C:\Program Files\Microsoft\jdk-17.0.16.8-hotspot\bin\java.dll
0x00007ffd0d090000 - 0x00007ffd0d166000 	C:\Program Files\Microsoft\jdk-17.0.16.8-hotspot\bin\jsvml.dll
0x00007ffd211a0000 - 0x00007ffd21a3c000 	C:\WINDOWS\System32\SHELL32.dll
0x00007ffd1f380000 - 0x00007ffd1f4bf000 	C:\WINDOWS\System32\wintypes.dll
0x00007ffd1d280000 - 0x00007ffd1db9a000 	C:\WINDOWS\SYSTEM32\windows.storage.dll
0x00007ffd200d0000 - 0x00007ffd201d4000 	C:\WINDOWS\System32\SHCORE.dll
0x00007ffd221c0000 - 0x00007ffd22229000 	C:\WINDOWS\System32\shlwapi.dll
0x00007ffd1f2b0000 - 0x00007ffd1f2d5000 	C:\WINDOWS\SYSTEM32\profapi.dll
0x00007ffd0e060000 - 0x00007ffd0e078000 	C:\Program Files\Microsoft\jdk-17.0.16.8-hotspot\bin\zip.dll
0x00007ffd11c20000 - 0x00007ffd11c3b000 	C:\Program Files\Microsoft\jdk-17.0.16.8-hotspot\bin\net.dll
0x00007ffd1b0c0000 - 0x00007ffd1b1ec000 	C:\WINDOWS\SYSTEM32\WINHTTP.dll
0x00007ffd1e840000 - 0x00007ffd1e8a9000 	C:\WINDOWS\system32\mswsock.dll
0x00007ffd0fa40000 - 0x00007ffd0fa56000 	C:\Program Files\Microsoft\jdk-17.0.16.8-hotspot\bin\nio.dll
0x00007ffd14520000 - 0x00007ffd14530000 	C:\Program Files\Microsoft\jdk-17.0.16.8-hotspot\bin\verify.dll
0x00007ffd08620000 - 0x00007ffd08647000 	C:\Users\Likitha\.gradle\native\1def1411415f61bf3af743bc5b6707747c0891f09f0c88961ee8f79bc544acac\windows-amd64\native-platform.dll
0x00007ffd05fd0000 - 0x00007ffd06047000 	C:\Users\Likitha\.gradle\native\0.2.8\x86_64-windows-gnu\gradle-fileevents.dll
0x00007ffd1c390000 - 0x00007ffd1c39a000 	C:\Program Files\Microsoft\jdk-17.0.16.8-hotspot\bin\management.dll
0x00007ffd1b470000 - 0x00007ffd1b47c000 	C:\Program Files\Microsoft\jdk-17.0.16.8-hotspot\bin\management_ext.dll
0x00007ffd220a0000 - 0x00007ffd220a8000 	C:\WINDOWS\System32\PSAPI.DLL
0x00007ffd1de00000 - 0x00007ffd1de2d000 	C:\WINDOWS\SYSTEM32\IPHLPAPI.DLL
0x00007ffd20620000 - 0x00007ffd20629000 	C:\WINDOWS\System32\NSI.dll
0x00007ffd1af20000 - 0x00007ffd1af39000 	C:\WINDOWS\SYSTEM32\dhcpcsvc6.DLL
0x00007ffd1aec0000 - 0x00007ffd1aedf000 	C:\WINDOWS\SYSTEM32\dhcpcsvc.DLL
0x00007ffd1de70000 - 0x00007ffd1df68000 	C:\WINDOWS\SYSTEM32\DNSAPI.dll
0x00007ffd11110000 - 0x00007ffd11119000 	C:\Program Files\Microsoft\jdk-17.0.16.8-hotspot\bin\extnet.dll
0x00007ffd1ea90000 - 0x00007ffd1eaab000 	C:\WINDOWS\SYSTEM32\CRYPTSP.dll
0x00007ffd1e2c0000 - 0x00007ffd1e2f7000 	C:\WINDOWS\system32\rsaenh.dll
0x00007ffd1e930000 - 0x00007ffd1e958000 	C:\WINDOWS\SYSTEM32\USERENV.dll
0x00007ffd1eab0000 - 0x00007ffd1eabc000 	C:\WINDOWS\SYSTEM32\CRYPTBASE.dll
0x00007ffd0d080000 - 0x00007ffd0d08e000 	C:\Program Files\Microsoft\jdk-17.0.16.8-hotspot\bin\sunmscapi.dll
0x00007ffd1fc00000 - 0x00007ffd1fd68000 	C:\WINDOWS\System32\CRYPT32.dll
0x00007ffd1ec50000 - 0x00007ffd1ec7e000 	C:\WINDOWS\SYSTEM32\ncrypt.dll
0x00007ffd1ec10000 - 0x00007ffd1ec47000 	C:\WINDOWS\SYSTEM32\NTASN1.dll
0x00007ffcdc0d0000 - 0x00007ffcdc0d8000 	C:\WINDOWS\system32\wshunix.dll
0x00007ffd1e470000 - 0x00007ffd1e4a4000 	C:\WINDOWS\SYSTEM32\ntmarta.dll

dbghelp: loaded successfully - version: 4.0.5 - missing functions: none
symbol engine: initialized successfully - sym options: 0x614 - pdb path: .;C:\Program Files\Microsoft\jdk-17.0.16.8-hotspot\bin;C:\WINDOWS\SYSTEM32;C:\WINDOWS\WinSxS\amd64_microsoft.windows.common-controls_6595b64144ccf1df_6.0.22621.6060_none_2712eda17382d24b;C:\Program Files\Microsoft\jdk-17.0.16.8-hotspot\bin\server;C:\Users\Likitha\.gradle\native\1def1411415f61bf3af743bc5b6707747c0891f09f0c88961ee8f79bc544acac\windows-amd64;C:\Users\Likitha\.gradle\native\0.2.8\x86_64-windows-gnu

VM Arguments:
jvm_args: --add-opens=java.base/java.lang=ALL-UNNAMED --add-opens=java.base/java.lang.invoke=ALL-UNNAMED --add-opens=java.base/java.util=ALL-UNNAMED --add-opens=java.prefs/java.util.prefs=ALL-UNNAMED --add-exports=jdk.compiler/com.sun.tools.javac.api=ALL-UNNAMED --add-exports=jdk.compiler/com.sun.tools.javac.util=ALL-UNNAMED --add-opens=java.base/java.util=ALL-UNNAMED --add-opens=java.prefs/java.util.prefs=ALL-UNNAMED --add-opens=java.base/java.nio.charset=ALL-UNNAMED --add-opens=java.base/java.net=ALL-UNNAMED --add-opens=java.base/java.util.concurrent=ALL-UNNAMED --add-opens=java.base/java.util.concurrent.atomic=ALL-UNNAMED --add-opens=java.xml/javax.xml.namespace=ALL-UNNAMED -XX:MaxMetaspaceSize=512m -Xmx2048m -Dfile.encoding=windows-1252 -Duser.country=US -Duser.language=en -Duser.variant -javaagent:C:\Users\Likitha\.gradle\wrapper\dists\gradle-9.0.0-bin\d6wjpkvcgsg3oed0qlfss3wgl\gradle-9.0.0\lib\agents\gradle-instrumentation-agent-9.0.0.jar 
java_command: org.gradle.launcher.daemon.bootstrap.GradleDaemon 9.0.0
java_class_path (initial): C:\Users\Likitha\.gradle\wrapper\dists\gradle-9.0.0-bin\d6wjpkvcgsg3oed0qlfss3wgl\gradle-9.0.0\lib\gradle-daemon-main-9.0.0.jar
Launcher Type: SUN_STANDARD

[Global flags]
     intx CICompilerCount                          = 3                                         {product} {ergonomic}
   size_t CompressedClassSpaceSize                 = 436207616                                 {product} {ergonomic}
     uint ConcGCThreads                            = 1                                         {product} {ergonomic}
     uint G1ConcRefinementThreads                  = 4                                         {product} {ergonomic}
   size_t G1HeapRegionSize                         = 1048576                                   {product} {ergonomic}
    uintx GCDrainStackTargetSize                   = 64                                        {product} {ergonomic}
   size_t InitialHeapSize                          = 167772160                                 {product} {ergonomic}
   size_t MarkStackSize                            = 4194304                                   {product} {ergonomic}
   size_t MaxHeapSize                              = 2147483648                                {product} {command line}
   size_t MaxMetaspaceSize                         = 536870912                                 {product} {command line}
   size_t MaxNewSize                               = 1287651328                                {product} {ergonomic}
   size_t MinHeapDeltaBytes                        = 1048576                                   {product} {ergonomic}
   size_t MinHeapSize                              = 8388608                                   {product} {ergonomic}
    uintx NonNMethodCodeHeapSize                   = 5832780                                {pd product} {ergonomic}
    uintx NonProfiledCodeHeapSize                  = 122912730                              {pd product} {ergonomic}
    uintx ProfiledCodeHeapSize                     = 122912730                              {pd product} {ergonomic}
    uintx ReservedCodeCacheSize                    = 251658240                              {pd product} {ergonomic}
     bool SegmentedCodeCache                       = true                                      {product} {ergonomic}
   size_t SoftMaxHeapSize                          = 2147483648                             {manageable} {ergonomic}
     bool UseCompressedClassPointers               = true                           {product lp64_product} {ergonomic}
     bool UseCompressedOops                        = true                           {product lp64_product} {ergonomic}
     bool UseG1GC                                  = true                                      {product} {ergonomic}
     bool UseLargePagesIndividualAllocation        = false                                  {pd product} {ergonomic}

Logging:
Log output configuration:
 #0: stdout all=warning uptime,level,tags
 #1: stderr all=off uptime,level,tags

Environment Variables:
JAVA_HOME=C:\Program Files\Microsoft\jdk-17.0.16.8-hotspot\
PATH=C:\Users\Likitha\Desktop\medicalll\hospital-frontend-app\node_modules\.bin;C:\Users\Likitha\Desktop\medicalll\hospital-frontend-app\node_modules\.bin;C:\Users\Likitha\Desktop\medicalll\node_modules\.bin;C:\Users\Likitha\Desktop\node_modules\.bin;C:\Users\Likitha\node_modules\.bin;C:\Users\node_modules\.bin;C:\node_modules\.bin;C:\Program Files\nodejs\node_modules\npm\node_modules\@npmcli\run-script\lib\node-gyp-bin;C:\Program Files\Microsoft\jdk-17.0.16.8-hotspot\bin;C:\WINDOWS\system32;C:\WINDOWS;C:\WINDOWS\System32\Wbem;C:\WINDOWS\System32\WindowsPowerShell\v1.0\;C:\WINDOWS\System32\OpenSSH\;C:\ProgramData\chocolatey\bin;C:\Program Files\nodejs\;C:\Program Files\Git\cmd;C:\Users\Likitha\AppData\Local\Android\Sdk\emulator;C:\Users\Likitha\AppData\Local\Microsoft\WindowsApps;C:\Users\Likitha\AppData\Roaming\npm;C:\Users\Likitha\AppData\Local\Android\Sdk\platform-tools;C:\Users\Likitha\AppData\Local\Programs\Microsoft VS Code\bin;C:\Users\Likitha\AppData\Local\GitHubDesktop\bin;
USERNAME=Likitha
LANG=en_US.UTF-8
OS=Windows_NT
PROCESSOR_IDENTIFIER=AMD64 Family 23 Model 24 Stepping 1, AuthenticAMD
TMP=C:\Users\Likitha\AppData\Local\Temp
TEMP=C:\Users\Likitha\AppData\Local\Temp



Periodic native trim disabled


---------------  S Y S T E M  ---------------

OS:
 Windows 11 , 64 bit Build 22621 (10.0.22621.5415)
OS uptime: 14 days 17:56 hours

CPU: total 4 (initial active 4) (4 cores per cpu, 2 threads per core) family 23 model 24 stepping 1 microcode 0x0, cx8, cmov, fxsr, ht, mmx, 3dnowpref, sse, sse2, sse3, ssse3, sse4a, sse4.1, sse4.2, popcnt, lzcnt, tsc, tscinvbit, avx, avx2, aes, clmul, bmi1, bmi2, adx, sha, fma, vzeroupper, clflush, clflushopt
Processor Information for the first 4 processors :
  Max Mhz: 2600, Current Mhz: 2600, Mhz Limit: 2600

Memory: 4k page, system-wide physical 10116M (275M free)
TotalPageFile size 28760M (AvailPageFile size 169M)
current process WorkingSet (physical memory assigned to process): 631M, peak: 693M
current process commit charge ("private bytes"): 791M, peak: 1210M

vm_info: OpenJDK 64-Bit Server VM (17.0.16+8-LTS) for windows-amd64 JRE (17.0.16+8-LTS), built on Jul 10 2025 00:24:24 by "MicrosoftCorporation" with unknown MS VC++:1944

END.
